0;0;0;0;land;false;unknown;0
1;211;173;183;land;false;desert;1
2;149;199;174;land;false;marsh;1
3;218;174;140;land;true;desert;1
4;246;199;185;land;true;marsh;1
5;147;137;252;land;true;mountain;1
6;185;174;241;land;false;mountain;1
7;153;227;143;land;false;mountain;1
8;155;192;224;land;false;mountain;1
9;236;248;190;land;false;mountain;1
10;152;173;221;land;true;mountain;1
11;224;132;154;land;false;plains;1
12;254;79;214;land;true;mountain;1
13;207;215;147;land;false;marsh;1
14;254;254;98;land;false;desert;1
15;102;238;191;land;false;marsh;1
16;219;240;94;land;true;marsh;1
17;236;123;212;land;false;mountain;1
18;211;131;234;land;false;mountain;1
19;207;204;197;land;false;marsh;1
20;176;223;151;land;false;mountain;1
21;236;198;121;land;false;marsh;1
22;109;240;223;land;false;marsh;1
23;148;157;233;land;false;desert;1
24;198;133;225;land;false;marsh;1
25;229;44;231;land;false;desert;1
26;154;238;224;land;false;desert;1
27;162;233;204;land;false;marsh;1
28;181;170;193;land;false;forest;1
29;119;205;189;land;true;marsh;1
30;190;208;182;land;false;marsh;1
31;158;229;151;land;true;marsh;1
32;126;241;241;land;true;marsh;1
33;253;51;249;land;false;desert;1
34;227;167;128;land;true;mountain;1
35;237;174;160;land;false;plains;1
36;226;108;232;land;false;jungle;1
37;236;235;152;land;false;desert;1
38;246;142;234;land;true;marsh;1
39;237;212;212;land;false;desert;1
40;143;246;125;land;false;jungle;1
41;161;177;193;land;false;desert;1
42;225;108;239;land;true;mountain;1
43;250;59;241;land;false;marsh;1
44;235;210;198;land;false;mountain;1
45;130;187;246;land;true;mountain;1
46;210;158;150;land;false;desert;1
47;111;241;206;land;true;marsh;1
48;29;232;241;land;true;mountain;1
49;242;204;127;land;false;desert;1
50;247;71;193;land;false;marsh;1
51;197;218;98;land;false;hills;1
52;247;248;24;land;true;mountain;1
53;182;204;126;land;false;desert;1
54;226;79;240;land;false;mountain;1
55;148;247;112;land;true;plains;1
56;221;236;88;land;false;mountain;1
57;118;191;207;land;false;mountain;1
58;246;214;219;land;true;mountain;1
59;235;226;144;land;false;desert;1
60;217;238;90;land;true;marsh;1
61;248;204;89;land;false;jungle;1
62;238;71;197;land;false;marsh;1
63;157;217;219;land;false;jungle;1
64;233;184;230;land;false;desert;1
65;196;239;164;land;false;desert;1
66;252;248;177;land;false;desert;1
67;221;236;60;land;false;mountain;1
68;176;233;157;land;true;mountain;1
69;118;229;250;land;false;desert;1
70;202;143;171;land;true;desert;1
71;197;166;195;land;false;desert;1
72;222;134;158;land;false;desert;1
73;163;240;228;land;true;forest;1
74;234;41;231;land;true;jungle;1
75;104;250;162;land;true;marsh;1
76;161;199;206;land;false;desert;1
77;192;228;117;land;false;hills;1
78;154;187;197;land;false;desert;1
79;151;139;254;land;false;mountain;1
80;102;218;187;land;false;desert;1
81;204;224;196;land;true;marsh;1
82;253;80;233;land;true;jungle;1
83;230;130;219;land;false;desert;1
84;237;191;205;land;false;desert;1
85;221;207;234;land;true;mountain;1
86;248;176;123;land;true;marsh;1
87;161;239;164;land;false;forest;1
88;162;246;187;land;false;mountain;1
89;184;238;165;land;false;urban;1
90;226;230;155;land;false;mountain;1
91;217;166;238;land;false;mountain;1
92;241;207;67;land;false;marsh;1
93;194;234;152;land;true;jungle;1
94;249;103;215;land;true;forest;1
95;206;117;224;land;false;mountain;1
96;241;230;237;land;true;mountain;1
97;201;231;178;land;true;desert;1
98;222;199;132;land;false;mountain;1
99;224;77;201;land;false;jungle;1
100;246;93;165;land;false;marsh;1
101;144;224;195;land;true;desert;1
102;242;87;199;land;true;marsh;1
103;208;201;155;land;false;mountain;1
104;202;253;119;land;false;marsh;1
105;94;187;224;land;true;mountain;1
106;207;253;241;land;false;forest;1
107;244;104;192;land;false;desert;1
108;234;164;167;land;false;mountain;1
109;207;119;182;land;false;marsh;1
110;221;128;197;land;true;jungle;1
111;219;172;114;land;false;mountain;1
112;114;217;185;land;false;desert;1
113;134;191;246;land;false;mountain;1
114;145;232;222;land;true;marsh;1
115;55;230;227;land;true;plains;1
116;204;167;139;land;true;mountain;1
117;216;191;246;land;false;marsh;1
118;175;216;194;land;false;marsh;1
119;247;214;238;land;false;marsh;1
120;94;178;250;land;false;mountain;1
121;105;183;229;land;true;marsh;1
122;197;171;145;land;false;forest;1
123;154;189;218;land;true;marsh;1
124;248;250;64;land;false;mountain;1
125;232;252;130;land;false;marsh;1
126;156;213;231;land;true;desert;1
127;244;212;130;land;true;plains;1
128;240;202;187;land;true;mountain;1
129;172;219;122;land;false;marsh;1
130;175;230;246;land;false;plains;1
131;213;176;244;land;false;desert;1
132;79;229;203;land;false;marsh;1
133;159;136;252;land;false;urban;1
134;195;215;171;land;true;marsh;1
135;63;237;209;land;true;marsh;1
136;219;250;166;land;false;mountain;1
137;254;188;154;land;false;marsh;1
138;121;235;216;land;false;hills;1
139;172;251;134;land;false;marsh;1
140;208;214;252;land;false;mountain;1
141;243;226;219;land;false;desert;1
142;119;157;244;land;false;mountain;1
143;229;170;133;land;false;mountain;1
144;214;209;204;land;true;marsh;1
145;252;121;141;land;false;mountain;1
146;186;231;117;land;false;marsh;1
147;159;231;223;land;true;desert;1
148;213;75;221;land;false;desert;1
149;247;246;201;land;false;desert;1
150;178;123;201;land;true;plains;1
151;190;194;215;land;false;desert;1
152;214;228;70;land;false;desert;1
153;158;220;132;land;false;jungle;1
154;94;170;239;land;false;mountain;1
155;221;243;119;land;false;plains;1
156;215;243;231;land;true;marsh;1
157;253;169;88;land;false;marsh;1
158;237;131;241;land;true;marsh;1
159;247;115;149;land;false;urban;1
160;241;230;167;land;false;desert;1
161;109;220;226;land;true;mountain;1
162;76;215;253;land;false;mountain;1
163;71;221;241;land;false;forest;1
164;208;108;188;land;true;marsh;1
165;199;139;202;land;false;mountain;1
166;246;208;90;land;true;marsh;1
167;199;183;122;land;true;marsh;1
168;167;220;192;land;false;marsh;1
169;246;108;183;land;true;jungle;1
170;91;244;201;land;true;mountain;1
171;131;205;248;land;false;forest;1
172;180;191;168;land;false;marsh;1
173;82;248;251;land;false;desert;1
174;213;153;149;land;true;mountain;1
175;169;142;240;land;false;jungle;1
176;202;181;170;land;false;desert;1
177;251;148;159;land;true;mountain;1
178;131;242;139;land;true;mountain;1
179;106;160;252;land;false;forest;1
180;140;131;251;land;false;plains;1
181;173;193;208;land;false;marsh;1
182;155;241;214;land;false;marsh;1
183;201;131;169;land;true;mountain;1
184;187;162;208;land;false;marsh;1
185;182;232;203;land;false;jungle;1
186;16;242;254;land;false;mountain;1
187;161;236;137;land;true;jungle;1
188;197;238;173;land;false;jungle;1
189;222;245;221;land;false;mountain;1
190;242;94;221;land;true;plains;1
191;126;135;243;land;true;mountain;1
192;223;242;75;land;false;desert;1
193;192;181;252;land;false;mountain;1
194;106;214;198;land;false;desert;1
195;173;248;202;land;false;desert;1
196;186;179;211;land;false;hills;1
197;182;146;222;land;false;jungle;1
198;231;141;226;land;false;urban;1
199;247;185;226;land;false;marsh;1
200;161;123;254;land;false;mountain;1
201;204;186;181;land;false;desert;1
202;192;207;239;land;false;marsh;1
203;241;157;241;land;false;mountain;1
204;116;151;254;land;true;marsh;1
205;205;216;198;land;true;marsh;1
206;151;199;157;land;true;jungle;1
207;164;253;98;land;false;marsh;1
208;166;109;254;land;true;marsh;1
209;76;221;230;land;true;plains;1
210;246;164;130;land;false;mountain;1
211;57;243;234;land;false;desert;1
212;224;144;198;land;true;marsh;1
213;80;243;225;land;true;plains;1
214;222;198;148;land;false;desert;1
215;139;201;175;land;false;desert;1
216;160;178;229;land;false;marsh;1
217;215;93;202;land;false;forest;1
218;134;243;144;land;false;mountain;1
219;175;218;132;land;false;marsh;1
220;250;206;107;land;true;mountain;1
221;220;53;235;land;false;plains;1
222;200;223;214;land;true;marsh;1
223;156;217;133;land;true;mountain;1
224;226;136;163;land;true;forest;1
225;142;209;173;land;false;jungle;1
226;238;202;79;land;false;mountain;1
227;172;254;253;land;false;marsh;1
228;155;237;183;land;false;marsh;1
229;245;106;246;land;false;marsh;1
230;96;185;252;land;false;desert;1
231;218;131;197;land;true;marsh;1
232;183;240;103;land;true;mountain;1
233;229;150;206;land;false;mountain;1
234;185;237;143;land;true;jungle;1
235;176;185;184;land;false;marsh;1
236;129;202;250;land;false;marsh;1
237;170;168;242;land;false;desert;1
238;162;254;225;land;false;desert;1
239;24;233;244;land;true;forest;1
240;198;200;223;land;true;mountain;1
241;219;254;79;land;false;hills;1
242;212;96;214;land;true;mountain;1
243;191;182;211;land;false;desert;1
244;217;229;121;land;false;desert;1
245;228;236;120;land;false;marsh;1
246;236;40;236;land;false;marsh;1
247;254;115;181;land;false;forest;1
248;203;122;204;land;false;mountain;1
249;119;195;209;land;true;plains;1
250;222;205;122;land;true;mountain;1
251;238;224;242;land;false;jungle;1
252;88;243;219;land;false;desert;1
253;213;237;132;land;true;mountain;1
254;87;249;190;land;true;mountain;1
255;235;179;163;land;true;marsh;1
256;213;204;187;land;false;marsh;1
257;211;85;232;land;false;desert;1
258;230;237;70;land;false;forest;1
259;138;178;236;land;true;marsh;1
260;153;253;186;land;true;marsh;1
261;137;180;245;land;true;jungle;1
262;219;133;192;land;true;mountain;1
263;130;205;167;land;false;desert;1
264;240;218;195;land;true;forest;1
265;43;216;242;land;false;marsh;1
266;245;195;98;land;false;marsh;1
267;211;206;157;land;false;marsh;1
268;228;188;149;land;false;marsh;1
269;111;220;192;land;false;marsh;1
270;116;242;146;land;false;desert;1
271;235;233;139;land;false;mountain;1
272;101;231;245;land;false;mountain;1
273;149;201;221;land;false;marsh;1
274;243;180;243;land;false;marsh;1
275;138;249;128;land;false;marsh;1
276;229;248;239;land;true;plains;1
277;216;222;109;land;true;jungle;1
278;227;191;204;land;false;forest;1
279;184;229;183;land;true;desert;1
280;137;233;178;land;false;desert;1
281;245;228;106;land;false;forest;1
282;235;249;219;land;false;forest;1
283;121;180;216;land;false;mountain;1
284;205;212;185;land;false;forest;1
285;224;169;113;land;true;mountain;1
286;252;249;86;land;false;mountain;1
287;81;239;245;land;false;marsh;1
288;199;148;228;land;true;marsh;1
289;220;192;178;land;false;mountain;1
290;169;222;245;land;false;marsh;1
291;228;144;168;land;false;plains;1
292;177;218;223;land;true;mountain;1
293;170;227;114;land;false;plains;1
294;103;204;252;land;true;marsh;1
295;144;190;226;land;false;desert;1
296;173;84;253;land;false;marsh;1
297;248;173;254;land;true;mountain;1
298;88;232;250;land;true;mountain;1
299;185;172;153;land;false;desert;1
300;213;105;190;land;false;desert;1
301;189;173;170;land;false;plains;1
302;232;69;216;land;true;marsh;1
303;181;149;172;land;true;marsh;1
304;45;244;244;land;false;marsh;1
305;142;254;108;land;true;marsh;1
306;254;62;246;land;true;marsh;1
307;240;102;176;land;false;mountain;1
308;145;128;238;land;false;forest;1
309;217;148;175;land;false;marsh;1
310;191;94;229;land;false;jungle;1
311;187;246;196;land;false;desert;1
312;146;200;206;land;true;mountain;1
313;164;238;226;land;false;desert;1
314;141;243;207;land;false;forest;1
315;189;198;212;land;false;mountain;1
316;206;223;248;land;false;jungle;1
317;64;222;234;land;false;marsh;1
318;253;240;169;land;false;marsh;1
319;217;180;123;land;false;desert;1
320;199;175;138;land;true;marsh;1
321;85;224;221;land;true;marsh;1
322;227;149;131;land;false;desert;1
323;91;235;203;land;true;marsh;1
324;240;196;173;land;true;mountain;1
325;249;220;225;land;true;desert;1
326;177;195;141;land;true;jungle;1
327;164;234;234;land;false;marsh;1
328;227;100;193;land;true;plains;1
329;170;248;94;land;false;marsh;1
330;219;207;94;land;false;mountain;1
331;197;170;171;land;true;marsh;1
332;229;38;248;land;false;mountain;1
333;152;153;222;land;false;desert;1
334;164;219;144;land;false;jungle;1
335;226;98;195;land;false;marsh;1
336;66;220;245;land;false;mountain;1
337;192;100;246;land;false;marsh;1
338;221;181;114;land;true;mountain;1
339;170;187;160;land;false;jungle;1
340;160;168;184;land;true;mountain;1
341;105;216;249;land;false;marsh;1
342;245;79;218;land;true;marsh;1
343;223;81;216;land;false;desert;1
344;103;208;201;land;true;desert;1
345;236;227;94;land;false;mountain;1
346;157;187;178;land;false;marsh;1
347;229;101;215;land;true;marsh;1
348;252;227;130;land;false;mountain;1
349;233;176;136;land;false;marsh;1
350;235;124;201;land;true;forest;1
351;209;185;117;land;false;hills;1
352;240;150;182;land;false;desert;1
353;172;150;240;land;true;jungle;1
354;123;233;239;land;false;mountain;1
355;253;210;45;land;true;mountain;1
356;106;168;252;land;true;mountain;1
357;197;185;210;land;false;marsh;1
358;175;246;156;land;true;mountain;1
359;228;240;177;land;true;marsh;1
360;120;208;191;land;true;marsh;1
361;208;184;210;land;false;desert;1
362;236;243;80;land;false;hills;1
363;103;179;251;land;false;marsh;1
364;219;81;242;land;false;marsh;1
365;200;194;185;land;false;desert;1
366;176;164;200;land;true;mountain;1
367;195;196;165;land;false;desert;1
368;118;205;190;land;false;plains;1
369;224;252;156;land;true;marsh;1
370;147;197;163;land;false;mountain;1
371;230;230;197;land;true;marsh;1
372;177;225;145;land;true;marsh;1
373;176;178;253;land;true;marsh;1
374;69;251;239;land;true;mountain;1
375;221;238;64;land;true;mountain;1
376;248;232;108;land;true;forest;1
377;217;254;193;land;false;marsh;1
378;202;140;180;land;false;forest;1
379;106;183;250;land;false;marsh;1
380;173;120;238;land;false;marsh;1
381;198;96;232;land;false;marsh;1
382;143;220;146;land;false;marsh;1
383;227;124;234;land;false;desert;1
384;163;125;227;land;false;forest;1
385;217;203;201;land;false;forest;1
386;248;103;251;land;false;desert;1
387;157;236;111;land;false;marsh;1
388;173;237;149;land;false;desert;1
389;234;70;252;land;true;marsh;1
390;234;202;219;land;false;mountain;1
391;83;226;230;land;false;plains;1
392;188;214;239;land;false;desert;1
393;210;173;246;land;false;marsh;1
394;143;247;114;land;false;jungle;1
395;43;218;244;land;true;mountain;1
396;227;241;172;land;false;mountain;1
397;223;214;91;land;true;mountain;1
398;144;236;186;land;true;mountain;1
399;248;233;124;land;false;desert;1
400;239;128;200;land;false;marsh;1
401;146;119;242;land;true;marsh;1
402;155;197;211;land;true;marsh;1
403;247;218;188;land;false;desert;1
404;225;158;146;land;true;mountain;1
405;251;180;214;land;false;hills;1
406;180;254;79;land;false;mountain;1
407;223;144;151;land;false;mountain;1
408;190;186;233;land;false;forest;1
409;183;231;125;land;false;marsh;1
410;228;189;235;land;false;jungle;1
411;235;183;221;land;false;desert;1
412;133;156;236;land;true;marsh;1
413;253;224;173;land;false;desert;1
414;234;240;54;land;false;marsh;1
415;119;194;251;land;true;marsh;1
416;210;168;182;land;false;marsh;1
417;237;175;170;land;false;marsh;1
418;158;210;159;land;false;marsh;1
419;163;140;204;land;false;mountain;1
420;212;239;179;land;true;marsh;1
421;209;230;109;land;false;plains;1
422;176;151;239;land;false;mountain;1
423;177;215;248;land;true;mountain;1
424;158;198;150;land;false;marsh;1
425;226;187;113;land;true;marsh;1
426;105;222;199;land;false;forest;1
427;177;214;145;land;false;jungle;1
428;198;139;233;land;false;marsh;1
429;140;199;209;land;true;mountain;1
430;192;114;225;land;false;mountain;1
431;203;228;121;land;false;marsh;1
432;60;230;230;land;true;marsh;1
433;214;183;239;land;false;marsh;1
434;230;123;244;land;false;marsh;1
435;242;156;212;land;false;desert;1
436;107;206;188;land;false;jungle;1
437;237;238;94;land;true;desert;1
438;125;252;246;land;false;mountain;1
439;208;249;155;land;true;marsh;1
440;209;221;172;land;true;mountain;1
441;206;178;141;land;true;marsh;1
442;175;242;254;land;true;mountain;1
443;142;194;210;land;false;desert;1
444;58;241;205;land;false;mountain;1
445;243;68;239;land;false;desert;1
446;169;240;113;land;true;marsh;1
447;192;152;250;land;false;desert;1
448;190;215;112;land;false;marsh;1
449;146;242;118;land;true;marsh;1
450;191;132;248;land;false;marsh;1
451;235;194;201;land;false;desert;1
452;196;243;211;land;true;desert;1
453;122;218;246;land;false;marsh;1
454;127;219;195;land;false;marsh;1
455;191;200;182;land;false;mountain;1
456;243;237;86;land;false;desert;1
457;226;247;210;land;false;mountain;1
458;237;148;236;land;false;desert;1
459;210;213;230;land;false;desert;1
460;252;233;84;land;true;marsh;1
461;244;231;212;land;true;marsh;1
462;225;54;234;land;true;plains;1
463;177;238;136;land;false;marsh;1
464;235;178;229;land;true;desert;1
465;217;111;223;land;false;mountain;1
466;215;181;115;land;false;desert;1
467;119;201;225;land;false;desert;1
468;197;239;76;land;true;marsh;1
469;251;222;220;land;true;marsh;1
470;211;254;134;land;true;mountain;1
471;239;236;129;land;false;marsh;1
472;196;181;204;land;true;mountain;1
473;238;174;93;land;false;plains;1
474;183;237;250;land;false;forest;1
475;211;143;180;land;false;marsh;1
476;204;162;155;land;false;marsh;1
477;200;202;176;land;true;forest;1
478;244;182;172;land;false;desert;1
479;240;97;206;land;false;mountain;1
480;221;202;139;land;false;mountain;1
481;165;235;208;land;false;plains;1
482;141;153;222;land;true;marsh;1
483;249;16;248;land;true;marsh;1
484;235;245;206;land;true;marsh;1
485;164;236;140;land;true;marsh;1
486;240;196;219;land;false;marsh;1
487;175;245;111;land;false;marsh;1
488;229;148;181;land;false;jungle;1
489;170;164;195;land;false;marsh;1
490;165;246;231;land;false;desert;1
491;160;218;162;land;false;mountain;1
492;77;233;254;land;false;urban;1
493;188;164;234;land;false;desert;1
494;144;245;205;land;true;mountain;1
495;132;178;196;land;false;marsh;1
496;213;253;44;land;false;mountain;1
497;223;213;233;land;false;forest;1
498;149;247;142;land;false;marsh;1
499;237;119;157;land;false;mountain;1
500;216;254;171;land;false;mountain;1
501;189;127;227;land;true;plains;1
502;242;174;111;land;true;mountain;1
503;200;175;162;land;false;mountain;1
504;243;138;138;land;false;marsh;1
505;169;178;172;land;false;forest;1
506;193;215;254;land;false;jungle;1
507;70;251;194;land;false;marsh;1
508;227;135;247;land;true;marsh;1
509;140;212;205;land;true;marsh;1
510;100;163;248;land;false;desert;1
511;184;210;145;land;true;mountain;1
512;137;186;252;land;true;mountain;1
513;114;214;242;land;false;jungle;1
514;202;241;98;land;false;desert;1
515;244;226;224;land;false;jungle;1
516;206;184;237;land;true;mountain;1
517;165;250;146;land;true;marsh;1
518;222;202;201;land;false;mountain;1
519;182;111;214;land;false;jungle;1
520;214;76;237;land;false;desert;1
521;197;144;190;land;false;marsh;1
522;231;194;83;land;false;desert;1
523;172;142;207;land;true;jungle;1
524;252;204;228;land;false;marsh;1
525;120;223;224;land;true;plains;1
526;181;229;206;land;false;desert;1
527;175;247;238;land;true;marsh;1
528;251;34;224;land;true;plains;1
529;127;223;250;land;true;marsh;1
530;122;253;182;land;false;desert;1
531;104;246;168;land;false;desert;1
532;198;199;157;land;true;mountain;1
533;172;199;180;land;false;mountain;1
534;187;196;230;land;false;plains;1
535;138;253;146;land;true;jungle;1
536;218;246;172;land;false;marsh;1
537;236;101;175;land;false;marsh;1
538;215;232;184;land;false;desert;1
539;103;168;243;land;false;marsh;1
540;242;181;134;land;false;desert;1
541;225;115;214;land;true;jungle;1
542;164;186;239;land;false;marsh;1
543;251;153;148;land;false;forest;1
544;237;213;191;land;true;marsh;1
545;142;225;168;land;false;mountain;1
546;242;159;253;land;true;marsh;1
547;74;233;224;land;true;marsh;1
548;248;224;183;land;false;desert;1
549;240;234;224;land;true;marsh;1
550;227;195;83;land;false;mountain;1
551;229;238;77;land;true;forest;1
552;194;207;106;land;false;urban;1
553;59;246;201;land;false;mountain;1
554;250;174;144;land;false;marsh;1
555;191;222;90;land;true;marsh;1
556;96;216;245;land;true;mountain;1
557;236;90;250;land;false;mountain;1
558;247;128;242;land;false;forest;1
559;226;193;233;land;true;mountain;1
560;251;175;102;land;true;marsh;1
561;218;240;99;land;false;jungle;1
562;242;58;245;land;true;marsh;1
563;248;149;174;land;false;mountain;1
564;169;224;179;land;false;desert;1
565;82;215;212;land;false;marsh;1
566;174;87;253;land;true;plains;1
567;245;217;187;land;false;forest;1
568;252;244;178;land;false;jungle;1
569;204;137;199;land;true;marsh;1
570;162;233;130;land;false;desert;1
571;130;251;201;land;false;desert;1
572;215;107;237;land;false;desert;1
573;167;101;245;land;false;jungle;1
574;192;94;250;land;true;mountain;1
575;170;214;208;land;true;mountain;1
576;242;175;104;land;true;jungle;1
577;251;81;245;land;true;mountain;1
578;160;245;204;land;true;marsh;1
579;249;238;227;land;false;marsh;1
580;182;106;224;land;true;marsh;1
581;114;254;206;land;false;mountain;1
582;249;251;201;land;true;mountain;1
583;127;233;212;land;false;desert;1
584;119;233;160;land;false;mountain;1
585;254;189;93;land;true;marsh;1
586;200;193;182;land;false;marsh;1
587;180;234;113;land;false;hills;1
588;181;230;207;land;false;marsh;1
589;111;228;247;land;false;mountain;1
590;152;180;171;land;true;mountain;1
591;151;221;171;land;false;desert;1
592;197;134;199;land;false;mountain;1
593;201;191;125;land;false;jungle;1
594;11;242;252;land;false;jungle;1
595;136;204;170;land;false;marsh;1
596;176;224;191;land;true;marsh;1
597;212;209;221;land;false;marsh;1
598;169;191;235;land;false;marsh;1
599;246;172;198;land;true;marsh;1
600;196;216;197;land;true;mountain;1
601;186;253;161;land;false;jungle;1
602;212;208;117;land;false;hills;1
603;105;221;195;land;false;forest;1
604;149;242;161;land;false;mountain;1
605;173;169;233;land;true;marsh;1
606;188;120;231;land;false;desert;1
607;185;241;132;land;true;marsh;1
608;248;29;224;land;true;marsh;1
609;159;124;235;land;true;jungle;1
610;157;99;247;land;true;mountain;1
611;98;228;201;land;false;marsh;1
612;204;182;221;land;false;desert;1
613;238;103;238;land;false;desert;1
614;241;163;218;land;true;mountain;1
615;231;155;236;land;false;plains;1
616;81;226;210;land;false;mountain;1
617;87;224;249;land;true;desert;1
618;185;202;198;land;false;desert;1
619;241;216;189;land;true;marsh;1
620;224;92;231;land;false;desert;1
621;181;115;226;land;false;marsh;1
622;226;105;221;land;false;desert;1
623;225;243;51;land;true;forest;1
624;227;154;173;land;false;marsh;1
625;250;109;214;land;false;mountain;1
626;182;187;145;land;true;mountain;1
627;189;92;238;land;false;marsh;1
628;239;136;211;land;false;marsh;1
629;206;196;145;land;false;marsh;1
630;204;237;128;land;false;desert;1
631;120;165;251;land;false;jungle;1
632;126;200;177;land;false;desert;1
633;90;235;204;land;false;marsh;1
634;245;28;239;land;true;mountain;1
635;238;244;30;land;false;forest;1
636;190;245;107;land;true;forest;1
637;242;214;86;land;false;desert;1
638;215;120;182;land;false;marsh;1
639;149;231;131;land;false;jungle;1
640;92;251;218;land;true;mountain;1
641;154;192;253;land;false;desert;1
642;250;95;239;land;false;desert;1
643;214;179;236;land;false;desert;1
644;216;225;105;land;true;marsh;1
645;189;213;115;land;false;jungle;1
646;213;196;130;land;false;urban;1
647;225;213;238;land;false;forest;1
648;213;251;65;land;false;marsh;1
649;174;211;141;land;false;marsh;1
650;250;222;148;land;true;forest;1
651;229;201;80;land;false;desert;1
652;167;159;250;land;true;mountain;1
653;123;197;228;land;false;desert;1
654;151;254;113;land;false;mountain;1
655;226;193;184;land;false;marsh;1
656;52;222;229;land;true;mountain;1
657;232;158;120;land;false;marsh;1
658;226;97;205;land;false;desert;1
659;221;178;167;land;false;desert;1
660;150;166;227;land;true;marsh;1
661;254;84;178;land;false;marsh;1
662;221;205;79;land;false;urban;1
663;207;158;137;land;true;mountain;1
664;233;108;238;land;true;marsh;1
665;161;144;211;land;false;forest;1
666;77;247;232;land;true;marsh;1
667;243;151;230;land;false;marsh;1
668;198;167;243;land;true;marsh;1
669;242;108;177;land;false;forest;1
670;236;210;227;land;false;hills;1
671;246;154;185;land;false;marsh;1
672;234;166;104;land;false;marsh;1
673;210;193;242;land;true;marsh;1
674;206;235;175;land;false;mountain;1
675;191;254;63;land;false;mountain;1
676;254;223;213;land;true;marsh;1
677;191;247;165;land;false;desert;1
678;95;218;232;land;false;marsh;1
679;250;220;174;land;true;marsh;1
680;246;252;36;land;false;plains;1
681;128;171;212;land;false;desert;1
682;226;198;89;land;false;marsh;1
683;205;238;133;land;true;marsh;1
684;243;247;115;land;true;jungle;1
685;236;125;175;land;false;plains;1
686;227;150;227;land;false;jungle;1
687;250;22;240;land;false;hills;1
688;96;252;231;land;false;marsh;1
689;245;189;147;land;false;desert;1
690;230;244;174;land;false;marsh;1
691;231;239;146;land;false;marsh;1
692;129;208;187;land;true;marsh;1
693;155;153;236;land;false;plains;1
694;246;145;157;land;true;marsh;1
695;235;155;231;land;false;marsh;1
696;132;236;222;land;true;plains;1
697;208;209;198;land;false;mountain;1
698;88;201;215;land;false;mountain;1
699;223;175;204;land;true;marsh;1
700;189;75;252;land;false;marsh;1
701;204;202;99;land;false;desert;1
702;148;224;177;land;false;hills;1
703;171;243;168;land;false;hills;1
704;64;196;247;land;false;desert;1
705;168;158;191;land;true;mountain;1
706;251;175;157;land;false;desert;1
707;165;161;217;land;true;plains;1
708;158;216;135;land;false;desert;1
709;206;170;252;land;false;desert;1
710;214;210;151;land;false;marsh;1
711;226;169;142;land;true;mountain;1
712;251;180;120;land;true;forest;1
713;89;225;213;land;false;desert;1
714;184;203;163;land;false;marsh;1
715;234;186;109;land;true;marsh;1
716;165;114;249;land;false;plains;1
717;137;249;168;land;false;mountain;1
718;124;218;251;land;true;mountain;1
719;253;167;180;land;false;mountain;1
720;115;228;241;land;false;jungle;1
721;223;249;96;land;true;mountain;1
722;149;170;221;land;false;marsh;1
723;148;232;150;land;false;marsh;1
724;197;211;164;land;false;forest;1
725;239;207;79;land;true;marsh;1
726;240;213;189;land;false;marsh;1
727;70;250;228;land;true;marsh;1
728;138;157;242;land;true;mountain;1
729;235;229;223;land;false;desert;1
730;183;82;248;land;false;plains;1
731;168;233;227;land;false;desert;1
732;198;162;241;land;false;desert;1
733;204;234;151;land;false;desert;1
734;125;199;246;land;false;plains;1
735;204;224;237;land;false;desert;1
736;136;159;247;land;true;marsh;1
737;254;223;78;land;false;marsh;1
738;146;221;193;land;false;desert;1
739;233;247;94;land;false;desert;1
740;212;104;214;land;false;desert;1
741;129;243;202;land;true;plains;1
742;95;207;251;land;false;desert;1
743;104;208;216;land;false;forest;1
744;251;221;221;land;true;jungle;1
745;75;244;218;land;false;plains;1
746;252;77;224;land;false;mountain;1
747;216;96;195;land;false;desert;1
748;216;199;229;land;true;marsh;1
749;169;204;202;land;true;marsh;1
750;182;175;197;land;false;mountain;1
751;245;211;240;land;false;marsh;1
752;245;218;94;land;false;jungle;1
753;195;197;242;land;false;jungle;1
754;103;218;231;land;false;mountain;1
755;194;173;148;land;true;jungle;1
756;252;112;163;land;true;marsh;1
757;188;99;250;land;true;plains;1
758;197;215;136;land;true;plains;1
759;117;154;249;land;false;desert;1
760;196;213;218;land;false;forest;1
761;247;181;216;land;false;mountain;1
762;169;244;156;land;false;marsh;1
763;193;227;180;land;true;marsh;1
764;236;234;217;land;false;mountain;1
765;222;110;172;land;true;marsh;1
766;153;179;219;land;false;marsh;1
767;185;199;222;land;false;desert;1
768;154;246;102;land;false;desert;1
769;199;219;98;land;true;mountain;1
770;217;79;237;land;true;marsh;1
771;232;214;222;land;true;jungle;1
772;254;76;194;land;false;mountain;1
773;243;218;69;land;true;desert;1
774;183;230;151;land;true;desert;1
775;242;154;243;land;false;marsh;1
776;242;251;88;land;false;marsh;1
777;238;185;178;land;false;desert;1
778;172;117;241;land;false;marsh;1
779;193;76;253;land;false;desert;1
780;215;246;75;land;false;marsh;1
781;199;228;79;land;true;marsh;1
782;208;136;185;land;false;marsh;1
783;186;230;168;land;true;mountain;1
784;250;180;133;land;true;marsh;1
785;166;237;228;land;true;mountain;1
786;186;119;230;land;false;desert;1
787;155;214;201;land;true;forest;1
788;221;187;161;land;false;marsh;1
789;124;238;170;land;false;forest;1
790;238;186;239;land;false;desert;1
791;230;175;103;land;false;jungle;1
792;225;149;232;land;false;marsh;1
793;237;225;140;land;true;mountain;1
794;243;198;105;land;false;desert;1
795;159;219;163;land;true;mountain;1
796;186;174;224;land;false;jungle;1
797;93;239;186;land;true;mountain;1
798;167;187;182;land;false;mountain;1
799;245;107;222;land;false;jungle;1
800;254;205;179;land;false;marsh;1
801;165;219;201;land;false;plains;1
802;135;207;215;land;false;marsh;1
803;179;206;132;land;true;forest;1
804;254;223;145;land;false;desert;1
805;194;197;245;land;true;forest;1
806;220;212;206;land;true;mountain;1
807;241;130;202;land;false;desert;1
808;189;148;169;land;false;marsh;1
809;210;117;188;land;false;plains;1
810;206;166;143;land;false;marsh;1
811;191;110;252;land;true;marsh;1
812;214;106;210;land;false;marsh;1
813;105;215;196;land;false;plains;1
814;198;176;242;land;true;marsh;1
815;227;186;181;land;false;mountain;1
816;36;243;254;land;true;marsh;1
817;215;189;204;land;true;marsh;1
818;250;184;96;land;false;marsh;1
819;231;193;246;land;true;desert;1
820;202;144;159;land;true;marsh;1
821;106;246;247;land;false;jungle;1
822;151;225;130;land;true;jungle;1
823;101;154;247;land;true;mountain;1
824;202;193;245;land;false;desert;1
825;167;227;231;land;true;mountain;1
826;223;124;235;land;false;marsh;1
827;134;177;211;land;false;marsh;1
828;90;205;234;land;false;marsh;1
829;210;223;116;land;false;marsh;1
830;226;161;194;land;true;forest;1
831;197;240;178;land;true;forest;1
832;158;217;164;land;true;marsh;1
833;176;199;192;land;false;desert;1
834;126;178;197;land;false;marsh;1
835;234;202;173;land;true;marsh;1
836;240;163;187;land;true;mountain;1
837;126;233;245;land;false;mountain;1
838;213;208;221;land;true;marsh;1
839;130;232;218;land;false;marsh;1
840;179;168;199;land;false;marsh;1
841;240;52;248;land;true;mountain;1
842;184;133;193;land;false;marsh;1
843;228;144;189;land;true;mountain;1
844;180;195;133;land;true;plains;1
845;189;189;244;land;false;plains;1
846;198;233;73;land;true;jungle;1
847;228;128;176;land;false;desert;1
848;179;218;239;land;false;mountain;1
849;222;75;217;land;false;marsh;1
850;198;219;111;land;false;jungle;1
851;133;244;133;land;false;marsh;1
852;53;220;230;land;true;marsh;1
853;253;186;169;land;false;marsh;1
854;215;199;181;land;false;jungle;1
855;185;237;249;land;true;marsh;1
856;253;146;215;land;false;plains;1
857;236;113;167;land;false;desert;1
858;232;144;130;land;true;mountain;1
859;229;218;162;land;true;jungle;1
860;249;231;98;land;true;mountain;1
861;165;224;136;land;false;mountain;1
862;185;209;137;land;true;marsh;1
863;211;210;137;land;true;mountain;1
864;249;202;80;land;false;desert;1
865;92;233;238;land;true;marsh;1
866;237;167;161;land;false;marsh;1
867;253;203;72;land;true;marsh;1
868;251;176;84;land;true;mountain;1
869;73;239;236;land;true;forest;1
870;232;133;237;land;false;desert;1
871;215;131;180;land;false;marsh;1
872;237;215;100;land;true;marsh;1
873;182;215;215;land;true;marsh;1
874;206;168;250;land;false;marsh;1
875;226;174;170;land;false;desert;1
876;239;204;225;land;true;mountain;1
877;251;165;154;land;true;marsh;1
878;133;191;231;land;false;plains;1
879;225;240;180;land;true;marsh;1
880;74;253;199;land;false;jungle;1
881;195;234;181;land;false;mountain;1
882;167;231;115;land;false;mountain;1
883;177;142;197;land;true;marsh;1
884;210;176;191;land;false;forest;1
885;133;249;203;land;true;desert;1
886;242;114;218;land;false;mountain;1
887;253;163;205;land;true;marsh;1
888;242;123;215;land;false;mountain;1
889;252;128;157;land;false;forest;1
890;229;87;213;land;true;mountain;1
891;73;242;238;land;false;plains;1
892;183;171;247;land;true;marsh;1
893;180;243;222;land;true;jungle;1
894;214;183;170;land;true;marsh;1
895;247;187;235;land;true;marsh;1
896;117;149;248;land;false;plains;1
897;236;215;51;land;false;mountain;1
898;79;219;224;land;true;marsh;1
899;41;240;229;land;true;marsh;1
900;220;140;248;land;true;marsh;1
901;153;205;155;land;false;marsh;1
902;230;165;194;land;false;desert;1
903;195;171;149;land;false;forest;1
904;126;252;128;land;false;marsh;1
905;224;238;222;land;false;forest;1
906;132;160;242;land;true;marsh;1
907;189;223;230;land;true;marsh;1
908;249;115;236;land;true;mountain;1
909;136;233;180;land;false;jungle;1
910;226;210;133;land;false;marsh;1
911;203;247;63;land;false;plains;1
912;140;250;215;land;false;mountain;1
913;221;198;120;land;false;desert;1
914;225;249;138;land;false;marsh;1
915;249;116;204;land;false;forest;1
916;131;231;178;land;false;marsh;1
917;209;137;230;land;true;marsh;1
918;167;218;212;land;true;marsh;1
919;219;171;192;land;false;mountain;1
920;152;216;142;land;true;desert;1
921;215;242;184;land;false;mountain;1
922;247;217;39;land;false;marsh;1
923;149;226;207;land;false;jungle;1
924;84;254;186;land;false;desert;1
925;107;223;207;land;true;marsh;1
926;231;176;241;land;true;jungle;1
927;112;188;249;land;true;jungle;1
928;221;180;194;land;true;mountain;1
929;211;146;210;land;true;mountain;1
930;204;123;235;land;false;urban;1
931;243;240;82;land;false;forest;1
932;251;244;162;land;false;mountain;1
933;150;234;142;land;false;marsh;1
934;150;125;239;land;true;marsh;1
935;254;235;201;land;false;marsh;1
936;153;147;205;land;false;mountain;1
937;224;209;68;land;true;desert;1
938;218;251;63;land;false;marsh;1
939;220;203;136;land;true;jungle;1
940;157;207;244;land;false;desert;1
941;233;172;207;land;true;marsh;1
942;249;216;224;land;true;mountain;1
943;150;246;241;land;true;jungle;1
944;253;249;183;land;true;marsh;1
945;164;190;249;land;false;desert;1
946;25;230;249;land;true;mountain;1
947;214;241;148;land;true;mountain;1
948;105;219;244;land;false;mountain;1
949;114;235;209;land;true;jungle;1
950;170;205;148;land;false;marsh;1
951;233;139;228;land;false;mountain;1
952;217;241;182;land;false;marsh;1
953;237;219;252;land;false;marsh;1
954;203;130;192;land;false;plains;1
955;213;203;99;land;false;marsh;1
956;205;84;252;land;false;hills;1
957;189;152;203;land;true;mountain;1
958;79;198;254;land;false;mountain;1
959;206;222;209;land;false;jungle;1
960;207;159;213;land;false;marsh;1
961;248;205;198;land;true;marsh;1
962;75;220;252;land;true;forest;1
963;242;248;168;land;false;marsh;1
964;253;239;179;land;false;desert;1
965;208;197;207;land;false;desert;1
966;144;199;223;land;false;desert;1
967;245;167;103;land;false;jungle;1
968;240;193;150;land;true;marsh;1
969;139;211;163;land;false;jungle;1
970;214;137;215;land;false;desert;1
971;133;249;253;land;false;mountain;1
972;95;248;173;land;true;mountain;1
973;112;218;245;land;false;desert;1
974;123;253;191;land;false;jungle;1
975;214;235;141;land;true;mountain;1
976;141;201;187;land;false;marsh;1
977;176;156;219;land;false;marsh;1
978;124;242;181;land;true;mountain;1
979;238;134;176;land;true;mountain;1
980;236;184;128;land;false;forest;1
981;219;137;167;land;false;mountain;1
982;202;123;181;land;false;marsh;1
983;232;64;233;land;true;marsh;1
984;160;142;239;land;false;marsh;1
985;234;86;192;land;true;desert;1
986;225;243;138;land;false;plains;1
987;127;167;213;land;true;marsh;1
988;244;145;228;land;false;urban;1
989;199;186;190;land;false;mountain;1
990;240;105;176;land;false;marsh;1
991;242;206;172;land;false;desert;1
992;228;210;226;land;false;marsh;1
993;254;236;123;land;true;mountain;1
994;190;211;121;land;false;desert;1
995;170;230;244;land;false;marsh;1
996;141;241;195;land;false;desert;1
997;228;188;134;land;false;marsh;1
998;225;200;222;land;true;plains;1
999;223;200;245;land;false;desert;1
1000;199;151;187;land;false;plains;1
1001;211;188;163;land;true;mountain;1
1002;158;223;159;land;true;jungle;1
1003;165;173;220;land;false;desert;1
1004;214;218;219;land;false;desert;1
1005;244;220;236;land;false;plains;1
1006;128;252;188;land;true;desert;1
1007;120;186;217;land;true;mountain;1
1008;210;218;119;land;true;desert;1
1009;233;52;249;land;false;mountain;1
1010;60;250;204;land;true;mountain;1
1011;202;228;73;land;false;marsh;1
1012;182;158;244;land;false;desert;1
1013;232;192;183;land;true;mountain;1
1014;251;81;202;land;true;forest;1
1015;194;216;116;land;false;desert;1
1016;27;232;252;land;false;desert;1
1017;152;191;243;land;true;mountain;1
1018;253;188;95;land;true;marsh;1
1019;117;223;161;land;false;mountain;1
1020;185;230;213;land;false;mountain;1
1021;212;151;243;land;false;plains;1
1022;237;235;241;land;false;desert;1
1023;214;224;111;land;false;marsh;1
1024;225;250;119;land;true;mountain;1
1025;221;103;185;land;false;mountain;1
1026;248;248;193;land;false;jungle;1
1027;247;85;171;land;false;desert;1
1028;80;226;232;land;false;jungle;1
1029;213;187;146;land;false;marsh;1
1030;174;228;105;land;false;marsh;1
1031;234;19;248;land;false;desert;1
1032;205;188;254;land;false;forest;1
1033;147;236;228;land;false;marsh;1
1034;252;191;180;land;true;marsh;1
1035;221;198;198;land;false;marsh;1
1036;190;217;96;land;false;desert;1
1037;228;204;133;land;false;mountain;1
1038;251;36;249;land;false;mountain;1
1039;200;195;253;land;false;hills;1
1040;220;251;52;land;true;marsh;1
1041;85;200;224;land;true;mountain;1
1042;214;155;141;land;false;plains;1
1043;243;173;179;land;false;marsh;1
1044;142;239;151;land;false;desert;1
1045;232;189;211;land;false;desert;1
1046;160;182;179;land;true;forest;1
1047;171;166;233;land;false;marsh;1
1048;133;193;187;land;false;mountain;1
1049;249;197;137;land;true;desert;1
1050;150;179;185;land;false;desert;1
1051;252;160;117;land;true;forest;1
1052;217;202;82;land;true;marsh;1
1053;234;244;48;land;true;marsh;1
1054;244;124;195;land;false;marsh;1
1055;231;189;237;land;true;marsh;1
1056;249;64;207;land;false;marsh;1
1057;198;61;246;land;false;marsh;1
1058;185;201;162;land;true;marsh;1
1059;231;132;224;land;false;marsh;1
1060;163;141;234;land;true;forest;1
1061;166;228;184;land;false;mountain;1
1062;182;134;243;land;false;desert;1
1063;121;212;180;land;true;marsh;1
1064;202;216;87;land;false;marsh;1
1065;178;243;107;land;false;marsh;1
1066;207;251;149;land;false;marsh;1
1067;221;128;182;land;false;marsh;1
1068;208;224;224;land;false;marsh;1
1069;200;236;83;land;false;mountain;1
1070;124;222;170;land;false;desert;1
1071;211;128;214;land;true;jungle;1
1072;242;114;239;land;false;desert;1
1073;95;252;205;land;false;marsh;1
1074;195;252;114;land;false;marsh;1
1075;215;248;173;land;false;desert;1
1076;238;161;106;land;true;mountain;1
1077;133;212;204;land;false;marsh;1
1078;246;200;227;land;false;jungle;1
1079;190;247;126;land;false;marsh;1
1080;252;122;218;land;false;mountain;1
1081;237;94;251;land;false;mountain;1
1082;175;237;226;land;true;desert;1
1083;242;235;151;land;false;desert;1
1084;148;160;204;land;true;jungle;1
1085;219;221;143;land;false;mountain;1
1086;130;152;235;land;true;marsh;1
1087;125;208;172;land;false;desert;1
1088;105;215;199;land;false;marsh;1
1089;160;153;247;land;false;marsh;1
1090;183;71;250;land;true;forest;1
1091;232;160;151;land;false;marsh;1
1092;224;220;180;land;false;mountain;1
1093;179;245;85;land;true;marsh;1
1094;187;149;198;land;true;marsh;1
1095;249;225;177;land;false;mountain;1
1096;168;200;218;land;true;marsh;1
1097;135;202;217;land;false;plains;1
1098;171;147;244;land;false;marsh;1
1099;136;144;245;land;false;marsh;1
1100;218;208;127;land;false;marsh;1
1101;164;190;245;land;true;marsh;1
1102;246;235;192;land;true;mountain;1
1103;120;222;234;land;true;desert;1
1104;128;215;175;land;false;marsh;1
1105;131;187;208;land;true;forest;1
1106;68;249;214;land;false;mountain;1
1107;67;248;233;land;false;desert;1
1108;229;220;120;land;false;marsh;1
1109;234;105;196;land;true;marsh;1
1110;213;223;184;land;false;marsh;1
1111;119;159;246;land;true;mountain;1
1112;131;221;163;land;true;marsh;1
1113;195;184;242;land;false;marsh;1
1114;73;210;230;land;false;desert;1
1115;163;242;140;land;false;plains;1
1116;101;186;227;land;true;desert;1
1117;245;99;216;land;false;plains;1
1118;161;240;196;land;false;mountain;1
1119;218;99;210;land;false;forest;1
1120;147;254;151;land;false;marsh;1
1121;166;218;200;land;false;desert;1
1122;119;237;215;land;true;plains;1
1123;169;250;220;land;true;mountain;1
1124;225;169;111;land;false;desert;1
1125;242;71;240;land;true;marsh;1
1126;213;184;153;land;false;forest;1
1127;213;152;186;land;true;marsh;1
1128;151;206;247;land;false;mountain;1
1129;169;240;162;land;false;marsh;1
1130;166;248;126;land;false;marsh;1
1131;210;93;214;land;false;desert;1
1132;244;189;181;land;true;marsh;1
1133;231;165;215;land;false;desert;1
1134;203;135;180;land;true;mountain;1
1135;179;173;158;land;true;desert;1
1136;221;143;148;land;true;mountain;1
1137;152;153;251;land;false;marsh;1
1138;249;232;158;land;true;desert;1
1139;171;131;203;land;false;jungle;1
1140;50;248;219;land;true;marsh;1
1141;219;210;211;land;false;marsh;1
1142;194;214;249;land;false;plains;1
1143;130;240;134;land;false;desert;1
1144;177;146;189;land;true;marsh;1
1145;203;211;248;land;false;desert;1
1146;198;181;140;land;false;desert;1
1147;185;183;148;land;false;desert;1
1148;252;224;194;land;true;mountain;1
1149;176;235;107;land;true;mountain;1
1150;133;224;197;land;false;marsh;1
1151;115;218;231;land;true;jungle;1
1152;144;192;235;land;false;desert;1
1153;172;201;162;land;false;plains;1
1154;186;220;182;land;true;desert;1
1155;141;207;161;land;true;marsh;1
1156;57;227;238;land;false;desert;1
1157;247;107;163;land;true;plains;1
1158;138;190;243;land;false;marsh;1
1159;215;209;84;land;false;marsh;1
1160;208;229;141;land;false;desert;1
1161;161;250;104;land;false;mountain;1
1162;225;223;118;land;false;mountain;1
1163;158;168;202;land;false;forest;1
1164;247;153;251;land;true;marsh;1
1165;248;114;216;land;true;marsh;1
1166;121;156;244;land;true;marsh;1
1167;234;152;170;land;true;marsh;1
1168;187;173;218;land;false;marsh;1
1169;236;122;245;land;false;hills;1
1170;206;211;223;land;false;desert;1
1171;208;182;134;land;false;marsh;1
1172;142;206;244;land;false;jungle;1
1173;207;193;242;land;true;mountain;1
1174;206;243;232;land;false;marsh;1
1175;153;141;217;land;true;mountain;1
1176;227;177;98;land;false;desert;1
1177;247;176;126;land;false;mountain;1
1178;124;189;242;land;false;plains;1
1179;46;242;235;land;false;mountain;1
1180;109;204;223;land;true;marsh;1
1181;213;89;205;land;false;desert;1
1182;155;193;190;land;false;mountain;1
1183;129;219;155;land;false;marsh;1
1184;232;200;214;land;true;mountain;1
1185;179;207;188;land;true;mountain;1
1186;248;187;229;land;false;urban;1
1187;242;218;81;land;false;marsh;1
1188;221;77;215;land;false;mountain;1
1189;209;159;242;land;true;mountain;1
1190;164;170;192;land;false;desert;1
1191;193;185;133;land;false;desert;1
1192;163;186;250;land;false;desert;1
1193;109;202;251;land;false;jungle;1
1194;104;187;218;land;false;desert;1
1195;212;249;202;land;false;jungle;1
1196;156;154;244;land;true;forest;1
1197;92;204;240;land;false;plains;1
1198;226;197;233;land;false;marsh;1
1199;104;241;232;land;true;marsh;1
1200;154;187;254;land;true;marsh;1
1201;94;192;242;land;false;mountain;1
1202;92;252;252;land;false;desert;1
1203;225;246;87;land;true;marsh;1
1204;201;186;242;land;false;marsh;1
1205;249;105;181;land;false;desert;1
1206;145;181;218;land;false;mountain;1
1207;239;128;254;land;false;plains;1
1208;239;234;42;land;true;desert;1
1209;248;107;207;land;false;marsh;1
1210;174;254;208;land;true;marsh;1
1211;179;93;254;land;true;jungle;1
1212;184;247;91;land;false;mountain;1
1213;193;97;246;land;false;hills;1
1214;189;214;105;land;false;marsh;1
1215;244;190;200;land;false;marsh;1
1216;220;232;55;land;false;marsh;1
1217;206;113;211;land;false;desert;1
1218;34;235;253;land;false;plains;1
1219;227;245;174;land;false;forest;1
1220;239;254;244;land;true;mountain;1
1221;161;195;236;land;true;forest;1
1222;200;110;204;land;true;mountain;1
1223;235;200;94;land;false;plains;1
1224;232;90;205;land;true;plains;1
1225;99;191;232;land;true;mountain;1
1226;219;133;169;land;false;mountain;1
1227;247;98;178;land;true;marsh;1
1228;225;127;222;land;false;marsh;1
1229;210;217;224;land;true;desert;1
1230;63;232;216;land;false;desert;1
1231;113;244;198;land;false;jungle;1
1232;235;204;136;land;false;mountain;1
1233;169;176;252;land;false;marsh;1
1234;247;94;162;land;true;plains;1
1235;193;252;183;land;false;desert;1
1236;244;158;191;land;false;mountain;1
1237;202;138;184;land;false;desert;1
1238;221;148;162;land;false;jungle;1
1239;252;201;216;land;false;mountain;1
1240;247;36;251;land;false;jungle;1
1241;218;165;246;land;true;marsh;1
1242;225;224;234;land;false;mountain;1
1243;107;241;156;land;false;forest;1
1244;194;189;123;land;false;desert;1
1245;247;89;232;land;true;urban;1
1246;223;240;235;land;true;plains;1
1247;241;154;172;land;true;marsh;1
1248;251;36;252;land;false;mountain;1
1249;90;212;205;land;false;plains;1
1250;211;218;196;land;false;mountain;1
1251;222;193;180;land;false;marsh;1
1252;145;236;153;land;false;marsh;1
1253;186;136;210;land;false;mountain;1
1254;228;238;58;land;true;plains;1
1255;144;137;228;land;false;desert;1
1256;182;195;126;land;false;desert;1
1257;76;245;192;land;true;marsh;1
1258;182;248;78;land;false;jungle;1
1259;253;128;215;land;false;desert;1
1260;185;215;150;land;true;marsh;1
1261;241;86;174;land;true;marsh;1
1262;250;87;219;land;false;marsh;1
1263;122;213;168;land;false;marsh;1
1264;102;195;204;land;false;mountain;1
1265;151;247;230;land;true;plains;1
1266;220;152;185;land;true;urban;1
1267;144;190;236;land;false;mountain;1
1268;223;252;32;land;false;marsh;1
1269;151;117;245;land;false;desert;1
1270;88;239;215;land;false;desert;1
1271;224;174;144;land;false;jungle;1
1272;212;170;121;land;false;forest;1
1273;108;235;238;land;false;forest;1
1274;96;226;217;land;false;desert;1
1275;142;205;169;land;false;desert;1
1276;226;163;227;land;false;desert;1
1277;195;178;158;land;false;urban;1
1278;158;223;247;land;true;desert;1
1279;129;173;248;land;false;desert;1
1280;205;215;119;land;true;mountain;1
1281;240;231;209;land;false;mountain;1
1282;133;174;226;land;false;desert;1
1283;134;216;207;land;true;marsh;1
1284;247;246;147;land;false;desert;1
1285;240;199;73;land;false;hills;1
1286;190;165;187;land;true;jungle;1
1287;250;36;237;land;false;mountain;1
1288;246;64;242;land;true;desert;1
1289;241;159;238;land;false;mountain;1
1290;170;213;221;land;false;mountain;1
1291;202;66;252;land;false;marsh;1
1292;159;200;154;land;false;desert;1
1293;186;226;156;land;false;desert;1
1294;166;191;161;land;false;marsh;1
1295;169;125;249;land;false;jungle;1
1296;216;113;246;land;true;marsh;1
1297;169;208;170;land;false;marsh;1
1298;126;207;221;land;false;marsh;1
1299;154;203;250;land;false;marsh;1
1300;178;149;239;land;false;mountain;1
1301;239;205;149;land;false;mountain;1
1302;56;241;228;land;true;marsh;1
1303;246;122;221;land;false;marsh;1
1304;238;93;170;land;false;desert;1
1305;239;72;224;land;true;marsh;1
1306;252;140;220;land;false;marsh;1
1307;64;241;241;land;false;mountain;1
1308;73;245;243;land;false;mountain;1
1309;232;131;219;land;false;marsh;1
1310;197;126;190;land;true;marsh;1
1311;129;239;204;land;true;mountain;1
1312;222;94;192;land;false;forest;1
1313;145;248;141;land;true;forest;1
1314;218;199;188;land;false;marsh;1
1315;193;135;182;land;false;mountain;1
1316;96;222;243;land;false;desert;1
1317;164;241;146;land;true;marsh;1
1318;205;124;186;land;false;marsh;1
1319;233;251;52;land;false;desert;1
1320;227;212;109;land;false;desert;1
1321;206;62;242;land;true;mountain;1
1322;227;107;231;land;true;marsh;1
1323;120;232;170;land;false;marsh;1
1324;230;217;228;land;false;jungle;1
1325;231;180;116;land;true;plains;1
1326;236;117;252;land;false;mountain;1
1327;222;181;181;land;false;desert;1
1328;239;243;204;land;false;forest;1
1329;137;187;220;land;true;mountain;1
1330;234;199;85;land;true;plains;1
1331;55;223;249;land;false;marsh;1
1332;253;151;141;land;true;plains;1
1333;238;111;216;land;true;marsh;1
1334;153;240;152;land;false;desert;1
1335;185;104;238;land;true;jungle;1
1336;198;253;81;land;true;desert;1
1337;154;119;251;land;false;marsh;1
1338;110;189;232;land;false;desert;1
1339;112;244;166;land;false;desert;1
1340;72;243;227;land;false;mountain;1
1341;249;160;123;land;false;marsh;1
1342;226;98;181;land;false;mountain;1
1343;169;170;202;land;true;marsh;1
1344;182;198;140;land;false;desert;1
1345;164;164;199;land;true;marsh;1
1346;212;183;169;land;false;mountain;1
1347;244;82;209;land;false;urban;1
1348;207;249;59;land;false;marsh;1
1349;199;167;213;land;false;marsh;1
1350;242;43;243;land;true;marsh;1
1351;158;180;189;land;false;desert;1
1352;160;165;183;land;false;mountain;1
1353;222;245;237;land;false;marsh;1
1354;219;184;139;land;false;jungle;1
1355;249;179;177;land;true;marsh;1
1356;247;187;94;land;true;mountain;1
1357;191;196;190;land;false;desert;1
1358;171;210;214;land;false;desert;1
1359;219;218;130;land;false;plains;1
1360;251;126;139;land;false;marsh;1
1361;249;184;213;land;false;urban;1
1362;136;223;167;land;false;desert;1
1363;219;205;205;land;false;plains;1
1364;118;186;227;land;false;jungle;1
1365;208;193;150;land;false;marsh;1
1366;254;227;137;land;true;jungle;1
1367;204;238;93;land;true;mountain;1
1368;174;201;199;land;true;marsh;1
1369;181;171;188;land;false;marsh;1
1370;193;222;201;land;true;mountain;1
1371;180;243;173;land;false;desert;1
1372;213;205;171;land;true;marsh;1
1373;228;112;165;land;false;marsh;1
1374;166;205;132;land;false;desert;1
1375;226;225;61;land;false;jungle;1
1376;227;154;144;land;false;marsh;1
1377;224;138;186;land;false;urban;1
1378;94;221;191;land;false;marsh;1
1379;165;239;140;land;false;marsh;1
1380;243;50;213;land;false;marsh;1
1381;135;203;211;land;false;mountain;1
1382;130;165;224;land;false;mountain;1
1383;85;199;249;land;true;forest;1
1384;162;160;229;land;false;desert;1
1385;221;245;214;land;true;forest;1
1386;165;245;163;land;true;marsh;1
1387;240;33;232;land;true;mountain;1
1388;202;221;172;land;true;marsh;1
1389;200;193;178;land;false;desert;1
1390;240;181;114;land;false;hills;1
1391;218;193;239;land;false;mountain;1
1392;204;180;230;land;false;marsh;1
1393;226;191;179;land;false;desert;1
1394;179;143;239;land;false;hills;1
1395;206;243;229;land;true;marsh;1
1396;201;208;244;land;false;marsh;1
1397;177;238;156;land;false;forest;1
1398;86;250;212;land;true;marsh;1
1399;253;169;98;land;false;desert;1
1400;145;164;199;land;false;forest;1
1401;231;249;33;land;true;marsh;1
1402;246;208;56;land;true;mountain;1
1403;68;225;236;land;false;plains;1
1404;208;172;223;land;false;marsh;1
1405;171;238;100;land;false;marsh;1
1406;89;248;233;land;false;jungle;1
1407;186;167;227;land;false;desert;1
1408;186;244;215;land;true;jungle;1
1409;233;248;240;land;true;jungle;1
1410;213;198;98;land;true;mountain;1
1411;232;174;236;land;true;marsh;1
1412;209;198;142;land;false;plains;1
1413;164;112;243;land;true;forest;1
1414;158;156;220;land;false;mountain;1
1415;210;116;236;land;true;mountain;1
1416;244;200;190;land;true;jungle;1
1417;221;211;147;land;false;desert;1
1418;242;182;230;land;false;marsh;1
1419;141;152;225;land;false;mountain;1
1420;215;198;251;land;false;plains;1
1421;242;245;174;land;false;marsh;1
1422;215;210;119;land;false;mountain;1
1423;244;250;215;land;false;marsh;1
1424;188;229;134;land;true;forest;1
1425;216;136;178;land;false;desert;1
1426;202;168;225;land;false;desert;1
1427;218;181;155;land;false;marsh;1
1428;243;225;222;land;false;jungle;1
1429;143;189;233;land;false;desert;1
1430;144;230;161;land;true;marsh;1
1431;224;205;72;land;false;marsh;1
1432;180;149;236;land;false;marsh;1
1433;223;89;203;land;false;marsh;1
1434;229;237;167;land;true;mountain;1
1435;197;200;130;land;false;jungle;1
1436;156;236;160;land;true;marsh;1
1437;209;198;151;land;true;desert;1
1438;131;183;204;land;false;plains;1
1439;72;230;199;land;true;plains;1
1440;193;121;243;land;false;plains;1
1441;188;231;217;land;false;jungle;1
1442;41;251;239;land;false;plains;1
1443;241;122;243;land;false;jungle;1
1444;225;248;46;land;false;marsh;1
1445;152;239;142;land;false;desert;1
1446;247;121;193;land;false;mountain;1
1447;225;248;249;land;true;mountain;1
1448;169;182;158;land;true;marsh;1
1449;239;244;44;land;true;marsh;1
1450;233;212;233;land;false;desert;1
1451;165;163;221;land;false;marsh;1
1452;196;208;165;land;false;mountain;1
1453;105;212;236;land;false;marsh;1
1454;168;163;212;land;true;marsh;1
1455;227;100;239;land;true;jungle;1
1456;166;230;136;land;true;marsh;1
1457;209;170;179;land;false;desert;1
1458;227;176;192;land;false;marsh;1
1459;207;248;122;land;false;desert;1
1460;251;48;254;land;false;mountain;1
1461;163;239;210;land;false;marsh;1
1462;252;96;236;land;false;mountain;1
1463;236;55;254;land;true;marsh;1
1464;214;194;226;land;true;marsh;1
1465;146;130;230;land;true;mountain;1
1466;194;103;244;land;false;desert;1
1467;232;172;125;land;true;mountain;1
1468;172;162;229;land;true;forest;1
1469;119;226;212;land;true;mountain;1
1470;210;201;108;land;false;marsh;1
1471;230;161;198;land;true;mountain;1
1472;199;228;107;land;true;mountain;1
1473;118;186;206;land;true;marsh;1
1474;242;162;204;land;false;marsh;1
1475;194;65;244;land;true;mountain;1
1476;248;152;183;land;false;marsh;1
1477;87;252;232;land;false;desert;1
1478;200;198;210;land;true;marsh;1
1479;208;175;123;land;false;marsh;1
1480;223;181;144;land;true;marsh;1
1481;163;235;160;land;false;desert;1
1482;225;187;166;land;false;marsh;1
1483;241;177;101;land;false;marsh;1
1484;232;253;146;land;false;desert;1
1485;242;172;135;land;false;marsh;1
1486;210;213;156;land;false;marsh;1
1487;184;242;131;land;true;marsh;1
1488;148;238;150;land;false;desert;1
1489;252;215;76;land;true;urban;1
1490;154;183;172;land;true;marsh;1
1491;213;222;125;land;true;mountain;1
1492;233;144;162;land;false;marsh;1
1493;252;174;110;land;true;marsh;1
1494;175;205;135;land;false;mountain;1
1495;254;71;242;land;false;marsh;1
1496;180;205;173;land;false;mountain;1
1497;254;68;183;land;true;marsh;1
1498;108;221;189;land;true;mountain;1
1499;163;239;135;land;false;mountain;1
1500;232;186;118;land;false;plains;1
1501;240;141;203;land;false;desert;1
1502;182;231;231;land;true;mountain;1
1503;154;190;214;land;false;mountain;1
1504;231;220;238;land;false;marsh;1
1505;176;180;225;land;false;marsh;1
1506;244;253;136;land;true;mountain;1
1507;213;190;138;land;false;urban;1
1508;213;134;206;land;false;desert;1
1509;237;153;203;land;true;plains;1
1510;177;234;108;land;true;mountain;1
1511;107;246;163;land;true;marsh;1
1512;200;102;238;land;false;marsh;1
1513;87;248;236;land;false;marsh;1
1514;242;205;175;land;false;mountain;1
1515;68;244;215;land;true;plains;1
1516;216;211;254;land;true;marsh;1
1517;253;199;136;land;true;marsh;1
1518;146;193;222;land;true;mountain;1
1519;159;150;206;land;false;jungle;1
1520;197;237;153;land;false;mountain;1
1521;229;199;120;land;true;marsh;1
1522;181;253;109;land;false;marsh;1
1523;250;231;150;land;true;mountain;1
1524;86;206;213;land;true;forest;1
1525;229;181;97;land;false;mountain;1
1526;145;239;168;land;true;marsh;1
1527;253;174;79;land;false;mountain;1
1528;253;252;122;land;false;mountain;1
1529;119;206;229;land;false;marsh;1
1530;228;146;195;land;true;marsh;1
1531;211;123;191;land;false;desert;1
1532;237;181;123;land;false;mountain;1
1533;189;93;243;land;true;marsh;1
1534;121;242;246;land;true;forest;1
1535;171;140;211;land;false;marsh;1
1536;172;213;200;land;true;marsh;1
1537;242;118;165;land;true;marsh;1
1538;97;185;224;land;false;hills;1
1539;115;169;246;land;true;marsh;1
1540;251;115;227;land;false;mountain;1
1541;233;163;175;land;false;marsh;1
1542;136;225;187;land;true;plains;1
1543;246;183;231;land;false;marsh;1
1544;207;196;143;land;true;forest;1
1545;154;250;173;land;true;marsh;1
1546;230;200;188;land;false;marsh;1
1547;245;110;192;land;false;marsh;1
1548;245;153;168;land;false;mountain;1
1549;159;210;240;land;true;mountain;1
1550;140;213;216;land;false;hills;1
1551;153;247;183;land;false;marsh;1
1552;228;138;156;land;false;marsh;1
1553;120;177;251;land;false;mountain;1
1554;250;115;174;land;false;marsh;1
1555;250;82;230;land;true;mountain;1
1556;172;85;246;land;true;plains;1
1557;237;156;214;land;false;plains;1
1558;40;250;254;land;false;marsh;1
1559;215;172;198;land;false;desert;1
1560;230;188;202;land;true;plains;1
1561;152;245;234;land;false;marsh;1
1562;187;94;249;land;false;mountain;1
1563;254;163;201;land;false;jungle;1
1564;235;230;52;land;true;marsh;1
1565;179;187;166;land;true;marsh;1
1566;163;155;210;land;true;forest;1
1567;250;220;46;land;false;desert;1
1568;161;140;251;land;true;mountain;1
1569;192;196;125;land;false;mountain;1
1570;238;224;64;land;false;mountain;1
1571;158;217;131;land;true;marsh;1
1572;240;254;254;land;true;marsh;1
1573;214;206;150;land;true;jungle;1
1574;254;200;116;land;true;mountain;1
1575;252;253;100;land;false;marsh;1
1576;243;215;47;land;false;jungle;1
1577;224;141;215;land;false;jungle;1
1578;233;165;177;land;false;marsh;1
1579;224;162;242;land;true;marsh;1
1580;117;250;218;land;false;desert;1
1581;132;252;209;land;false;plains;1
1582;250;233;213;land;true;mountain;1
1583;180;229;220;land;false;marsh;1
1584;106;199;201;land;true;marsh;1
1585;137;240;240;land;false;plains;1
1586;202;209;184;land;false;jungle;1
1587;173;160;251;land;false;desert;1
1588;162;195;222;land;false;marsh;1
1589;220;92;212;land;true;mountain;1
1590;153;106;249;land;true;mountain;1
1591;225;243;218;land;true;plains;1
1592;236;198;83;land;true;marsh;1
1593;147;175;231;land;false;mountain;1
1594;104;226;215;land;false;marsh;1
1595;234;214;253;land;true;marsh;1
1596;196;167;211;land;false;desert;1
1597;203;198;171;land;false;marsh;1
1598;196;78;233;land;false;jungle;1
1599;139;173;240;land;true;mountain;1
1600;176;196;211;land;false;marsh;1
1601;235;158;153;land;true;marsh;1
1602;187;226;191;land;true;mountain;1
1603;218;236;201;land;false;mountain;1
1604;231;136;221;land;true;marsh;1
1605;206;254;175;land;true;desert;1
1606;241;114;190;land;false;desert;1
1607;229;184;230;land;true;mountain;1
1608;70;244;215;land;false;plains;1
1609;227;229;139;land;false;jungle;1
1610;196;206;247;land;false;mountain;1
1611;129;211;247;land;false;mountain;1
1612;237;253;219;land;true;marsh;1
1613;188;154;207;land;true;forest;1
1614;106;232;217;land;true;jungle;1
1615;246;105;215;land;true;jungle;1
1616;227;193;112;land;true;urban;1
1617;209;165;136;land;false;mountain;1
1618;140;225;233;land;false;mountain;1
1619;75;173;254;land;true;marsh;1
1620;200;160;184;land;true;marsh;1
1621;220;173;200;land;false;plains;1
1622;175;180;236;land;true;mountain;1
1623;144;222;236;land;false;desert;1
1624;210;204;97;land;false;marsh;1
1625;198;220;102;land;true;marsh;1
1626;150;157;243;land;false;desert;1
1627;74;226;202;land;false;desert;1
1628;135;228;204;land;false;urban;1
1629;196;217;195;land;false;marsh;1
1630;94;227;220;land;false;marsh;1
1631;230;133;168;land;true;jungle;1
1632;209;237;109;land;false;desert;1
1633;183;175;181;land;false;hills;1
1634;185;157;206;land;false;plains;1
1635;182;226;192;land;true;mountain;1
1636;227;248;209;land;false;desert;1
1637;101;252;220;land;false;mountain;1
1638;148;228;157;land;true;plains;1
1639;206;109;208;land;false;marsh;1
1640;213;249;55;land;false;desert;1
1641;200;85;228;land;false;desert;1
1642;221;254;207;land;true;mountain;1
1643;194;195;208;land;false;desert;1
1644;151;230;238;land;true;marsh;1
1645;175;114;216;land;false;desert;1
1646;235;249;153;land;true;marsh;1
1647;186;253;221;land;false;marsh;1
1648;197;115;223;land;false;marsh;1
1649;212;254;69;land;false;hills;1
1650;101;254;211;land;false;marsh;1
1651;231;241;101;land;false;marsh;1
1652;212;146;200;land;false;marsh;1
1653;163;242;122;land;false;marsh;1
1654;180;160;221;land;false;marsh;1
1655;244;200;119;land;false;desert;1
1656;59;252;195;land;true;marsh;1
1657;239;234;117;land;false;desert;1
1658;228;199;170;land;false;mountain;1
1659;234;75;239;land;true;mountain;1
1660;220;150;240;land;false;desert;1
1661;157;194;247;land;true;marsh;1
1662;130;237;224;land;false;marsh;1
1663;236;198;71;land;false;desert;1
1664;36;244;251;land;true;marsh;1
1665;209;97;239;land;false;mountain;1
1666;195;237;77;land;true;marsh;1
1667;161;201;226;land;false;marsh;1
1668;106;233;185;land;false;urban;1
1669;237;206;219;land;true;urban;1
1670;187;236;232;land;false;marsh;1
1671;174;238;180;land;true;marsh;1
1672;128;233;234;land;true;marsh;1
1673;184;191;133;land;false;desert;1
1674;135;234;157;land;false;marsh;1
1675;141;217;219;land;false;desert;1
1676;77;235;224;land;true;marsh;1
1677;239;248;196;land;false;mountain;1
1678;176;253;111;land;true;desert;1
1679;247;211;137;land;false;forest;1
1680;173;111;251;land;true;mountain;1
1681;225;169;148;land;false;marsh;1
1682;224;204;166;land;true;marsh;1
1683;201;245;116;land;false;desert;1
1684;179;254;120;land;false;marsh;1
1685;223;191;223;land;false;desert;1
1686;207;239;82;land;false;desert;1
1687;98;248;210;land;true;marsh;1
1688;216;248;101;land;false;urban;1
1689;253;159;180;land;true;marsh;1
1690;108;205;206;land;false;mountain;1
1691;147;191;238;land;false;marsh;1
1692;100;196;242;land;true;forest;1
1693;222;145;214;land;false;desert;1
1694;101;250;252;land;false;desert;1
1695;240;159;238;land;false;mountain;1
1696;181;188;225;land;false;marsh;1
1697;132;218;239;land;true;marsh;1
1698;228;177;133;land;false;plains;1
1699;210;177;245;land;false;desert;1
1700;196;242;157;land;true;plains;1
1701;219;206;84;land;true;plains;1
1702;225;185;221;land;true;marsh;1
1703;83;225;211;land;false;desert;1
1704;243;157;236;land;true;desert;1
1705;244;158;185;land;true;mountain;1
1706;118;233;222;land;false;desert;1
1707;152;220;186;land;false;marsh;1
1708;142;251;144;land;true;marsh;1
1709;185;247;233;land;false;mountain;1
1710;169;236;209;land;true;mountain;1
1711;221;226;102;land;true;marsh;1
1712;168;169;209;land;true;mountain;1
1713;236;241;82;land;true;jungle;1
1714;221;195;168;land;true;mountain;1
1715;204;166;230;land;false;mountain;1
1716;162;201;225;land;true;jungle;1
1717;245;218;254;land;true;marsh;1
1718;167;188;152;land;false;marsh;1
1719;186;114;201;land;false;jungle;1
1720;142;222;183;land;false;marsh;1
1721;183;233;225;land;false;jungle;1
1722;238;38;251;land;false;marsh;1
1723;122;228;202;land;true;desert;1
1724;153;228;146;land;false;marsh;1
1725;161;170;252;land;true;mountain;1
1726;124;245;200;land;false;forest;1
1727;216;219;254;land;false;marsh;1
1728;93;236;252;land;true;marsh;1
1729;72;221;212;land;false;plains;1
1730;252;139;125;land;false;jungle;1
1731;84;254;192;land;false;plains;1
1732;240;133;228;land;true;jungle;1
1733;183;241;99;land;true;desert;1
1734;151;128;238;land;true;desert;1
1735;253;42;242;land;false;marsh;1
1736;200;214;134;land;false;desert;1
1737;241;121;247;land;true;marsh;1
1738;249;58;200;land;false;marsh;1
1739;205;244;116;land;true;mountain;1
1740;147;206;219;land;true;desert;1
1741;229;77;253;land;true;marsh;1
1742;242;75;247;land;false;marsh;1
1743;133;183;247;land;false;forest;1
1744;180;225;243;land;false;jungle;1
1745;237;195;110;land;false;forest;1
1746;190;182;196;land;false;urban;1
1747;233;237;139;land;true;mountain;1
1748;217;138;206;land;false;desert;1
1749;247;106;205;land;false;desert;1
1750;218;227;99;land;false;mountain;1
1751;137;122;253;land;true;plains;1
1752;223;146;204;land;true;mountain;1
1753;135;237;191;land;false;marsh;1
1754;120;233;176;land;true;plains;1
1755;195;178;241;land;false;plains;1
1756;228;115;233;land;false;desert;1
1757;244;81;195;land;false;desert;1
1758;95;236;254;land;true;marsh;1
1759;249;55;246;land;false;marsh;1
1760;206;124;214;land;false;mountain;1
1761;100;232;244;land;false;marsh;1
1762;153;214;199;land;false;mountain;1
1763;194;245;251;land;false;marsh;1
1764;229;247;53;land;false;desert;1
1765;145;192;247;land;false;desert;1
1766;205;244;118;land;true;forest;1
1767;234;211;221;land;true;mountain;1
1768;170;244;143;land;false;mountain;1
1769;153;127;236;land;true;marsh;1
1770;182;218;196;land;false;mountain;1
1771;227;247;167;land;true;marsh;1
1772;205;209;109;land;false;marsh;1
1773;225;237;46;land;false;desert;1
1774;232;187;134;land;true;marsh;1
1775;165;203;164;land;false;mountain;1
1776;221;93;233;land;false;desert;1
1777;168;158;218;land;false;hills;1
1778;30;233;250;land;false;marsh;1
1779;239;211;104;land;true;mountain;1
1780;79;212;246;land;true;marsh;1
1781;249;234;66;land;true;marsh;1
1782;223;127;185;land;false;plains;1
1783;213;219;107;land;true;forest;1
1784;164;198;178;land;false;desert;1
1785;237;108;195;land;false;mountain;1
1786;181;161;254;land;false;plains;1
1787;157;245;194;land;true;desert;1
1788;227;167;158;land;false;desert;1
1789;198;195;215;land;false;mountain;1
1790;145;229;185;land;false;plains;1
1791;223;188;248;land;true;mountain;1
1792;182;237;208;land;false;desert;1
1793;138;245;164;land;true;marsh;1
1794;206;111;217;land;false;marsh;1
1795;93;244;230;land;true;jungle;1
1796;154;177;193;land;false;marsh;1
1797;218;193;238;land;false;plains;1
1798;229;191;150;land;false;marsh;1
1799;184;254;131;land;false;mountain;1
1800;173;125;239;land;false;desert;1
1801;37;254;216;land;false;desert;1
1802;193;190;214;land;false;marsh;1
1803;158;196;165;land;false;mountain;1
1804;246;248;58;land;true;marsh;1
1805;192;83;226;land;false;marsh;1
1806;243;193;216;land;true;desert;1
1807;203;186;199;land;false;marsh;1
1808;201;236;117;land;false;marsh;1
1809;191;117;198;land;true;marsh;1
1810;158;165;246;land;true;desert;1
1811;98;254;159;land;false;marsh;1
1812;107;220;215;land;false;desert;1
1813;210;127;166;land;false;plains;1
1814;220;142;242;land;false;marsh;1
1815;251;155;167;land;false;desert;1
1816;188;245;187;land;false;jungle;1
1817;84;241;246;land;false;plains;1
1818;81;254;252;land;false;jungle;1
1819;209;93;214;land;false;marsh;1
1820;168;208;146;land;false;desert;1
1821;198;221;214;land;true;mountain;1
1822;33;238;245;land;true;marsh;1
1823;194;228;105;land;false;plains;1
1824;191;234;180;land;true;mountain;1
1825;174;218;171;land;false;marsh;1
1826;179;249;100;land;false;mountain;1
1827;217;47;239;land;false;desert;1
1828;226;106;241;land;false;marsh;1
1829;233;247;112;land;false;marsh;1
1830;144;150;208;land;false;marsh;1
1831;75;226;224;land;false;plains;1
1832;239;229;97;land;false;desert;1
1833;234;174;214;land;false;plains;1
1834;137;240;143;land;false;marsh;1
1835;121;197;229;land;false;marsh;1
1836;208;156;174;land;true;mountain;1
1837;138;254;177;land;true;marsh;1
1838;148;163;207;land;false;plains;1
1839;241;146;227;land;false;mountain;1
1840;211;162;246;land;false;forest;1
1841;252;232;162;land;false;desert;1
1842;130;244;149;land;true;mountain;1
1843;221;128;216;land;true;marsh;1
1844;188;145;240;land;false;desert;1
1845;198;180;215;land;false;desert;1
1846;44;254;241;land;false;desert;1
1847;235;223;119;land;true;marsh;1
1848;250;84;249;land;false;jungle;1
1849;151;159;206;land;true;marsh;1
1850;219;140;239;land;false;marsh;1
1851;208;157;224;land;false;desert;1
1852;253;188;141;land;false;desert;1
1853;249;170;242;land;false;desert;1
1854;236;214;102;land;false;marsh;1
1855;159;117;231;land;true;marsh;1
1856;194;207;218;land;false;desert;1
1857;92;194;219;land;false;marsh;1
1858;181;239;237;land;false;hills;1
1859;155;190;228;land;false;mountain;1
1860;171;234;200;land;false;desert;1
1861;119;228;230;land;false;mountain;1
1862;161;122;222;land;false;mountain;1
1863;192;253;145;land;false;desert;1
1864;206;106;220;land;true;marsh;1
1865;216;232;107;land;false;marsh;1
1866;249;148;204;land;false;marsh;1
1867;232;157;149;land;false;marsh;1
1868;237;167;105;land;false;marsh;1
1869;225;104;242;land;false;plains;1
1870;210;173;253;land;false;desert;1
1871;198;147;249;land;false;desert;1
1872;176;190;246;land;false;mountain;1
1873;140;136;236;land;false;marsh;1
1874;202;254;61;land;false;marsh;1
1875;218;143;176;land;true;forest;1
1876;204;186;220;land;false;desert;1
1877;252;159;124;land;false;mountain;1
1878;238;251;165;land;false;marsh;1
1879;203;172;163;land;true;plains;1
1880;244;246;100;land;false;mountain;1
1881;245;84;181;land;true;plains;1
1882;174;207;166;land;false;forest;1
1883;170;157;226;land;false;hills;1
1884;249;172;201;land;false;marsh;1
1885;236;127;244;land;false;marsh;1
1886;176;172;226;land;false;marsh;1
1887;207;250;110;land;true;marsh;1
1888;78;252;222;land;true;forest;1
1889;171;198;151;land;false;marsh;1
1890;230;60;242;land;true;forest;1
1891;250;183;143;land;false;marsh;1
1892;145;223;144;land;false;marsh;1
1893;143;252;127;land;false;mountain;1
1894;168;217;205;land;true;marsh;1
1895;181;130;209;land;false;marsh;1
1896;190;234;105;land;true;marsh;1
1897;206;185;220;land;true;jungle;1
1898;224;129;245;land;false;marsh;1
1899;107;243;227;land;true;marsh;1
1900;108;187;226;land;false;mountain;1
1901;229;224;219;land;true;marsh;1
1902;215;155;178;land;false;mountain;1
1903;138;224;199;land;true;marsh;1
1904;229;227;188;land;false;marsh;1
1905;118;175;249;land;false;marsh;1
1906;139;179;194;land;false;mountain;1
1907;93;184;242;land;false;desert;1
1908;180;252;243;land;false;desert;1
1909;192;220;194;land;true;mountain;1
1910;213;223;216;land;false;desert;1
1911;242;200;114;land;false;desert;1
1912;174;241;153;land;true;marsh;1
1913;249;201;198;land;true;forest;1
1914;189;243;122;land;true;mountain;1
1915;181;169;203;land;true;marsh;1
1916;181;229;132;land;false;plains;1
1917;230;198;117;land;false;mountain;1
1918;134;122;245;land;false;jungle;1
1919;245;246;219;land;false;marsh;1
1920;184;206;117;land;true;jungle;1
1921;234;99;180;land;false;marsh;1
1922;197;195;211;land;false;desert;1
1923;218;138;221;land;false;desert;1
1924;156;157;245;land;false;marsh;1
1925;161;208;219;land;false;marsh;1
1926;190;245;79;land;false;desert;1
1927;195;202;114;land;true;marsh;1
1928;183;131;221;land;true;forest;1
1929;238;213;224;land;true;mountain;1
1930;240;129;168;land;false;marsh;1
1931;235;212;135;land;false;marsh;1
1932;235;164;155;land;false;desert;1
1933;142;254;124;land;false;mountain;1
1934;145;151;211;land;false;desert;1
1935;233;65;250;land;false;jungle;1
1936;176;216;234;land;true;mountain;1
1937;186;234;155;land;true;mountain;1
1938;184;201;124;land;false;mountain;1
1939;213;171;188;land;true;urban;1
1940;177;238;103;land;true;mountain;1
1941;211;233;203;land;false;desert;1
1942;148;154;233;land;false;desert;1
1943;92;242;185;land;false;forest;1
1944;208;157;169;land;true;mountain;1
1945;219;153;136;land;true;mountain;1
1946;127;227;160;land;true;forest;1
1947;217;235;143;land;false;urban;1
1948;232;201;205;land;true;plains;1
1949;63;230;229;land;false;jungle;1
1950;170;208;212;land;false;desert;1
1951;216;230;224;land;true;marsh;1
1952;158;170;231;land;true;marsh;1
1953;221;242;222;land;true;marsh;1
1954;212;196;223;land;false;urban;1
1955;199;119;236;land;true;marsh;1
1956;249;204;150;land;false;desert;1
1957;202;246;216;land;true;marsh;1
1958;178;112;227;land;true;marsh;1
1959;227;151;161;land;true;desert;1
1960;218;73;237;land;false;mountain;1
1961;151;239;247;land;true;plains;1
1962;121;224;206;land;false;desert;1
1963;193;187;229;land;false;marsh;1
1964;208;238;238;land;false;jungle;1
1965;223;199;202;land;false;urban;1
1966;222;204;213;land;true;desert;1
1967;75;195;232;land;true;marsh;1
1968;141;194;186;land;false;mountain;1
1969;247;243;211;land;false;marsh;1
1970;86;243;174;land;true;marsh;1
1971;243;239;212;land;false;marsh;1
1972;253;209;247;land;false;mountain;1
1973;211;191;218;land;true;mountain;1
1974;234;173;123;land;false;marsh;1
1975;79;212;220;land;true;mountain;1
1976;221;177;180;land;false;marsh;1
1977;218;229;82;land;false;marsh;1
1978;81;252;232;land;true;marsh;1
1979;160;215;239;land;false;jungle;1
1980;81;233;251;land;true;plains;1
1981;107;237;212;land;true;marsh;1
1982;203;249;227;land;true;marsh;1
1983;245;231;214;land;true;plains;1
1984;241;114;197;land;true;plains;1
1985;178;232;124;land;false;mountain;1
1986;170;176;209;land;false;forest;1
1987;233;155;252;land;true;marsh;1
1988;251;175;136;land;false;mountain;1
1989;225;234;252;land;true;mountain;1
1990;239;229;250;land;false;forest;1
1991;224;217;165;land;false;mountain;1
1992;237;143;248;land;false;desert;1
1993;136;250;213;land;true;jungle;1
1994;239;132;195;land;false;mountain;1
1995;224;48;231;land;true;mountain;1
1996;206;250;146;land;false;forest;1
1997;127;204;211;land;true;marsh;1
1998;140;148;244;land;false;mountain;1
1999;242;75;214;land;true;desert;1
2000;135;253;208;land;true;mountain;1
2001;190;120;213;land;true;marsh;1
2002;165;192;253;land;true;hills;1
2003;225;196;224;land;false;plains;1
2004;69;230;224;land;true;marsh;1
2005;148;158;232;land;false;desert;1
2006;214;247;101;land;true;desert;1
2007;233;179;160;land;true;jungle;1
2008;241;124;191;land;true;marsh;1
2009;246;171;214;land;true;marsh;1
2010;249;179;132;land;false;mountain;1
2011;240;119;147;land;false;desert;1
2012;253;254;38;land;false;jungle;1
2013;230;168;230;land;true;forest;1
2014;53;224;241;land;true;plains;1
2015;163;229;182;land;false;plains;1
2016;245;223;89;land;false;marsh;1
2017;67;243;253;land;false;desert;1
2018;56;242;228;land;true;marsh;1
2019;208;129;243;land;false;marsh;1
2020;218;242;162;land;false;desert;1
2021;239;146;168;land;true;mountain;1
2022;129;224;173;land;false;desert;1
2023;128;198;205;land;true;marsh;1
2024;217;225;85;land;false;marsh;1
2025;106;227;202;land;false;mountain;1
2026;99;254;162;land;false;mountain;1
2027;204;250;235;land;false;desert;1
2028;166;244;169;land;true;plains;1
2029;205;141;172;land;true;marsh;1
2030;165;238;229;land;true;mountain;1
2031;249;186;211;land;true;marsh;1
2032;254;239;115;land;true;mountain;1
2033;249;207;214;land;true;marsh;1
2034;244;167;200;land;true;plains;1
2035;112;200;227;land;false;mountain;1
2036;214;143;179;land;false;mountain;1
2037;229;172;236;land;false;marsh;1
2038;227;238;167;land;true;mountain;1
2039;251;133;240;land;false;mountain;1
2040;113;233;231;land;true;mountain;1
2041;140;186;203;land;false;jungle;1
2042;252;112;138;land;false;mountain;1
2043;165;157;194;land;true;marsh;1
2044;209;99;231;land;true;marsh;1
2045;251;99;169;land;false;mountain;1
2046;254;121;170;land;true;marsh;1
2047;252;38;241;land;false;marsh;1
2048;232;239;106;land;false;marsh;1
2049;193;241;114;land;false;mountain;1
2050;230;70;242;land;true;marsh;1
2051;176;161;178;land;false;marsh;1
2052;167;249;158;land;true;jungle;1
2053;237;184;164;land;true;marsh;1
2054;169;198;177;land;false;desert;1
2055;229;217;167;land;false;desert;1
2056;166;251;217;land;false;plains;1
2057;243;64;229;land;false;desert;1
2058;52;219;243;land;false;jungle;1
2059;240;174;250;land;true;mountain;1
2060;135;167;219;land;false;plains;1
2061;157;153;234;land;false;desert;1
2062;224;242;216;land;false;mountain;1
2063;178;221;121;land;false;marsh;1
2064;129;250;129;land;true;mountain;1
2065;149;226;161;land;true;marsh;1
2066;210;92;227;land;false;desert;1
2067;194;243;102;land;true;marsh;1
2068;160;209;200;land;true;marsh;1
2069;240;190;85;land;true;desert;1
2070;108;231;209;land;false;jungle;1
2071;157;237;110;land;false;mountain;1
2072;232;239;85;land;true;jungle;1
2073;161;133;241;land;false;marsh;1
2074;126;206;211;land;true;mountain;1
2075;151;243;222;land;true;mountain;1
2076;34;253;242;land;true;marsh;1
2077;244;176;115;land;true;marsh;1
2078;213;222;211;land;true;desert;1
2079;251;237;93;land;true;forest;1
2080;140;135;243;land;false;marsh;1
2081;185;172;254;land;false;mountain;1
2082;204;174;138;land;true;forest;1
2083;203;180;239;land;false;desert;1
2084;251;241;193;land;true;marsh;1
2085;86;217;227;land;false;plains;1
2086;179;223;116;land;true;mountain;1
2087;212;99;207;land;true;mountain;1
2088;207;186;134;land;true;mountain;1
2089;221;247;89;land;false;marsh;1
2090;132;141;248;land;true;forest;1
2091;170;218;126;land;true;mountain;1
2092;218;223;85;land;true;marsh;1
2093;209;146;182;land;false;urban;1
2094;131;232;159;land;true;mountain;1
2095;159;153;234;land;false;marsh;1
2096;117;203;208;land;false;hills;1
2097;204;172;178;land;false;desert;1
2098;169;229;229;land;false;marsh;1
2099;223;211;110;land;false;marsh;1
2100;104;240;244;land;false;mountain;1
2101;178;179;152;land;false;forest;1
2102;193;161;156;land;true;mountain;1
2103;187;149;252;land;false;marsh;1
2104;241;166;175;land;true;mountain;1
2105;89;184;252;land;true;marsh;1
2106;177;191;190;land;false;jungle;1
2107;222;251;117;land;false;forest;1
2108;179;115;208;land;false;desert;1
2109;78;203;232;land;false;desert;1
2110;205;152;167;land;false;jungle;1
2111;191;248;72;land;false;mountain;1
2112;166;176;176;land;false;marsh;1
2113;246;222;41;land;true;mountain;1
2114;227;189;166;land;false;mountain;1
2115;139;229;199;land;false;forest;1
2116;216;91;195;land;true;mountain;1
2117;139;190;177;land;false;marsh;1
2118;202;181;226;land;false;desert;1
2119;131;233;180;land;false;marsh;1
2120;195;165;148;land;false;desert;1
2121;149;239;243;land;true;marsh;1
2122;253;204;241;land;false;jungle;1
2123;101;207;200;land;false;desert;1
2124;240;176;186;land;true;marsh;1
2125;162;122;225;land;false;marsh;1
2126;218;188;205;land;false;forest;1
2127;252;220;76;land;true;marsh;1
2128;238;98;218;land;false;jungle;1
2129;236;216;220;land;false;mountain;1
2130;240;223;97;land;false;marsh;1
2131;253;142;197;land;false;mountain;1
2132;177;173;156;land;false;desert;1
2133;254;196;173;land;true;desert;1
2134;216;185;119;land;true;mountain;1
2135;213;251;123;land;false;plains;1
2136;217;143;221;land;true;mountain;1
2137;98;254;227;land;true;marsh;1
2138;187;160;191;land;true;marsh;1
2139;130;141;247;land;true;marsh;1
2140;169;215;185;land;true;mountain;1
2141;215;250;142;land;true;marsh;1
2142;141;192;191;land;true;mountain;1
2143;207;75;221;land;false;plains;1
2144;250;110;142;land;false;mountain;1
2145;213;193;165;land;false;forest;1
2146;230;171;188;land;false;marsh;1
2147;141;223;139;land;true;marsh;1
2148;185;234;253;land;false;mountain;1
2149;123;179;221;land;true;marsh;1
2150;138;143;243;land;false;mountain;1
2151;58;254;253;land;false;jungle;1
2152;242;68;217;land;true;mountain;1
2153;197;152;215;land;true;marsh;1
2154;203;191;127;land;false;forest;1
2155;178;153;200;land;false;marsh;1
2156;235;109;164;land;false;marsh;1
2157;186;155;165;land;false;mountain;1
2158;241;186;124;land;true;marsh;1
2159;70;248;224;land;false;mountain;1
2160;235;250;181;land;false;mountain;1
2161;147;254;201;land;true;plains;1
2162;167;187;237;land;false;desert;1
2163;253;119;170;land;false;marsh;1
2164;216;224;123;land;false;forest;1
2165;238;80;189;land;false;marsh;1
2166;231;166;231;land;true;marsh;1
2167;147;208;163;land;false;desert;1
2168;235;58;227;land;false;urban;1
2169;246;96;186;land;true;marsh;1
2170;213;172;147;land;false;marsh;1
2171;183;140;249;land;false;mountain;1
2172;222;252;118;land;false;desert;1
2173;139;245;167;land;false;marsh;1
2174;112;210;199;land;false;marsh;1
2175;250;253;245;land;false;mountain;1
2176;216;221;195;land;true;marsh;1
2177;218;182;196;land;true;hills;1
2178;221;165;153;land;false;marsh;1
2179;240;222;184;land;false;jungle;1
2180;231;168;240;land;false;marsh;1
2181;97;216;202;land;false;mountain;1
2182;97;169;251;land;true;mountain;1
2183;206;218;228;land;true;marsh;1
2184;159;206;184;land;false;jungle;1
2185;178;148;222;land;false;jungle;1
2186;237;163;182;land;false;desert;1
2187;186;224;205;land;false;marsh;1
2188;96;176;249;land;true;marsh;1
2189;151;208;170;land;false;marsh;1
2190;169;146;230;land;false;plains;1
2191;188;157;206;land;false;marsh;1
2192;49;235;231;land;true;mountain;1
2193;213;168;244;land;true;marsh;1
2194;170;207;163;land;false;marsh;1
2195;92;236;201;land;true;forest;1
2196;153;232;162;land;true;mountain;1
2197;236;163;130;land;true;plains;1
2198;212;79;249;land;false;forest;1
2199;212;117;175;land;true;marsh;1
2200;218;247;174;land;true;jungle;1
2201;234;210;145;land;false;marsh;1
2202;140;222;170;land;false;marsh;1
2203;161;142;231;land;false;desert;1
2204;231;160;144;land;false;mountain;1
2205;248;173;148;land;false;marsh;1
2206;181;191;181;land;true;marsh;1
2207;214;160;178;land;true;plains;1
2208;108;169;245;land;true;desert;1
2209;160;241;132;land;true;mountain;1
2210;70;240;191;land;false;marsh;1
2211;250;180;98;land;true;marsh;1
2212;252;234;37;land;false;marsh;1
2213;92;249;230;land;true;marsh;1
2214;224;65;248;land;true;marsh;1
2215;212;92;235;land;false;mountain;1
2216;207;106;230;land;true;marsh;1
2217;244;171;208;land;false;marsh;1
2218;190;245;111;land;false;desert;1
2219;199;106;209;land;false;mountain;1
2220;225;134;254;land;false;desert;1
2221;235;95;182;land;false;mountain;1
2222;237;205;193;land;false;marsh;1
2223;236;106;165;land;false;desert;1
2224;211;140;201;land;false;jungle;1
2225;105;250;191;land;false;marsh;1
2226;188;178;147;land;false;desert;1
2227;92;209;248;land;true;plains;1
2228;91;253;168;land;false;mountain;1
2229;246;207;237;land;false;plains;1
2230;132;191;210;land;false;urban;1
2231;170;204;223;land;true;marsh;1
2232;245;248;179;land;false;jungle;1
2233;134;170;234;land;false;marsh;1
2234;239;205;68;land;false;hills;1
2235;121;204;197;land;false;marsh;1
2236;250;195;146;land;true;marsh;1
2237;246;212;76;land;false;marsh;1
2238;203;235;199;land;false;marsh;1
2239;246;219;184;land;false;desert;1
2240;249;125;219;land;false;desert;1
2241;242;216;234;land;true;marsh;1
2242;199;115;220;land;false;desert;1
2243;234;211;142;land;false;jungle;1
2244;184;197;175;land;false;hills;1
2245;224;238;119;land;false;desert;1
2246;140;181;242;land;false;marsh;1
2247;253;236;220;land;false;marsh;1
2248;140;167;206;land;false;plains;1
2249;148;229;153;land;true;forest;1
2250;222;76;238;land;true;mountain;1
2251;93;190;218;land;false;mountain;1
2252;75;226;235;land;false;forest;1
2253;125;169;240;land;false;desert;1
2254;87;226;208;land;false;desert;1
2255;209;203;126;land;true;marsh;1
2256;238;129;235;land;false;marsh;1
2257;222;164;221;land;false;desert;1
2258;229;103;185;land;false;desert;1
2259;224;211;104;land;false;marsh;1
2260;221;78;227;land;false;marsh;1
2261;202;190;249;land;false;jungle;1
2262;63;231;241;land;false;plains;1
2263;175;190;253;land;true;marsh;1
2264;162;232;134;land;false;marsh;1
2265;189;97;234;land;false;marsh;1
2266;211;205;124;land;true;marsh;1
2267;232;143;186;land;false;desert;1
2268;243;188;80;land;true;mountain;1
2269;243;244;57;land;false;jungle;1
2270;188;110;250;land;true;mountain;1
2271;36;245;247;land;false;plains;1
2272;193;197;186;land;true;plains;1
2273;180;227;168;land;false;urban;1
2274;207;191;205;land;false;marsh;1
2275;170;186;194;land;true;mountain;1
2276;210;158;186;land;false;marsh;1
2277;240;221;205;land;false;mountain;1
2278;218;206;100;land;false;desert;1
2279;223;100;215;land;true;plains;1
2280;138;201;182;land;true;marsh;1
2281;172;240;90;land;true;marsh;1
2282;154;151;215;land;true;marsh;1
2283;156;249;123;land;false;marsh;1
2284;139;215;195;land;false;forest;1
2285;12;254;242;land;false;jungle;1
2286;161;177;235;land;true;marsh;1
2287;247;173;91;land;false;desert;1
2288;144;176;221;land;false;desert;1
2289;233;252;140;land;false;marsh;1
2290;210;120;218;land;true;forest;1
2291;125;208;250;land;true;forest;1
2292;196;221;121;land;true;marsh;1
2293;250;194;85;land;false;mountain;1
2294;216;212;114;land;true;mountain;1
2295;180;171;238;land;true;marsh;1
2296;229;247;218;land;true;marsh;1
2297;99;211;204;land;false;mountain;1
2298;209;162;144;land;true;mountain;1
2299;232;144;126;land;false;desert;1
2300;186;126;254;land;false;marsh;1
2301;131;198;212;land;false;marsh;1
2302;207;173;237;land;true;forest;1
2303;193;220;254;land;false;marsh;1
2304;202;109;237;land;true;marsh;1
2305;190;208;174;land;false;mountain;1
2306;248;221;58;land;false;marsh;1
2307;205;222;112;land;false;mountain;1
2308;222;220;97;land;false;desert;1
2309;133;237;254;land;true;marsh;1
2310;161;201;158;land;false;jungle;1
2311;75;228;200;land;false;mountain;1
2312;208;54;248;land;true;desert;1
2313;139;215;237;land;false;marsh;1
2314;177;124;232;land;false;marsh;1
2315;236;163;124;land;true;mountain;1
2316;242;220;231;land;false;jungle;1
2317;76;250;220;land;false;plains;1
2318;189;213;189;land;true;marsh;1
2319;188;160;205;land;true;desert;1
2320;207;225;109;land;true;marsh;1
2321;208;121;244;land;false;desert;1
2322;202;187;223;land;true;forest;1
2323;119;167;219;land;true;mountain;1
2324;181;251;120;land;true;desert;1
2325;243;174;116;land;true;marsh;1
2326;217;190;123;land;true;marsh;1
2327;209;113;190;land;true;marsh;1
2328;182;225;233;land;true;marsh;1
2329;110;243;225;land;true;marsh;1
2330;210;162;224;land;true;forest;1
2331;177;191;176;land;false;jungle;1
2332;82;248;184;land;true;jungle;1
2333;136;174;207;land;false;desert;1
2334;135;204;166;land;false;forest;1
2335;198;109;203;land;false;marsh;1
2336;242;223;56;land;false;marsh;1
2337;254;147;109;land;true;mountain;1
2338;247;242;144;land;false;marsh;1
2339;230;119;182;land;true;mountain;1
2340;252;220;49;land;true;mountain;1
2341;127;202;234;land;true;marsh;1
2342;189;97;236;land;false;plains;1
2343;176;173;192;land;false;marsh;1
2344;243;112;180;land;true;mountain;1
2345;228;204;167;land;true;mountain;1
2346;206;252;224;land;true;marsh;1
2347;225;122;154;land;false;desert;1
2348;226;109;210;land;false;jungle;1
2349;189;95;234;land;true;marsh;1
2350;112;250;217;land;false;desert;1
2351;239;210;151;land;false;marsh;1
2352;244;36;247;land;true;forest;1
2353;219;135;212;land;true;desert;1
2354;197;253;72;land;true;marsh;1
2355;253;158;145;land;false;mountain;1
2356;170;200;211;land;false;marsh;1
2357;218;225;207;land;false;forest;1
2358;87;230;244;land;true;mountain;1
2359;246;92;219;land;false;mountain;1
2360;112;246;230;land;true;mountain;1
2361;199;246;179;land;false;mountain;1
2362;129;180;219;land;true;mountain;1
2363;239;123;172;land;true;mountain;1
2364;218;161;163;land;true;marsh;1
2365;254;30;220;land;false;plains;1
2366;118;231;200;land;true;marsh;1
2367;186;185;206;land;true;mountain;1
2368;153;222;159;land;true;marsh;1
2369;221;178;244;land;true;mountain;1
2370;167;235;145;land;false;marsh;1
2371;221;108;195;land;true;marsh;1
2372;207;246;111;land;false;plains;1
2373;213;99;197;land;true;marsh;1
2374;145;254;206;land;false;mountain;1
2375;165;192;194;land;true;mountain;1
2376;189;199;228;land;true;marsh;1
2377;155;146;218;land;false;marsh;1
2378;205;236;87;land;false;marsh;1
2379;191;128;239;land;false;mountain;1
2380;237;213;253;land;true;jungle;1
2381;186;175;193;land;false;mountain;1
2382;155;229;142;land;true;marsh;1
2383;147;251;196;land;false;mountain;1
2384;238;226;200;land;false;marsh;1
2385;151;216;240;land;false;mountain;1
2386;172;216;163;land;true;mountain;1
2387;188;184;214;land;true;mountain;1
2388;250;142;182;land;false;marsh;1
2389;209;87;238;land;true;marsh;1
2390;152;199;194;land;true;mountain;1
2391;229;251;215;land;true;marsh;1
2392;95;251;180;land;true;mountain;1
2393;152;185;223;land;false;marsh;1
2394;250;216;45;land;false;mountain;1
2395;88;237;244;land;false;mountain;1
2396;191;216;118;land;false;plains;1
2397;209;218;84;land;false;marsh;1
2398;251;120;153;land;true;desert;1
2399;214;205;168;land;false;mountain;1
2400;130;223;240;land;true;mountain;1
2401;163;219;224;land;false;marsh;1
2402;215;208;120;land;false;marsh;1
2403;209;228;231;land;false;marsh;1
2404;128;209;189;land;false;mountain;1
2405;213;152;209;land;false;jungle;1
2406;254;182;235;land;false;mountain;1
2407;180;177;236;land;false;marsh;1
2408;241;130;155;land;false;mountain;1
2409;177;133;229;land;false;marsh;1
2410;192;215;105;land;true;marsh;1
2411;231;217;111;land;true;marsh;1
2412;181;171;156;land;false;mountain;1
2413;145;218;233;land;true;marsh;1
2414;194;162;248;land;false;mountain;1
2415;237;207;110;land;true;jungle;1
2416;246;216;208;land;true;desert;1
2417;139;248;126;land;false;mountain;1
2418;222;165;117;land;true;marsh;1
2419;123;230;232;land;true;marsh;1
2420;227;114;194;land;false;mountain;1
2421;101;178;226;land;false;plains;1
2422;165;225;131;land;false;desert;1
2423;216;200;193;land;true;mountain;1
2424;124;247;205;land;false;marsh;1
2425;155;187;228;land;true;desert;1
2426;216;144;178;land;true;marsh;1
2427;112;169;243;land;false;desert;1
2428;231;247;144;land;false;mountain;1
2429;30;249;233;land;false;desert;1
2430;171;230;159;land;false;marsh;1
2431;243;221;128;land;true;forest;1
2432;182;209;165;land;true;plains;1
2433;126;143;245;land;true;marsh;1
2434;230;196;91;land;false;jungle;1
2435;241;221;73;land;false;plains;1
2436;252;226;161;land;true;jungle;1
2437;154;251;132;land;false;marsh;1
2438;254;166;146;land;true;mountain;1
2439;218;160;201;land;true;marsh;1
2440;239;169;176;land;false;plains;1
2441;218;174;111;land;false;jungle;1
2442;196;187;136;land;false;marsh;1
2443;205;141;254;land;true;mountain;1
2444;240;216;47;land;false;marsh;1
2445;232;188;98;land;true;mountain;1
2446;177;155;250;land;false;marsh;1
2447;104;238;203;land;true;marsh;1
2448;173;224;138;land;true;marsh;1
2449;238;109;173;land;false;marsh;1
2450;242;129;211;land;true;plains;1
2451;163;219;199;land;true;mountain;1
2452;209;180;241;land;true;mountain;1
2453;82;202;220;land;false;marsh;1
2454;130;200;194;land;true;marsh;1
2455;224;207;205;land;true;marsh;1
2456;252;252;96;land;true;marsh;1
2457;249;78;186;land;false;desert;1
2458;237;247;127;land;false;plains;1
2459;87;178;237;land;false;plains;1
2460;249;199;240;land;true;mountain;1
2461;234;181;237;land;false;marsh;1
2462;65;250;230;land;false;hills;1
2463;245;178;242;land;false;mountain;1
2464;169;231;107;land;true;marsh;1
2465;218;235;54;land;false;mountain;1
2466;221;216;187;land;false;marsh;1
2467;138;250;222;land;false;jungle;1
2468;219;226;153;land;false;mountain;1
2469;198;108;226;land;false;desert;1
2470;177;241;83;land;false;plains;1
2471;143;249;133;land;true;mountain;1
2472;200;132;218;land;false;mountain;1
2473;246;72;234;land;false;forest;1
2474;238;129;213;land;true;mountain;1
2475;175;110;248;land;false;desert;1
2476;254;122;227;land;true;marsh;1
2477;180;245;110;land;true;jungle;1
2478;194;92;230;land;false;jungle;1
2479;107;242;153;land;false;hills;1
2480;211;184;174;land;true;forest;1
2481;183;159;168;land;false;marsh;1
2482;222;46;252;land;false;desert;1
2483;227;248;188;land;false;mountain;1
2484;217;77;245;land;false;plains;1
2485;203;88;240;land;true;marsh;1
2486;253;220;76;land;false;marsh;1
2487;239;114;193;land;true;marsh;1
2488;203;231;210;land;false;mountain;1
2489;122;169;227;land;false;marsh;1
2490;112;223;189;land;true;jungle;1
2491;229;113;193;land;true;mountain;1
2492;247;128;208;land;false;desert;1
2493;214;251;250;land;false;marsh;1
2494;220;225;169;land;false;desert;1
2495;147;218;208;land;false;desert;1
2496;72;238;233;land;true;forest;1
2497;173;163;242;land;true;plains;1
2498;253;133;235;land;false;jungle;1
2499;226;99;236;land;true;mountain;1
2500;57;240;246;land;false;jungle;1
2501;80;250;227;land;true;mountain;1
2502;249;189;162;land;true;marsh;1
2503;195;231;87;land;false;mountain;1
2504;154;240;155;land;false;marsh;1
2505;186;111;248;land;true;jungle;1
2506;113;183;218;land;true;marsh;1
2507;236;242;130;land;false;marsh;1
2508;86;240;223;land;true;mountain;1
2509;227;92;254;land;true;mountain;1
2510;247;204;109;land;true;mountain;1
2511;222;99;219;land;false;plains;1
2512;254;48;248;land;false;desert;1
2513;194;193;253;land;false;forest;1
2514;208;229;225;land;false;marsh;1
2515;147;249;252;land;true;forest;1
2516;70;243;252;land;false;hills;1
2517;65;254;236;land;false;mountain;1
2518;210;193;99;land;false;marsh;1
2519;110;180;234;land;false;desert;1
2520;166;205;228;land;true;marsh;1
2521;192;228;251;land;false;marsh;1
2522;197;164;153;land;true;desert;1
2523;198;186;216;land;false;jungle;1
2524;229;240;94;land;false;plains;1
2525;252;170;103;land;false;plains;1
2526;185;193;193;land;false;desert;1
2527;106;210;250;land;false;desert;1
2528;94;198;233;land;false;hills;1
2529;212;178;204;land;true;plains;1
2530;254;179;142;land;true;forest;1
2531;252;100;155;land;true;jungle;1
2532;227;247;31;land;true;marsh;1
2533;211;159;201;land;false;marsh;1
2534;200;193;240;land;false;mountain;1
2535;214;246;202;land;true;marsh;1
2536;199;70;238;land;true;marsh;1
2537;211;238;201;land;true;marsh;1
2538;221;139;196;land;false;mountain;1
2539;233;207;104;land;false;desert;1
2540;134;185;195;land;false;marsh;1
2541;244;157;116;land;true;mountain;1
2542;179;188;245;land;false;plains;1
2543;43;252;229;land;true;mountain;1
2544;192;104;208;land;false;mountain;1
2545;103;237;221;land;false;marsh;1
2546;84;246;242;land;false;marsh;1
2547;230;142;231;land;false;mountain;1
2548;247;192;98;land;true;marsh;1
2549;241;199;80;land;false;marsh;1
2550;67;215;239;land;false;mountain;1
2551;113;235;170;land;true;mountain;1
2552;226;170;182;land;true;marsh;1
2553;163;197;181;land;true;jungle;1
2554;174;206;144;land;false;marsh;1
2555;118;254;233;land;true;mountain;1
2556;244;193;216;land;false;desert;1
2557;153;147;229;land;true;forest;1
2558;246;223;211;land;true;mountain;1
2559;209;130;215;land;true;marsh;1
2560;70;217;254;land;true;mountain;1
2561;203;203;180;land;false;marsh;1
2562;105;214;245;land;false;marsh;1
2563;187;243;193;land;false;mountain;1
2564;221;243;174;land;false;marsh;1
2565;93;254;229;land;false;mountain;1
2566;250;228;138;land;false;marsh;1
2567;240;188;81;land;true;plains;1
2568;207;230;151;land;false;desert;1
2569;237;201;92;land;false;marsh;1
2570;158;176;248;land;true;forest;1
2571;105;227;248;land;false;mountain;1
2572;139;158;206;land;true;forest;1
2573;237;117;213;land;false;plains;1
2574;132;225;145;land;false;plains;1
2575;196;154;235;land;false;marsh;1
2576;143;188;220;land;true;mountain;1
2577;199;192;193;land;false;plains;1
2578;104;173;247;land;false;marsh;1
2579;252;233;162;land;false;desert;1
2580;243;73;195;land;false;forest;1
2581;247;57;222;land;true;mountain;1
2582;240;212;93;land;false;hills;1
2583;217;150;178;land;true;mountain;1
2584;171;135;225;land;false;desert;1
2585;237;133;153;land;false;desert;1
2586;254;247;67;land;false;jungle;1
2587;141;155;235;land;false;marsh;1
2588;238;205;236;land;false;plains;1
2589;248;214;205;land;false;marsh;1
2590;210;213;178;land;false;marsh;1
2591;241;231;58;land;false;marsh;1
2592;254;111;229;land;false;desert;1
2593;143;217;175;land;false;mountain;1
2594;248;230;168;land;false;forest;1
2595;248;234;218;land;false;marsh;1
2596;163;253;223;land;false;marsh;1
2597;167;201;134;land;false;mountain;1
2598;191;243;137;land;true;mountain;1
2599;177;116;237;land;false;desert;1
2600;248;183;214;land;true;mountain;1
2601;237;234;179;land;true;marsh;1
2602;211;123;252;land;true;mountain;1
2603;187;212;120;land;false;marsh;1
2604;224;252;111;land;true;marsh;1
2605;195;225;220;land;false;desert;1
2606;184;212;117;land;true;forest;1
2607;231;211;205;land;true;plains;1
2608;18;249;254;land;false;jungle;1
2609;186;237;179;land;false;desert;1
2610;245;192;222;land;false;marsh;1
2611;150;186;213;land;false;desert;1
2612;203;224;143;land;false;marsh;1
2613;211;120;254;land;false;jungle;1
2614;232;143;136;land;true;marsh;1
2615;248;197;234;land;false;desert;1
2616;222;123;204;land;false;mountain;1
2617;183;250;164;land;false;plains;1
2618;197;140;206;land;false;marsh;1
2619;251;104;228;land;false;desert;1
2620;206;183;246;land;false;marsh;1
2621;99;212;234;land;false;plains;1
2622;59;205;254;land;false;marsh;1
2623;230;48;234;land;true;marsh;1
2624;172;213;151;land;false;plains;1
2625;238;133;131;land;true;mountain;1
2626;193;164;166;land;false;marsh;1
2627;129;184;254;land;false;marsh;1
2628;193;228;207;land;true;mountain;1
2629;139;210;184;land;false;mountain;1
2630;248;229;222;land;true;jungle;1
2631;224;152;152;land;true;marsh;1
2632;233;233;233;land;true;marsh;1
2633;215;216;160;land;false;marsh;1
2634;153;129;225;land;false;marsh;1
2635;242;79;225;land;false;plains;1
2636;211;204;110;land;true;mountain;1
2637;208;177;167;land;false;desert;1
2638;124;249;159;land;true;marsh;1
2639;239;236;165;land;true;mountain;1
2640;88;243;191;land;true;desert;1
2641;243;155;103;land;true;forest;1
2642;157;244;243;land;true;marsh;1
2643;222;191;123;land;false;marsh;1
2644;241;70;216;land;true;marsh;1
2645;216;225;157;land;false;jungle;1
2646;229;203;216;land;false;jungle;1
2647;176;209;222;land;true;mountain;1
2648;244;233;246;land;false;jungle;1
2649;241;137;254;land;false;marsh;1
2650;254;226;155;land;false;desert;1
2651;137;141;251;land;true;desert;1
2652;247;125;167;land;true;mountain;1
2653;201;202;146;land;true;marsh;1
2654;129;188;224;land;true;mountain;1
2655;96;230;239;land;false;forest;1
2656;234;231;64;land;false;forest;1
2657;210;206;224;land;true;marsh;1
2658;37;221;251;land;true;marsh;1
2659;88;213;221;land;true;marsh;1
2660;108;228;201;land;false;jungle;1
2661;212;227;123;land;true;plains;1
2662;154;169;203;land;false;desert;1
2663;234;123;229;land;false;marsh;1
2664;226;215;181;land;false;mountain;1
2665;252;253;56;land;false;desert;1
2666;224;191;208;land;false;mountain;1
2667;219;116;250;land;false;mountain;1
2668;236;179;161;land;false;jungle;1
2669;225;209;233;land;true;marsh;1
2670;226;219;237;land;false;hills;1
2671;206;138;167;land;false;marsh;1
2672;177;197;172;land;true;marsh;1
2673;216;64;243;land;false;marsh;1
2674;211;122;249;land;true;marsh;1
2675;251;170;99;land;false;marsh;1
2676;202;218;105;land;true;desert;1
2677;173;241;117;land;true;marsh;1
2678;211;233;86;land;false;desert;1
2679;92;250;217;land;false;marsh;1
2680;253;19;229;land;true;marsh;1
2681;185;177;227;land;false;desert;1
2682;210;253;205;land;true;marsh;1
2683;213;185;238;land;false;desert;1
2684;192;138;195;land;false;urban;1
2685;221;215;153;land;false;marsh;1
2686;192;214;113;land;false;mountain;1
2687;161;235;240;land;false;mountain;1
2688;155;126;244;land;true;marsh;1
2689;152;187;224;land;false;marsh;1
2690;230;182;164;land;false;jungle;1
2691;88;190;230;land;true;marsh;1
2692;235;252;67;land;false;marsh;1
2693;215;247;114;land;false;marsh;1
2694;250;206;196;land;false;marsh;1
2695;132;225;206;land;false;desert;1
2696;191;177;221;land;true;mountain;1
2697;208;119;221;land;false;marsh;1
2698;251;214;227;land;false;desert;1
2699;250;167;185;land;true;jungle;1
2700;241;95;243;land;false;marsh;1
2701;124;248;147;land;true;marsh;1
2702;224;217;84;land;true;desert;1
2703;181;203;193;land;false;desert;1
2704;198;124;218;land;true;marsh;1
2705;175;253;93;land;false;mountain;1
2706;218;155;180;land;false;marsh;1
2707;193;129;188;land;false;desert;1
2708;140;206;155;land;false;plains;1
2709;109;253;209;land;true;marsh;1
2710;243;151;113;land;false;marsh;1
2711;172;152;220;land;true;plains;1
2712;143;154;250;land;false;mountain;1
2713;199;215;98;land;false;mountain;1
2714;182;173;219;land;false;hills;1
2715;163;151;243;land;true;marsh;1
2716;252;253;144;land;true;marsh;1
2717;200;209;162;land;false;marsh;1
2718;215;175;161;land;false;marsh;1
2719;152;176;239;land;false;marsh;1
2720;186;226;249;land;true;marsh;1
2721;240;187;205;land;true;mountain;1
2722;231;252;225;land;false;desert;1
2723;105;208;207;land;true;marsh;1
2724;252;240;81;land;false;urban;1
2725;201;131;213;land;false;plains;1
2726;196;131;237;land;false;mountain;1
2727;248;226;205;land;true;desert;1
2728;159;199;222;land;false;mountain;1
2729;200;194;236;land;false;plains;1
2730;203;183;144;land;true;marsh;1
2731;107;175;240;land;true;jungle;1
2732;147;162;221;land;false;desert;1
2733;211;202;126;land;true;mountain;1
2734;223;237;121;land;false;desert;1
2735;242;218;191;land;true;mountain;1
2736;210;119;245;land;false;desert;1
2737;197;143;206;land;false;mountain;1
2738;205;150;207;land;true;mountain;1
2739;236;103;224;land;false;marsh;1
2740;249;101;226;land;false;marsh;1
2741;146;246;124;land;false;desert;1
2742;154;178;203;land;true;marsh;1
2743;169;221;174;land;false;marsh;1
2744;252;89;175;land;false;marsh;1
2745;182;157;170;land;true;marsh;1
2746;225;176;243;land;true;marsh;1
2747;197;233;127;land;true;marsh;1
2748;195;253;129;land;false;desert;1
2749;208;204;234;land;false;marsh;1
2750;198;117;253;land;false;jungle;1
2751;159;245;112;land;true;marsh;1
2752;237;226;142;land;true;mountain;1
2753;149;205;169;land;false;marsh;1
2754;153;171;240;land;false;desert;1
2755;119;244;175;land;false;desert;1
2756;217;204;80;land;true;forest;1
2757;225;242;126;land;false;jungle;1
2758;245;71;216;land;true;forest;1
2759;220;100;250;land;false;jungle;1
2760;84;245;254;land;false;desert;1
2761;240;248;93;land;true;marsh;1
2762;209;236;230;land;false;desert;1
2763;179;198;157;land;false;desert;1
2764;198;89;248;land;false;marsh;1
2765;251;210;226;land;false;forest;1
2766;229;94;208;land;false;marsh;1
2767;120;154;237;land;true;marsh;1
2768;216;222;164;land;false;plains;1
2769;219;193;213;land;false;marsh;1
2770;90;181;247;land;false;hills;1
2771;122;146;242;land;true;marsh;1
2772;200;240;168;land;true;plains;1
2773;216;180;146;land;true;plains;1
2774;93;207;252;land;true;jungle;1
2775;115;154;251;land;false;mountain;1
2776;209;151;230;land;true;marsh;1
2777;228;217;82;land;false;plains;1
2778;216;224;88;land;false;jungle;1
2779;162;173;187;land;false;forest;1
2780;192;208;133;land;true;mountain;1
2781;245;172;234;land;false;marsh;1
2782;231;40;238;land;true;forest;1
2783;197;179;207;land;true;jungle;1
2784;237;215;185;land;true;mountain;1
2785;146;179;198;land;false;forest;1
2786;243;153;209;land;false;jungle;1
2787;199;145;158;land;true;marsh;1
2788;99;192;235;land;false;jungle;1
2789;240;182;92;land;true;desert;1
2790;187;178;241;land;true;marsh;1
2791;149;127;242;land;true;jungle;1
2792;224;145;235;land;true;marsh;1
2793;220;197;226;land;false;mountain;1
2794;238;180;195;land;true;forest;1
2795;200;140;225;land;false;mountain;1
2796;78;226;215;land;false;plains;1
2797;209;40;252;land;true;mountain;1
2798;233;186;112;land;false;desert;1
2799;191;127;243;land;false;desert;1
2800;230;219;242;land;false;marsh;1
2801;147;141;247;land;true;marsh;1
2802;181;221;100;land;false;jungle;1
2803;143;232;243;land;true;jungle;1
2804;224;226;85;land;true;marsh;1
2805;235;96;170;land;false;marsh;1
2806;242;206;131;land;false;marsh;1
2807;224;232;78;land;false;desert;1
2808;188;157;192;land;false;mountain;1
2809;247;138;197;land;false;jungle;1
2810;235;151;124;land;false;plains;1
2811;202;93;235;land;true;marsh;1
2812;164;165;173;land;false;plains;1
2813;195;117;215;land;false;forest;1
2814;214;198;242;land;true;forest;1
2815;219;247;76;land;true;marsh;1
2816;150;194;194;land;false;marsh;1
2817;245;199;57;land;true;mountain;1
2818;219;120;239;land;true;mountain;1
2819;176;207;225;land;true;marsh;1
2820;171;234;115;land;true;marsh;1
2821;170;95;243;land;true;marsh;1
2822;197;126;243;land;false;desert;1
2823;194;221;111;land;false;desert;1
2824;245;202;239;land;false;marsh;1
2825;217;154;167;land;true;marsh;1
2826;203;113;240;land;true;mountain;1
2827;165;225;225;land;true;forest;1
2828;208;181;135;land;false;jungle;1
2829;70;221;225;land;true;marsh;1
2830;195;108;247;land;false;marsh;1
2831;154;248;254;land;false;plains;1
2832;95;216;237;land;true;mountain;1
2833;85;213;212;land;false;marsh;1
2834;134;196;212;land;true;marsh;1
2835;239;196;151;land;true;plains;1
2836;149;148;204;land;false;jungle;1
2837;236;149;150;land;false;jungle;1
2838;143;238;211;land;false;marsh;1
2839;183;247;229;land;true;marsh;1
2840;147;182;192;land;true;marsh;1
2841;140;253;154;land;true;marsh;1
2842;242;147;217;land;false;marsh;1
2843;144;238;172;land;false;mountain;1
2844;210;224;222;land;true;marsh;1
2845;191;242;153;land;false;jungle;1
2846;208;243;216;land;true;mountain;1
2847;254;63;217;land;true;desert;1
2848;152;243;143;land;true;marsh;1
2849;248;64;252;land;true;jungle;1
2850;210;114;211;land;true;plains;1
2851;207;245;192;land;false;marsh;1
2852;69;244;254;land;true;marsh;1
2853;252;209;146;land;false;marsh;1
2854;154;239;108;land;true;marsh;1
2855;235;54;228;land;false;forest;1
2856;251;14;239;land;true;mountain;1
2857;248;229;68;land;false;mountain;1
2858;188;219;206;land;false;marsh;1
2859;182;146;232;land;false;jungle;1
2860;140;188;201;land;false;desert;1
2861;143;112;247;land;false;marsh;1
2862;167;125;243;land;false;jungle;1
2863;134;237;172;land;false;marsh;1
2864;172;187;244;land;false;jungle;1
2865;241;32;229;land;false;mountain;1
2866;246;242;32;land;false;marsh;1
2867;174;139;238;land;false;marsh;1
2868;227;59;251;land;false;marsh;1
2869;207;208;91;land;false;mountain;1
2870;146;202;246;land;false;marsh;1
2871;240;119;151;land;false;marsh;1
2872;141;181;242;land;false;marsh;1
2873;191;150;252;land;true;mountain;1
2874;152;221;129;land;false;marsh;1
2875;250;141;140;land;true;marsh;1
2876;211;160;193;land;true;mountain;1
2877;113;225;164;land;false;marsh;1
2878;221;190;98;land;false;mountain;1
2879;210;96;250;land;false;jungle;1
2880;242;237;61;land;false;marsh;1
2881;161;254;197;land;false;desert;1
2882;166;177;247;land;true;forest;1
2883;215;230;244;land;true;mountain;1
2884;153;141;231;land;false;jungle;1
2885;237;162;192;land;false;mountain;1
2886;242;235;40;land;true;marsh;1
2887;158;213;149;land;true;forest;1
2888;234;110;185;land;true;mountain;1
2889;218;209;150;land;false;plains;1
2890;253;209;188;land;false;marsh;1
2891;227;60;226;land;false;desert;1
2892;228;228;91;land;true;marsh;1
2893;193;239;155;land;false;marsh;1
2894;155;171;231;land;true;mountain;1
2895;179;158;200;land;false;jungle;1
2896;208;151;207;land;false;desert;1
2897;138;202;224;land;false;marsh;1
2898;221;245;223;land;false;mountain;1
2899;252;72;253;land;true;marsh;1
2900;105;233;243;land;false;plains;1
2901;212;137;185;land;false;marsh;1
2902;174;251;216;land;false;mountain;1
2903;167;250;173;land;true;marsh;1
2904;105;213;237;land;false;mountain;1
2905;149;208;167;land;true;marsh;1
2906;236;69;242;land;true;mountain;1
2907;171;216;125;land;true;mountain;1
2908;209;238;176;land;true;mountain;1
2909;128;236;170;land;true;mountain;1
2910;249;165;150;land;true;mountain;1
2911;215;222;228;land;true;marsh;1
2912;251;252;188;land;true;mountain;1
2913;134;241;218;land;true;mountain;1
2914;123;225;177;land;true;mountain;1
2915;157;121;254;land;true;marsh;1
2916;155;228;154;land;true;mountain;1
2917;228;197;97;land;true;marsh;1
2918;95;199;247;land;true;marsh;1
2919;205;151;156;land;true;mountain;1
2920;141;251;115;land;true;mountain;1
2921;249;148;146;land;true;mountain;1
2922;202;251;224;land;true;mountain;1
2923;232;173;246;land;true;mountain;1
2924;185;107;243;land;true;marsh;1
2925;204;199;231;land;true;marsh;1
2926;240;181;239;land;true;mountain;1
2927;239;214;225;land;false;mountain;1
2928;244;230;46;land;false;mountain;1
2929;244;213;117;land;true;mountain;1
2930;181;241;87;land;true;marsh;1
2931;228;151;164;land;true;mountain;1
2932;215;225;80;land;true;forest;1
2933;111;221;232;land;true;marsh;1
2934;157;244;108;land;true;marsh;1
2935;254;108;171;land;true;mountain;1
2936;197;224;206;land;true;mountain;1
2937;150;184;181;land;true;marsh;1
2938;233;215;186;land;true;mountain;1
2939;218;247;88;land;true;marsh;1
2940;244;150;137;land;true;mountain;1
2941;83;250;231;land;true;marsh;1
2942;240;92;198;land;true;mountain;1
2943;234;216;219;land;true;forest;1
2944;252;158;237;land;false;marsh;1
2945;128;193;231;land;true;marsh;1
2946;236;62;232;land;true;mountain;1
2947;54;250;214;land;false;mountain;1
2948;203;143;174;land;true;marsh;1
2949;211;150;252;land;false;marsh;1
2950;237;210;215;land;false;mountain;1
2951;165;212;218;land;false;mountain;1
2952;199;139;224;land;true;forest;1
2953;231;119;168;land;true;mountain;1
2954;130;186;189;land;true;marsh;1
2955;254;167;191;land;false;mountain;1
2956;188;172;185;land;false;mountain;1
2957;216;199;243;land;false;marsh;1
2958;168;188;150;land;false;mountain;1
2959;181;109;214;land;false;marsh;1
2960;243;242;148;land;true;marsh;1
2961;220;188;99;land;true;mountain;1
2962;99;218;200;land;false;mountain;1
2963;195;225;242;land;false;marsh;1
2964;146;231;144;land;false;mountain;1
2965;203;218;194;land;false;marsh;1
2966;158;136;228;land;true;mountain;1
2967;174;231;159;land;true;mountain;1
2968;242;96;198;land;false;mountain;1
2969;90;228;230;land;false;marsh;1
2970;220;234;99;land;false;mountain;1
2971;236;105;247;land;false;marsh;1
2972;164;137;251;land;false;marsh;1
2973;175;222;177;land;false;mountain;1
2974;194;221;168;land;true;forest;1
2975;150;199;189;land;false;mountain;1
2976;236;156;249;land;false;mountain;1
2977;122;221;174;land;false;marsh;1
2978;154;152;245;land;false;marsh;1
2979;170;249;106;land;false;mountain;1
2980;235;228;143;land;false;marsh;1
2981;246;129;180;land;true;mountain;1
2982;113;242;179;land;true;marsh;1
2983;251;253;228;land;false;marsh;1
2984;225;172;193;land;false;marsh;1
2985;221;100;224;land;true;mountain;1
2986;86;234;237;land;false;mountain;1
2987;198;101;218;land;false;marsh;1
2988;197;222;145;land;false;marsh;1
2989;117;177;244;land;true;marsh;1
2990;227;176;226;land;true;mountain;1
2991;233;217;145;land;false;marsh;1
2992;220;198;247;land;false;mountain;1
2993;229;173;227;land;true;forest;1
2994;231;245;134;land;true;mountain;1
2995;218;190;177;land;false;mountain;1
2996;205;254;101;land;false;mountain;1
2997;177;239;135;land;false;marsh;1
2998;236;172;234;land;false;marsh;1
2999;253;240;119;land;false;marsh;1
3000;218;133;198;land;false;marsh;1
3001;213;189;213;land;false;mountain;1
3002;164;165;252;land;false;mountain;1
3003;237;168;130;land;true;mountain;1
3004;179;130;244;land;true;mountain;1
3005;178;207;164;land;false;mountain;1
3006;240;53;209;land;false;mountain;1
3007;251;167;222;land;false;mountain;1
3008;164;210;181;land;false;mountain;1
3009;198;115;209;land;true;mountain;1
3010;156;254;154;land;true;plains;1
3011;226;181;248;land;false;mountain;1
3012;232;125;156;land;true;mountain;1
3013;130;182;205;land;false;marsh;1
3014;182;187;244;land;false;mountain;1
3015;153;158;235;land;true;mountain;1
3016;225;191;253;land;true;mountain;1
3017;163;233;212;land;false;mountain;1
3018;223;236;241;land;false;mountain;1
3019;185;192;138;land;true;plains;1
3020;225;226;70;land;false;marsh;1
3021;179;164;174;land;true;mountain;1
3022;186;222;205;land;false;mountain;1
3023;225;75;216;land;false;mountain;1
3024;169;151;225;land;false;marsh;1
3025;223;120;185;land;false;mountain;1
3026;182;136;192;land;false;mountain;1
3027;250;73;218;land;true;mountain;1
3028;82;206;218;land;false;marsh;1
3029;203;118;224;land;false;mountain;1
3030;244;172;117;land;false;mountain;1
3031;243;148;226;land;true;mountain;1
3032;103;247;209;land;true;mountain;1
3033;193;224;189;land;false;mountain;1
3034;191;93;236;land;false;marsh;1
3035;201;208;124;land;false;mountain;1
3036;93;202;233;land;true;mountain;1
3037;252;167;249;land;false;marsh;1
3038;202;240;206;land;false;marsh;1
3039;187;237;164;land;false;mountain;1
3040;253;116;167;land;true;marsh;1
3041;229;73;231;land;false;mountain;1
3042;221;106;243;land;false;mountain;1
3043;154;131;251;land;false;marsh;1
3044;241;212;124;land;false;forest;1
3045;253;12;239;land;false;mountain;1
3046;135;242;210;land;false;mountain;1
3047;208;198;147;land;false;mountain;1
3048;253;186;196;land;false;mountain;1
3049;181;122;210;land;false;mountain;1
3050;237;225;210;land;true;plains;1
3051;252;188;108;land;false;marsh;1
3052;196;202;227;land;false;marsh;1
3053;115;234;254;land;true;mountain;1
3054;206;216;90;land;true;mountain;1
3055;182;203;190;land;false;mountain;1
3056;223;203;233;land;false;mountain;1
3057;86;238;177;land;false;mountain;1
3058;226;171;181;land;false;marsh;1
3059;214;190;232;land;false;mountain;1
3060;202;118;250;land;false;forest;1
3061;237;194;96;land;false;marsh;1
3062;164;238;174;land;true;mountain;1
3063;251;170;172;land;false;marsh;1
3064;127;247;231;land;false;mountain;1
3065;215;155;209;land;false;mountain;1
3066;162;111;231;land;true;marsh;1
3067;168;233;101;land;false;marsh;1
3068;172;205;138;land;false;marsh;1
3069;185;87;254;land;false;mountain;1
3070;218;82;241;land;false;marsh;1
3071;229;229;177;land;false;mountain;1
3072;232;208;158;land;false;mountain;1
3073;200;103;210;land;false;marsh;1
3074;239;56;228;land;true;plains;1
3075;229;213;249;land;true;mountain;1
3076;249;191;89;land;true;mountain;1
3077;200;242;184;land;false;marsh;1
3078;206;135;227;land;true;mountain;1
3079;204;135;249;land;false;mountain;1
3080;75;238;204;land;false;mountain;1
3081;238;220;177;land;false;mountain;1
3082;190;190;212;land;false;forest;1
3083;108;228;192;land;false;marsh;1
3084;156;139;206;land;false;mountain;1
3085;173;104;254;land;false;marsh;1
3086;240;141;233;land;true;mountain;1
3087;129;254;144;land;false;mountain;1
3088;240;28;234;land;false;marsh;1
3089;195;234;182;land;false;marsh;1
3090;127;161;253;land;false;mountain;1
3091;208;186;144;land;true;mountain;1
3092;244;101;249;land;false;marsh;1
3093;137;170;227;land;false;marsh;1
3094;161;246;149;land;true;mountain;1
3095;234;243;159;land;false;mountain;1
3096;217;250;206;land;false;mountain;1
3097;180;229;193;land;false;marsh;1
3098;204;245;53;land;false;mountain;1
3099;219;240;175;land;true;marsh;1
3100;247;197;162;land;false;forest;1
3101;223;201;94;land;false;marsh;1
3102;211;220;92;land;true;mountain;1
3103;167;103;254;land;false;mountain;1
3104;167;250;87;land;true;forest;1
3105;241;238;83;land;true;forest;1
3106;203;188;124;land;false;marsh;1
3107;165;191;236;land;false;mountain;1
3108;192;212;215;land;false;marsh;1
3109;233;164;217;land;true;mountain;1
3110;182;235;142;land;false;mountain;1
3111;239;192;125;land;false;mountain;1
3112;148;241;150;land;false;mountain;1
3113;239;211;135;land;true;mountain;1
3114;105;229;228;land;true;mountain;1
3115;211;161;233;land;true;mountain;1
3116;231;234;161;land;false;mountain;1
3117;159;160;225;land;true;mountain;1
3118;90;218;253;land;false;marsh;1
3119;162;254;242;land;true;marsh;1
3120;231;129;195;land;true;marsh;1
3121;100;220;216;land;false;mountain;1
3122;194;111;221;land;true;forest;1
3123;138;230;252;land;false;marsh;1
3124;176;234;174;land;true;mountain;1
3125;194;180;128;land;false;mountain;1
3126;209;245;204;land;false;mountain;1
3127;116;212;210;land;false;mountain;1
3128;234;153;153;land;false;marsh;1
3129;216;252;199;land;false;mountain;1
3130;102;242;234;land;true;mountain;1
3131;210;235;186;land;false;marsh;1
3132;47;244;230;land;true;marsh;1
3133;209;241;199;land;false;mountain;1
3134;204;235;156;land;false;mountain;1
3135;212;204;156;land;false;mountain;1
3136;117;219;170;land;false;mountain;1
3137;106;254;198;land;false;mountain;1
3138;104;229;241;land;true;mountain;1
3139;239;227;94;land;false;marsh;1
3140;253;212;75;land;false;marsh;1
3141;94;208;235;land;false;marsh;1
3142;218;239;239;land;false;mountain;1
3143;247;217;140;land;false;mountain;1
3144;244;238;24;land;true;mountain;1
3145;230;221;199;land;false;marsh;1
3146;215;80;221;land;true;forest;1
3147;224;204;209;land;true;mountain;1
3148;229;223;190;land;true;marsh;1
3149;238;226;124;land;false;mountain;1
3150;250;237;200;land;false;marsh;1
3151;164;131;234;land;false;marsh;1
3152;246;243;99;land;false;mountain;1
3153;217;232;168;land;false;marsh;1
3154;221;228;137;land;false;mountain;1
3155;162;114;231;land;false;mountain;1
3156;95;214;248;land;false;mountain;1
3157;230;186;112;land;false;mountain;1
3158;161;194;250;land;false;marsh;1
3159;180;104;224;land;false;mountain;1
3160;205;152;199;land;false;mountain;1
3161;154;250;133;land;true;mountain;1
3162;188;240;232;land;false;mountain;1
3163;221;237;93;land;false;marsh;1
3164;205;232;139;land;false;mountain;1
3165;106;222;211;land;false;mountain;1
3166;193;119;247;land;true;marsh;1
3167;244;37;238;land;false;mountain;1
3168;205;203;222;land;false;mountain;1
3169;184;136;235;land;true;mountain;1
3170;210;237;108;land;false;mountain;1
3171;151;236;247;land;true;marsh;1
3172;150;240;254;land;false;marsh;1
3173;234;224;74;land;false;mountain;1
3174;165;161;200;land;true;forest;1
3175;224;200;218;land;false;mountain;1
3176;223;154;233;land;false;mountain;1
3177;228;219;162;land;false;mountain;1
3178;177;110;249;land;true;marsh;1
3179;146;232;242;land;true;mountain;1
3180;219;146;192;land;true;marsh;1
3181;243;67;225;land;false;mountain;1
3182;249;98;237;land;false;marsh;1
3183;191;251;103;land;false;marsh;1
3184;159;251;228;land;true;mountain;1
3185;252;219;176;land;false;mountain;1
3186;212;133;211;land;false;mountain;1
3187;80;252;177;land;false;marsh;1
3188;150;251;132;land;false;mountain;1
3189;248;207;144;land;false;mountain;1
3190;187;219;150;land;false;mountain;1
3191;252;225;47;land;true;forest;1
3192;242;169;108;land;false;mountain;1
3193;236;173;183;land;false;forest;1
3194;76;191;247;land;false;marsh;1
3195;105;251;252;land;true;marsh;1
3196;214;223;65;land;true;mountain;1
3197;212;148;180;land;false;mountain;1
3198;242;72;245;land;false;mountain;1
3199;203;120;252;land;false;marsh;1
3200;127;251;137;land;false;marsh;1
3201;151;160;231;land;false;mountain;1
3202;191;103;236;land;false;marsh;1
3203;79;220;235;land;false;marsh;1
3204;251;154;238;land;true;jungle;1
3205;97;234;251;land;false;marsh;1
3206;206;211;128;land;false;mountain;1
3207;149;224;149;land;false;mountain;1
3208;246;98;158;land;false;marsh;1
3209;252;44;215;land;false;marsh;1
3210;233;137;172;land;true;jungle;1
3211;39;253;251;land;true;jungle;1
3212;181;186;253;land;true;marsh;1
3213;207;97;217;land;true;mountain;1
3214;169;248;112;land;false;marsh;1
3215;116;232;161;land;true;mountain;1
3216;210;84;223;land;false;marsh;1
3217;192;199;219;land;false;forest;1
3218;203;153;149;land;false;mountain;1
3219;198;236;199;land;false;marsh;1
3220;49;208;247;land;false;mountain;1
3221;155;160;204;land;true;forest;1
3222;158;185;185;land;false;mountain;1
3223;135;230;253;land;false;mountain;1
3224;203;149;171;land;true;mountain;1
3225;215;182;248;land;false;marsh;1
3226;158;137;241;land;false;marsh;1
3227;151;122;234;land;false;mountain;1
3228;167;180;160;land;true;mountain;1
3229;156;181;204;land;false;mountain;1
3230;227;174;109;land;true;marsh;1
3231;253;225;37;land;false;mountain;1
3232;126;126;251;land;false;mountain;1
3233;172;165;213;land;true;marsh;1
3234;203;88;210;land;true;marsh;1
3235;181;218;206;land;false;mountain;1
3236;136;127;245;land;false;mountain;1
3237;76;244;251;land;false;mountain;1
3238;246;165;138;land;false;marsh;1
3239;211;251;111;land;false;marsh;1
3240;171;193;218;land;false;marsh;1
3241;83;223;209;land;true;mountain;1
3242;240;216;157;land;false;mountain;1
3243;168;212;158;land;false;mountain;1
3244;168;154;195;land;false;marsh;1
3245;132;171;225;land;true;forest;1
3246;194;205;179;land;true;marsh;1
3247;204;131;174;land;false;marsh;1
3248;245;207;192;land;true;forest;1
3249;55;219;236;land;false;mountain;1
3250;237;231;116;land;true;marsh;1
3251;228;231;123;land;false;mountain;1
3252;136;236;181;land;true;forest;1
3253;233;99;214;land;true;marsh;1
3254;233;249;54;land;false;mountain;1
3255;193;95;221;land;false;mountain;1
3256;214;235;166;land;false;mountain;1
3257;142;218;226;land;false;mountain;1
3258;108;250;153;land;false;marsh;1
3259;197;106;204;land;false;marsh;1
3260;153;251;155;land;false;mountain;1
3261;249;89;247;land;false;marsh;1
3262;208;248;190;land;false;marsh;1
3263;216;209;77;land;false;marsh;1
3264;241;190;206;land;false;mountain;1
3265;235;238;180;land;false;marsh;1
3266;236;123;235;land;false;marsh;1
3267;250;231;34;land;false;mountain;1
3268;178;203;154;land;true;mountain;1
3269;233;188;146;land;true;jungle;1
3270;164;201;137;land;false;marsh;1
3271;207;114;211;land;false;mountain;1
3272;200;221;232;land;false;mountain;1
3273;130;254;126;land;false;forest;1
3274;218;190;183;land;false;mountain;1
3275;206;219;92;land;true;marsh;1
3276;199;106;201;land;false;mountain;1
3277;186;170;241;land;true;mountain;1
3278;213;194;135;land;true;mountain;1
3279;73;252;215;land;true;jungle;1
3280;236;156;165;land;true;forest;1
3281;86;240;178;land;false;marsh;1
3282;182;147;175;land;true;marsh;1
3283;214;173;231;land;true;forest;1
3284;213;238;149;land;false;mountain;1
3285;246;75;235;land;false;marsh;1
3286;217;130;182;land;false;marsh;1
3287;210;250;244;land;false;marsh;1
3288;254;231;125;land;false;mountain;1
3289;195;109;203;land;false;mountain;1
3290;211;90;207;land;false;mountain;1
3291;227;216;164;land;false;mountain;1
3292;240;160;171;land;false;forest;1
3293;119;211;209;land;false;mountain;1
3294;230;138;185;land;true;forest;1
3295;127;223;209;land;true;marsh;1
3296;202;218;162;land;false;mountain;1
3297;104;248;187;land;false;mountain;1
3298;222;182;127;land;false;marsh;1
3299;197;149;240;land;false;mountain;1
3300;199;246;100;land;false;marsh;1
3301;178;178;224;land;true;mountain;1
3302;218;94;243;land;true;mountain;1
3303;254;178;232;land;true;forest;1
3304;58;243;235;land;false;marsh;1
3305;156;241;242;land;false;mountain;1
3306;154;190;210;land;false;mountain;1
3307;171;186;237;land;false;marsh;1
3308;213;111;237;land;false;marsh;1
3309;171;163;220;land;false;marsh;1
3310;254;197;177;land;true;forest;1
3311;192;178;235;land;true;forest;1
3312;101;254;149;land;false;forest;1
3313;219;95;223;land;false;marsh;1
3314;148;224;207;land;false;mountain;1
3315;171;189;186;land;false;mountain;1
3316;202;212;233;land;false;mountain;1
3317;81;250;194;land;true;marsh;1
3318;199;137;218;land;false;mountain;1
3319;175;187;171;land;false;marsh;1
3320;237;182;155;land;false;mountain;1
3321;171;146;220;land;false;forest;1
3322;235;247;253;land;true;marsh;1
3323;223;197;231;land;false;mountain;1
3324;196;207;209;land;false;mountain;1
3325;127;234;231;land;true;marsh;1
3326;252;129;215;land;false;mountain;1
3327;189;215;223;land;false;marsh;1
3328;194;249;70;land;false;mountain;1
3329;176;169;157;land;false;marsh;1
3330;227;55;242;land;true;marsh;1
3331;223;172;120;land;false;mountain;1
3332;113;217;178;land;false;marsh;1
3333;191;211;142;land;false;mountain;1
3334;211;192;169;land;false;marsh;1
3335;180;208;144;land;false;mountain;1
3336;128;185;191;land;false;mountain;1
3337;184;172;146;land;false;marsh;1
3338;205;223;164;land;false;marsh;1
3339;41;236;227;land;false;marsh;1
3340;195;114;219;land;true;forest;1
3341;209;220;181;land;false;forest;1
3342;193;207;143;land;false;forest;1
3343;208;97;219;land;false;marsh;1
3344;238;84;199;land;false;mountain;1
3345;211;224;139;land;false;urban;1
3346;216;138;172;land;false;mountain;1
3347;127;196;217;land;true;mountain;1
3348;199;157;187;land;false;mountain;1
3349;245;115;233;land;false;marsh;1
3350;243;207;65;land;true;mountain;1
3351;204;88;238;land;false;mountain;1
3352;229;229;190;land;false;mountain;1
3353;201;188;167;land;false;mountain;1
3354;225;176;105;land;true;mountain;1
3355;147;185;233;land;false;marsh;1
3356;186;216;200;land;true;marsh;1
3357;139;217;242;land;false;marsh;1
3358;206;116;251;land;false;mountain;1
3359;181;163;200;land;true;forest;1
3360;248;118;214;land;false;mountain;1
3361;172;203;169;land;false;mountain;1
3362;162;122;240;land;true;mountain;1
3363;228;138;238;land;false;mountain;1
3364;182;217;160;land;false;mountain;1
3365;224;165;206;land;false;marsh;1
3366;153;232;141;land;false;mountain;1
3367;249;245;73;land;false;mountain;1
3368;250;243;146;land;false;marsh;1
3369;181;230;197;land;false;mountain;1
3370;218;154;158;land;false;mountain;1
3371;184;185;232;land;true;forest;1
3372;155;208;177;land;false;mountain;1
3373;208;232;107;land;false;mountain;1
3374;221;192;221;land;false;mountain;1
3375;243;103;188;land;false;marsh;1
3376;247;215;136;land;false;mountain;1
3377;113;237;179;land;false;marsh;1
3378;113;200;243;land;false;mountain;1
3379;254;225;208;land;false;marsh;1
3380;189;193;152;land;false;marsh;1
3381;203;160;189;land;false;marsh;1
3382;214;252;194;land;false;mountain;1
3383;90;182;249;land;true;mountain;1
3384;241;226;74;land;true;mountain;1
3385;116;231;200;land;false;marsh;1
3386;158;200;144;land;false;marsh;1
3387;201;150;250;land;false;mountain;1
3388;170;202;131;land;false;marsh;1
3389;200;229;171;land;false;mountain;1
3390;223;196;165;land;false;mountain;1
3391;150;237;215;land;false;marsh;1
3392;86;179;249;land;false;marsh;1
3393;181;253;223;land;true;mountain;1
3394;231;191;147;land;true;marsh;1
3395;214;180;129;land;true;marsh;1
3396;127;249;178;land;false;mountain;1
3397;251;136;227;land;true;mountain;1
3398;205;206;171;land;false;mountain;1
3399;201;239;239;land;false;marsh;1
3400;239;41;237;land;true;marsh;1
3401;162;231;210;land;false;mountain;1
3402;230;184;105;land;false;forest;1
3403;182;253;70;land;false;marsh;1
3404;178;118;213;land;false;mountain;1
3405;245;251;91;land;false;forest;1
3406;235;235;61;land;true;marsh;1
3407;217;178;152;land;false;marsh;1
3408;190;239;221;land;false;marsh;1
3409;195;89;245;land;true;marsh;1
3410;181;239;109;land;true;forest;1
3411;71;221;228;land;false;mountain;1
3412;237;53;244;land;false;mountain;1
3413;159;240;145;land;false;mountain;1
3414;254;223;73;land;false;marsh;1
3415;67;249;206;land;false;mountain;1
3416;216;243;183;land;false;mountain;1
3417;223;128;246;land;false;marsh;1
3418;236;140;251;land;false;marsh;1
3419;199;183;124;land;false;mountain;1
3420;200;179;125;land;false;marsh;1
3421;244;118;210;land;false;mountain;1
3422;172;229;168;land;false;mountain;1
3423;187;250;203;land;true;marsh;1
3424;231;197;248;land;false;mountain;1
3425;145;240;228;land;false;mountain;1
3426;124;163;243;land;false;marsh;1
3427;237;231;183;land;false;mountain;1
3428;35;254;217;land;true;marsh;1
3429;165;210;254;land;false;mountain;1
3430;160;126;222;land;false;marsh;1
3431;159;138;233;land;false;marsh;1
3432;38;237;241;land;true;marsh;1
3433;181;160;240;land;false;mountain;1
3434;38;242;232;land;true;forest;1
3435;186;237;233;land;true;marsh;1
3436;106;175;226;land;false;mountain;1
3437;155;173;252;land;false;mountain;1
3438;241;254;115;land;true;marsh;1
3439;196;144;177;land;false;marsh;1
3440;222;141;152;land;false;mountain;1
3441;247;37;253;land;false;mountain;1
3442;244;232;208;land;false;mountain;1
3443;110;249;153;land;true;mountain;1
3444;222;222;183;land;true;marsh;1
3445;246;89;236;land;true;mountain;1
3446;188;240;110;land;false;mountain;1
3447;171;254;129;land;false;marsh;1
3448;214;241;221;land;false;forest;1
3449;191;144;201;land;false;mountain;1
3450;209;102;222;land;true;marsh;1
3451;224;134;214;land;false;marsh;1
3452;220;226;78;land;false;forest;1
3453;231;230;134;land;false;marsh;1
3454;245;160;150;land;false;marsh;1
3455;201;91;244;land;false;mountain;1
3456;250;254;33;land;false;marsh;1
3457;237;133;203;land;true;mountain;1
3458;162;145;231;land;true;marsh;1
3459;142;191;192;land;false;mountain;1
3460;248;235;150;land;true;mountain;1
3461;221;146;229;land;true;mountain;1
3462;121;219;201;land;false;mountain;1
3463;185;192;157;land;false;mountain;1
3464;185;205;172;land;false;marsh;1
3465;228;248;160;land;false;marsh;1
3466;108;253;217;land;false;mountain;1
3467;214;156;189;land;true;forest;1
3468;236;232;231;land;true;mountain;1
3469;168;238;169;land;true;mountain;1
3470;233;234;234;land;false;marsh;1
3471;94;245;177;land;false;mountain;1
3472;239;233;153;land;true;marsh;1
3473;196;246;123;land;true;mountain;1
3474;171;105;236;land;true;plains;1
3475;115;155;242;land;false;marsh;1
3476;97;201;206;land;true;forest;1
3477;196;91;229;land;false;mountain;1
3478;223;197;87;land;false;mountain;1
3479;59;219;241;land;false;marsh;1
3480;219;151;181;land;false;mountain;1
3481;217;149;147;land;true;mountain;1
3482;236;214;235;land;true;forest;1
3483;220;178;138;land;false;mountain;1
3484;169;114;242;land;true;mountain;1
3485;236;245;166;land;true;marsh;1
3486;179;246;223;land;false;mountain;1
3487;216;157;214;land;false;mountain;1
3488;233;174;123;land;false;forest;1
3489;124;166;224;land;false;mountain;1
3490;219;94;206;land;true;mountain;1
3491;134;230;254;land;true;mountain;1
3492;226;181;236;land;false;marsh;1
3493;224;134;218;land;true;mountain;1
3494;201;204;205;land;false;marsh;1
3495;166;207;205;land;false;forest;1
3496;229;225;59;land;false;marsh;1
3497;253;58;225;land;false;mountain;1
3498;77;220;215;land;true;mountain;1
3499;247;167;149;land;false;mountain;1
3500;224;209;115;land;false;mountain;1
3501;179;147;218;land;false;marsh;1
3502;218;110;248;land;false;forest;1
3503;206;212;176;land;false;marsh;1
3504;228;212;156;land;false;marsh;1
3505;211;178;128;land;false;mountain;1
3506;127;190;212;land;false;marsh;1
3507;248;111;231;land;true;mountain;1
3508;175;225;224;land;false;forest;1
3509;213;154;236;land;false;marsh;1
3510;133;221;147;land;false;marsh;1
3511;212;215;236;land;false;mountain;1
3512;169;123;244;land;false;mountain;1
3513;250;87;201;land;false;mountain;1
3514;251;169;92;land;true;forest;1
3515;191;229;138;land;false;mountain;1
3516;149;251;248;land;false;mountain;1
3517;229;213;142;land;true;mountain;1
3518;152;230;154;land;false;marsh;1
3519;246;219;99;land;false;forest;1
3520;188;121;252;land;true;marsh;1
3521;216;140;213;land;false;marsh;1
3522;204;244;190;land;false;mountain;1
3523;228;177;112;land;true;plains;1
3524;113;241;242;land;false;marsh;1
3525;178;180;184;land;false;marsh;1
3526;211;92;233;land;true;plains;1
3527;253;157;163;land;false;forest;1
3528;235;165;206;land;false;mountain;1
3529;189;99;231;land;false;mountain;1
3530;215;168;225;land;false;forest;1
3531;215;228;217;land;false;marsh;1
3532;159;234;220;land;true;mountain;1
3533;244;228;160;land;true;forest;1
3534;241;186;143;land;true;marsh;1
3535;155;110;247;land;false;marsh;1
3536;151;195;254;land;false;marsh;1
3537;252;253;198;land;false;marsh;1
3538;217;184;231;land;false;mountain;1
3539;115;239;161;land;true;plains;1
3540;171;233;184;land;true;marsh;1
3541;209;134;193;land;true;mountain;1
3542;102;247;239;land;true;plains;1
3543;199;86;227;land;true;forest;1
3544;153;108;251;land;false;marsh;1
3545;197;182;135;land;true;mountain;1
3546;249;141;227;land;false;forest;1
3547;231;211;66;land;true;plains;1
3548;198;90;219;land;true;mountain;1
3549;148;191;214;land;true;marsh;1
3550;178;249;137;land;true;plains;1
3551;148;246;234;land;true;plains;1
3552;247;252;136;land;false;mountain;1
3553;207;247;202;land;false;mountain;1
3554;138;248;147;land;true;mountain;1
3555;174;133;239;land;true;plains;1
3556;239;231;95;land;false;mountain;1
3557;254;93;211;land;false;mountain;1
3558;136;230;218;land;true;marsh;1
3559;234;145;191;land;true;marsh;1
3560;219;170;195;land;false;mountain;1
3561;189;172;180;land;true;marsh;1
3562;243;95;214;land;true;marsh;1
3563;249;140;196;land;false;mountain;1
3564;158;206;239;land;true;plains;1
3565;90;180;237;land;true;mountain;1
3566;248;204;245;land;true;marsh;1
3567;138;225;171;land;false;marsh;1
3568;248;101;157;land;true;marsh;1
3569;173;237;103;land;true;mountain;1
3570;137;183;249;land;true;marsh;1
3571;247;224;149;land;true;mountain;1
3572;229;184;135;land;true;mountain;1
3573;229;206;165;land;true;plains;1
3574;16;240;248;land;false;mountain;1
3575;128;235;224;land;true;marsh;1
3576;123;161;221;land;true;mountain;1
3577;137;251;233;land;true;marsh;1
3578;187;229;243;land;false;mountain;1
3579;59;253;217;land;false;mountain;1
3580;87;243;193;land;true;marsh;1
3581;183;98;226;land;false;mountain;1
3582;253;76;244;land;false;marsh;1
3583;131;200;192;land;true;marsh;1
3584;89;249;165;land;true;forest;1
3585;220;241;141;land;true;forest;1
3586;196;254;162;land;false;mountain;1
3587;184;104;226;land;true;mountain;1
3588;246;35;250;land;true;marsh;1
3589;93;197;224;land;true;mountain;1
3590;209;220;148;land;false;mountain;1
3591;149;191;229;land;false;mountain;1
3592;213;211;143;land;true;marsh;1
3593;93;197;228;land;true;mountain;1
3594;224;100;186;land;true;plains;1
3595;226;251;126;land;false;marsh;1
3596;221;251;75;land;false;mountain;1
3597;145;245;146;land;true;marsh;1
3598;228;199;99;land;false;marsh;1
3599;237;198;143;land;true;mountain;1
3600;252;248;24;land;true;marsh;1
3601;170;211;238;land;true;plains;1
3602;204;191;250;land;false;mountain;1
3603;170;212;212;land;true;mountain;1
3604;156;182;212;land;false;mountain;1
3605;171;142;217;land;true;mountain;1
3606;149;233;126;land;true;mountain;1
3607;227;51;230;land;true;marsh;1
3608;114;227;214;land;true;forest;1
3609;223;245;209;land;true;mountain;1
3610;228;55;238;land;false;marsh;1
3611;219;190;214;land;false;mountain;1
3612;170;244;190;land;false;marsh;1
3613;254;246;31;land;false;marsh;1
3614;137;194;244;land;true;marsh;1
3615;246;189;111;land;false;plains;1
3616;204;179;191;land;true;mountain;1
3617;194;145;249;land;true;marsh;1
3618;169;188;145;land;false;mountain;1
3619;213;247;50;land;true;marsh;1
3620;166;123;216;land;true;marsh;1
3621;123;196;245;land;true;forest;1
3622;247;158;127;land;true;mountain;1
3623;234;144;140;land;true;mountain;1
3624;218;223;242;land;false;mountain;1
3625;112;214;206;land;false;mountain;1
3626;176;222;216;land;true;mountain;1
3627;183;106;228;land;false;marsh;1
3628;245;169;241;land;false;mountain;1
3629;246;177;145;land;true;plains;1
3630;243;121;221;land;false;mountain;1
3631;149;224;135;land;true;mountain;1
3632;231;163;145;land;false;plains;1
3633;178;179;194;land;true;plains;1
3634;233;135;145;land;true;marsh;1
3635;236;78;227;land;false;mountain;1
3636;198;120;210;land;true;marsh;1
3637;244;148;204;land;false;mountain;1
3638;208;157;202;land;false;plains;1
3639;190;200;140;land;true;mountain;1
3640;176;248;191;land;true;mountain;1
3641;44;249;226;land;true;jungle;1
3642;217;220;207;land;true;forest;1
3643;212;133;225;land;false;forest;1
3644;241;210;147;land;true;mountain;1
3645;171;231;166;land;false;marsh;1
3646;144;193;214;land;false;marsh;1
3647;185;244;142;land;false;plains;1
3648;233;120;210;land;true;plains;1
3649;221;171;219;land;false;mountain;1
3650;151;166;235;land;true;mountain;1
3651;217;220;135;land;true;plains;1
3652;240;147;147;land;true;plains;1
3653;240;156;247;land;false;marsh;1
3654;216;72;248;land;false;mountain;1
3655;154;253;170;land;true;forest;1
3656;222;228;149;land;false;plains;1
3657;252;166;112;land;false;marsh;1
3658;160;140;228;land;true;marsh;1
3659;201;142;185;land;true;mountain;1
3660;218;190;204;land;true;plains;1
3661;232;172;143;land;true;forest;1
3662;119;186;218;land;true;mountain;1
3663;194;229;144;land;false;mountain;1
3664;254;83;254;land;true;marsh;1
3665;188;175;140;land;false;plains;1
3666;231;72;211;land;false;marsh;1
3667;206;193;134;land;false;mountain;1
3668;132;252;184;land;true;plains;1
3669;124;182;218;land;false;mountain;1
3670;248;239;18;land;true;mountain;1
3671;153;214;150;land;false;plains;1
3672;202;142;202;land;false;marsh;1
3673;182;107;237;land;true;marsh;1
3674;155;228;168;land;true;plains;1
3675;201;85;231;land;false;marsh;1
3676;129;228;208;land;true;marsh;1
3677;134;203;248;land;true;marsh;1
3678;131;233;185;land;true;plains;1
3679;215;72;231;land;false;plains;1
3680;151;253;160;land;true;marsh;1
3681;144;204;233;land;true;marsh;1
3682;203;179;225;land;true;marsh;1
3683;154;251;109;land;true;plains;1
3684;248;170;245;land;true;mountain;1
3685;104;234;225;land;false;marsh;1
3686;232;219;56;land;true;plains;1
3687;242;176;239;land;true;plains;1
3688;244;126;159;land;true;plains;1
3689;241;206;89;land;true;plains;1
3690;203;144;196;land;false;marsh;1
3691;171;109;253;land;true;plains;1
3692;178;246;113;land;true;forest;1
3693;208;149;212;land;false;mountain;1
3694;160;211;164;land;true;marsh;1
3695;253;177;78;land;true;plains;1
3696;142;133;254;land;true;forest;1
3697;208;212;156;land;true;marsh;1
3698;126;198;187;land;true;mountain;1
3699;136;150;215;land;true;forest;1
3700;206;215;105;land;true;marsh;1
3701;175;170;219;land;true;mountain;1
3702;250;251;187;land;false;mountain;1
3703;178;246;168;land;false;forest;1
3704;139;202;250;land;false;mountain;1
3705;132;154;242;land;true;jungle;1
3706;176;145;198;land;false;marsh;1
3707;78;219;222;land;true;mountain;1
3708;235;115;203;land;true;forest;1
3709;251;133;193;land;false;marsh;1
3710;145;198;197;land;false;mountain;1
3711;192;157;174;land;false;marsh;1
3712;159;223;157;land;true;marsh;1
3713;35;224;254;land;true;plains;1
3714;176;153;252;land;true;marsh;1
3715;241;79;206;land;false;mountain;1
3716;147;174;180;land;true;forest;1
3717;217;210;89;land;true;plains;1
3718;233;221;133;land;true;plains;1
3719;203;204;200;land;false;mountain;1
3720;222;162;236;land;false;mountain;1
3721;235;154;173;land;false;marsh;1
3722;237;102;234;land;true;forest;1
3723;118;248;193;land;true;plains;1
3724;244;221;237;land;true;forest;1
3725;242;96;202;land;false;plains;1
3726;235;173;228;land;true;plains;1
3727;200;204;212;land;true;jungle;1
3728;137;242;178;land;false;mountain;1
3729;216;111;189;land;true;mountain;1
3730;202;188;131;land;true;forest;1
3731;159;114;246;land;true;plains;1
3732;238;237;215;land;false;marsh;1
3733;136;207;188;land;true;marsh;1
3734;207;241;225;land;true;forest;1
3735;252;239;78;land;true;plains;1
3736;150;211;222;land;false;mountain;1
3737;119;169;229;land;false;marsh;1
3738;89;222;221;land;true;marsh;1
3739;215;232;182;land;true;plains;1
3740;224;245;57;land;true;mountain;1
3741;183;231;193;land;false;urban;1
3742;212;164;173;land;true;marsh;1
3743;151;195;175;land;true;marsh;1
3744;189;243;171;land;false;urban;1
3745;177;147;233;land;false;mountain;1
3746;253;154;107;land;true;forest;1
3747;218;199;190;land;false;urban;1
3748;92;218;241;land;false;urban;1
3749;242;237;84;land;false;mountain;1
3750;111;238;212;land;false;urban;1
3751;252;247;4;land;false;urban;1
3752;209;253;200;land;false;urban;1
3753;196;180;243;land;true;marsh;1
3754;189;219;139;land;true;mountain;1
3755;224;123;203;land;false;jungle;1
3756;182;239;218;land;false;marsh;1
3757;177;220;176;land;true;forest;1
3758;246;175;233;land;false;mountain;1
3759;203;207;170;land;true;marsh;1
3760;210;228;143;land;false;marsh;1
3761;178;210;192;land;false;mountain;1
3762;156;137;228;land;true;forest;1
3763;92;202;222;land;false;marsh;1
3764;104;222;210;land;false;marsh;1
3765;194;201;223;land;false;mountain;1
3766;203;240;66;land;false;mountain;1
3767;111;252;247;land;false;mountain;1
3768;214;231;248;land;true;jungle;1
3769;238;251;79;land;true;forest;1
3770;81;247;238;land;true;plains;1
3771;237;95;244;land;true;forest;1
3772;120;234;241;land;true;marsh;1
3773;242;212;90;land;true;forest;1
3774;220;243;123;land;false;mountain;1
3775;222;173;124;land;true;marsh;1
3776;198;182;229;land;true;marsh;1
3777;236;230;163;land;false;mountain;1
3778;123;237;160;land;true;marsh;1
3779;240;225;112;land;true;marsh;1
3780;142;232;210;land;false;marsh;1
3781;245;160;140;land;true;forest;1
3782;176;196;156;land;false;marsh;1
3783;215;150;163;land;true;marsh;1
3784;69;223;228;land;true;mountain;1
3785;216;101;188;land;true;forest;1
3786;147;199;212;land;false;marsh;1
3787;240;247;61;land;true;mountain;1
3788;81;201;221;land;false;plains;1
3789;143;143;243;land;true;marsh;1
3790;233;147;229;land;false;marsh;1
3791;170;203;236;land;true;marsh;1
3792;211;226;85;land;true;marsh;1
3793;252;48;241;land;false;mountain;1
3794;254;208;198;land;true;marsh;1
3795;113;189;236;land;false;mountain;1
3796;237;159;141;land;false;plains;1
3797;242;210;208;land;false;marsh;1
3798;164;181;194;land;false;mountain;1
3799;235;126;215;land;true;forest;1
3800;33;250;237;land;false;mountain;1
3801;92;230;221;land;true;mountain;1
3802;208;113;238;land;true;forest;1
3803;164;228;234;land;true;mountain;1
3804;136;174;245;land;false;plains;1
3805;216;238;145;land;false;mountain;1
3806;221;216;117;land;true;mountain;1
3807;196;168;143;land;true;forest;1
3808;219;252;89;land;true;mountain;1
3809;244;80;243;land;true;forest;1
3810;128;253;207;land;false;plains;1
3811;198;199;216;land;true;plains;1
3812;235;172;150;land;true;plains;1
3813;210;118;246;land;false;marsh;1
3814;254;198;60;land;true;marsh;1
3815;197;58;252;land;true;mountain;1
3816;236;253;133;land;true;mountain;1
3817;205;209;218;land;false;jungle;1
3818;208;247;157;land;true;mountain;1
3819;178;223;199;land;true;mountain;1
3820;200;185;177;land;true;marsh;1
3821;240;139;167;land;false;mountain;1
3822;210;212;160;land;true;forest;1
3823;233;40;245;land;true;forest;1
3824;225;169;124;land;false;marsh;1
3825;228;206;225;land;true;marsh;1
3826;162;189;154;land;true;marsh;1
3827;233;149;192;land;true;mountain;1
3828;120;241;234;land;true;mountain;1
3829;216;183;209;land;false;marsh;1
3830;67;229;241;land;false;mountain;1
3831;207;241;176;land;false;marsh;1
3832;178;169;224;land;true;forest;1
3833;217;227;72;land;false;marsh;1
3834;105;239;181;land;false;plains;1
3835;193;193;145;land;false;marsh;1
3836;230;113;179;land;false;marsh;1
3837;189;130;234;land;true;marsh;1
3838;182;92;247;land;false;mountain;1
3839;240;220;56;land;false;marsh;1
3840;133;242;188;land;true;marsh;1
3841;131;175;220;land;true;mountain;1
3842;80;208;226;land;true;marsh;1
3843;227;199;81;land;false;plains;1
3844;191;228;97;land;false;jungle;1
3845;191;246;81;land;true;mountain;1
3846;201;149;211;land;true;forest;1
3847;174;198;243;land;false;plains;1
3848;212;210;154;land;true;forest;1
3849;174;137;241;land;false;jungle;1
3850;197;248;65;land;false;mountain;1
3851;168;195;201;land;true;forest;1
3852;237;218;227;land;true;marsh;1
3853;254;132;122;land;true;desert;1
3854;231;215;66;land;false;marsh;1
3855;171;242;90;land;false;hills;1
3856;65;197;253;land;true;jungle;1
3857;191;203;199;land;false;plains;1
3858;184;208;123;land;true;forest;1
3859;179;229;118;land;false;jungle;1
3860;187;132;217;land;true;jungle;1
3861;235;234;42;land;true;marsh;1
3862;232;87;242;land;true;forest;1
3863;130;189;197;land;false;marsh;1
3864;159;140;247;land;false;marsh;1
3865;134;171;250;land;false;marsh;1
3866;111;194;233;land;false;mountain;1
3867;193;82;247;land;false;marsh;1
3868;241;34;230;land;false;marsh;1
3869;90;216;234;land;true;forest;1
3870;218;250;160;land;false;jungle;1
3871;232;94;187;land;true;marsh;1
3872;113;203;244;land;false;jungle;1
3873;244;175;122;land;false;plains;1
3874;112;218;199;land;false;plains;1
3875;182;235;194;land;true;forest;1
3876;246;212;50;land;true;mountain;1
3877;155;189;248;land;false;jungle;1
3878;195;191;253;land;false;plains;1
3879;172;169;238;land;true;jungle;1
3880;158;200;218;land;false;marsh;1
3881;218;239;91;land;true;marsh;1
3882;235;98;203;land;false;marsh;1
3883;184;247;182;land;true;mountain;1
3884;237;166;229;land;false;jungle;1
3885;201;178;225;land;true;mountain;1
3886;227;143;143;land;true;marsh;1
3887;219;194;198;land;true;mountain;1
3888;113;173;224;land;true;mountain;1
3889;160;210;162;land;false;marsh;1
3890;246;191;193;land;true;mountain;1
3891;231;126;169;land;false;forest;1
3892;199;199;121;land;false;mountain;1
3893;203;212;164;land;true;mountain;1
3894;223;127;209;land;true;mountain;1
3895;45;245;247;land;false;plains;1
3896;111;150;240;land;true;marsh;1
3897;87;245;177;land;true;forest;1
3898;235;239;190;land;false;plains;1
3899;180;231;215;land;true;forest;1
3900;109;230;183;land;true;marsh;1
3901;193;77;231;land;false;plains;1
3902;181;234;144;land;false;marsh;1
3903;253;228;235;land;false;marsh;1
3904;136;177;252;land;true;mountain;1
3905;183;174;159;land;false;mountain;1
3906;211;118;242;land;false;marsh;1
3907;227;233;92;land;false;forest;1
3908;73;204;224;land;false;forest;1
3909;239;207;188;land;true;marsh;1
3910;178;134;254;land;false;jungle;1
3911;132;132;248;land;true;mountain;1
3912;194;254;72;land;false;marsh;1
3913;166;147;230;land;false;mountain;1
3914;133;224;219;land;true;mountain;1
3915;248;103;209;land;false;mountain;1
3916;231;182;182;land;false;jungle;1
3917;155;145;202;land;false;jungle;1
3918;234;219;132;land;false;marsh;1
3919;251;165;98;land;true;mountain;1
3920;131;216;195;land;false;forest;1
3921;224;220;154;land;true;marsh;1
3922;200;244;205;land;false;mountain;1
3923;228;208;130;land;false;forest;1
3924;209;204;106;land;true;marsh;1
3925;192;247;111;land;false;marsh;1
3926;221;77;229;land;true;mountain;1
3927;103;208;220;land;true;forest;1
3928;252;193;236;land;false;plains;1
3929;93;249;162;land;true;marsh;1
3930;233;194;182;land;false;plains;1
3931;248;30;253;land;false;marsh;1
3932;240;37;225;land;false;mountain;1
3933;184;223;153;land;true;mountain;1
3934;252;238;155;land;false;plains;1
3935;187;189;247;land;false;jungle;1
3936;209;160;205;land;false;jungle;1
3937;207;158;214;land;true;mountain;1
3938;196;187;198;land;false;mountain;1
3939;136;223;211;land;false;forest;1
3940;201;251;72;land;false;jungle;1
3941;238;228;93;land;false;jungle;1
3942;171;190;184;land;false;mountain;1
3943;251;88;211;land;false;forest;1
3944;116;214;183;land;true;mountain;1
3945;184;232;243;land;false;marsh;1
3946;211;196;227;land;true;plains;1
3947;188;244;163;land;false;mountain;1
3948;243;223;68;land;true;mountain;1
3949;164;223;151;land;false;jungle;1
3950;241;170;189;land;false;marsh;1
3951;100;166;252;land;false;marsh;1
3952;118;240;153;land;false;mountain;1
3953;235;64;228;land;false;marsh;1
3954;234;236;213;land;true;forest;1
3955;139;196;177;land;false;mountain;1
3956;191;176;157;land;false;mountain;1
3957;169;204;240;land;true;marsh;1
3958;30;228;251;land;true;marsh;1
3959;218;184;250;land;true;mountain;1
3960;180;210;136;land;false;marsh;1
3961;130;189;189;land;false;marsh;1
3962;218;160;128;land;true;forest;1
3963;182;187;202;land;false;forest;1
3964;206;93;238;land;false;marsh;1
3965;123;208;220;land;false;mountain;1
3966;227;165;166;land;true;marsh;1
3967;213;250;117;land;false;mountain;1
3968;166;220;120;land;true;forest;1
3969;24;231;249;land;false;marsh;1
3970;128;169;238;land;true;forest;1
3971;176;106;225;land;true;forest;1
3972;148;130;245;land;true;forest;1
3973;199;181;139;land;false;jungle;1
3974;236;67;218;land;false;marsh;1
3975;214;247;42;land;true;forest;1
3976;228;110;202;land;false;mountain;1
3977;247;142;251;land;true;marsh;1
3978;186;232;90;land;true;marsh;1
3979;223;45;244;land;true;mountain;1
3980;164;114;225;land;false;marsh;1
3981;253;49;245;land;false;mountain;1
3982;138;202;167;land;false;forest;1
3983;237;54;226;land;false;mountain;1
3984;136;150;239;land;true;mountain;1
3985;178;248;246;land;false;mountain;1
3986;230;206;79;land;true;mountain;1
3987;240;213;145;land;false;marsh;1
3988;168;198;228;land;true;marsh;1
3989;209;197;193;land;false;marsh;1
3990;171;225;133;land;true;marsh;1
3991;247;168;242;land;true;forest;1
3992;185;133;242;land;false;marsh;1
3993;149;174;183;land;true;forest;1
3994;215;253;65;land;false;marsh;1
3995;164;184;245;land;false;marsh;1
3996;226;229;124;land;false;marsh;1
3997;213;194;121;land;true;jungle;1
3998;102;222;225;land;false;marsh;1
3999;117;193;203;land;false;marsh;1
4000;36;249;242;land;true;forest;1
4001;228;244;226;land;true;mountain;1
4002;217;145;168;land;false;marsh;1
4003;214;136;160;land;false;marsh;1
4004;218;248;39;land;true;plains;1
4005;240;157;242;land;false;marsh;1
4006;244;248;94;land;false;marsh;1
4007;150;240;212;land;false;jungle;1
4008;252;148;189;land;true;forest;1
4009;179;144;203;land;false;forest;1
4010;91;232;181;land;true;forest;1
4011;205;218;92;land;false;marsh;1
4012;181;179;240;land;false;marsh;1
4013;243;229;181;land;true;marsh;1
4014;219;192;166;land;false;marsh;1
4015;224;170;121;land;false;marsh;1
4016;254;226;59;land;false;marsh;1
4017;218;182;119;land;true;forest;1
4018;240;239;125;land;true;mountain;1
4019;202;184;242;land;false;mountain;1
4020;138;240;147;land;false;marsh;1
4021;217;162;190;land;false;forest;1
4022;247;110;158;land;false;jungle;1
4023;243;247;35;land;true;forest;1
4024;221;94;205;land;true;mountain;1
4025;254;129;156;land;false;marsh;1
4026;249;209;196;land;false;marsh;1
4027;236;131;230;land;false;plains;1
4028;204;167;196;land;true;mountain;1
4029;250;249;171;land;true;mountain;1
4030;207;190;184;land;false;mountain;1
4031;102;231;180;land;true;jungle;1
4032;245;42;243;land;false;forest;1
4033;223;214;146;land;false;mountain;1
4034;223;191;196;land;false;marsh;1
4035;242;240;218;land;true;marsh;1
4036;133;181;213;land;false;marsh;1
4037;211;162;150;land;true;jungle;1
4038;139;174;228;land;false;plains;1
4039;237;242;175;land;false;forest;1
4040;254;92;219;land;false;marsh;1
4041;193;211;192;land;false;marsh;1
4042;245;124;168;land;true;mountain;1
4043;135;251;185;land;false;marsh;1
4044;205;120;185;land;false;plains;1
4045;227;225;106;land;false;mountain;1
4046;242;91;218;land;true;marsh;1
4047;238;240;199;land;false;jungle;1
4048;92;248;248;land;false;forest;1
4049;194;233;93;land;true;forest;1
4050;158;220;144;land;true;mountain;1
4051;225;227;150;land;true;marsh;1
4052;163;215;250;land;true;forest;1
4053;147;223;191;land;false;marsh;1
4054;159;227;239;land;false;marsh;1
4055;227;173;218;land;true;mountain;1
4056;179;129;222;land;false;marsh;1
4057;218;152;178;land;true;marsh;1
4058;239;171;171;land;true;forest;1
4059;192;244;181;land;false;plains;1
4060;186;167;209;land;false;marsh;1
4061;136;241;153;land;false;marsh;1
4062;106;228;175;land;true;jungle;1
4063;171;185;169;land;true;forest;1
4064;231;140;171;land;true;forest;1
4065;193;104;227;land;true;forest;1
4066;220;55;235;land;false;mountain;1
4067;227;101;238;land;false;jungle;1
4068;149;215;180;land;true;marsh;1
4069;213;203;143;land;false;plains;1
4070;146;226;235;land;false;plains;1
4071;172;128;250;land;true;forest;1
4072;159;224;151;land;true;marsh;1
4073;189;199;214;land;false;mountain;1
4074;168;220;136;land;true;marsh;1
4075;212;167;128;land;true;marsh;1
4076;130;142;253;land;false;forest;1
4077;254;178;134;land;true;plains;1
4078;152;214;168;land;true;mountain;1
4079;221;184;238;land;false;plains;1
4080;240;146;155;land;true;marsh;1
4081;179;163;244;land;false;plains;1
4082;223;186;100;land;true;marsh;1
4083;171;121;214;land;false;forest;1
4084;76;230;220;land;true;mountain;1
4085;213;160;249;land;false;marsh;1
4086;148;132;230;land;true;marsh;1
4087;254;166;170;land;false;marsh;1
4088;226;199;237;land;false;jungle;1
4089;144;237;241;land;true;forest;1
4090;204;227;224;land;false;plains;1
4091;226;186;187;land;false;marsh;1
4092;170;225;136;land;true;jungle;1
4093;226;115;180;land;false;plains;1
4094;207;111;216;land;true;marsh;1
4095;216;243;169;land;false;plains;1
4096;194;208;120;land;false;marsh;1
4097;164;223;185;land;true;marsh;1
4098;127;143;236;land;true;plains;1
4099;226;117;190;land;true;forest;1
4100;245;203;181;land;false;marsh;1
4101;168;170;171;land;true;mountain;1
4102;58;254;246;land;true;forest;1
4103;248;230;86;land;false;mountain;1
4104;239;103;170;land;true;forest;1
4105;197;174;148;land;false;marsh;1
4106;125;202;186;land;true;plains;1
4107;156;221;135;land;false;mountain;1
4108;141;147;234;land;true;mountain;1
4109;145;239;148;land;false;marsh;1
4110;76;244;252;land;false;jungle;1
4111;129;215;195;land;false;plains;1
4112;182;249;124;land;true;mountain;1
4113;232;234;194;land;false;marsh;1
4114;227;202;181;land;false;marsh;1
4115;240;252;243;land;true;marsh;1
4116;200;188;224;land;true;mountain;1
4117;254;92;156;land;false;jungle;1
4118;145;194;191;land;false;plains;1
4119;138;167;236;land;true;forest;1
4120;87;254;195;land;true;marsh;1
4121;219;187;237;land;false;jungle;1
4122;233;155;176;land;false;plains;1
4123;246;250;47;land;true;jungle;1
4124;229;198;82;land;false;jungle;1
4125;248;180;163;land;false;plains;1
4126;240;229;46;land;false;plains;1
4127;242;214;56;land;true;mountain;1
4128;99;223;219;land;true;mountain;1
4129;182;132;239;land;false;marsh;1
4130;162;205;184;land;false;mountain;1
4131;252;210;213;land;true;forest;1
4132;250;114;152;land;false;jungle;1
4133;202;75;253;land;false;marsh;1
4134;235;35;245;land;true;jungle;1
4135;235;147;244;land;false;mountain;1
4136;197;174;158;land;false;marsh;1
4137;183;217;227;land;false;marsh;1
4138;228;101;249;land;false;forest;1
4139;233;229;209;land;false;jungle;1
4140;104;229;173;land;false;marsh;1
4141;243;187;125;land;false;marsh;1
4142;236;191;204;land;false;jungle;1
4143;161;222;169;land;false;jungle;1
4144;235;221;236;land;true;mountain;1
4145;157;147;241;land;false;plains;1
4146;149;215;154;land;false;forest;1
4147;197;254;233;land;true;marsh;1
4148;112;205;251;land;true;marsh;1
4149;153;168;214;land;true;marsh;1
4150;253;160;190;land;true;marsh;1
4151;159;202;199;land;true;marsh;1
4152;110;164;242;land;false;jungle;1
4153;234;163;232;land;false;mountain;1
4154;221;146;188;land;false;marsh;1
4155;239;248;252;land;true;forest;1
4156;211;179;127;land;true;marsh;1
4157;223;175;174;land;false;marsh;1
4158;185;206;205;land;false;plains;1
4159;102;205;251;land;false;mountain;1
4160;215;62;224;land;false;jungle;1
4161;241;125;158;land;true;jungle;1
4162;122;207;240;land;false;marsh;1
4163;247;250;244;land;false;marsh;1
4164;136;229;229;land;false;marsh;1
4165;134;195;228;land;false;plains;1
4166;91;176;245;land;false;jungle;1
4167;218;191;120;land;true;marsh;1
4168;252;225;92;land;false;mountain;1
4169;247;162;193;land;false;marsh;1
4170;246;207;251;land;true;marsh;1
4171;180;114;225;land;false;mountain;1
4172;156;195;215;land;false;mountain;1
4173;147;239;247;land;true;forest;1
4174;175;161;182;land;true;forest;1
4175;147;207;234;land;true;jungle;1
4176;70;252;227;land;true;forest;1
4177;136;231;231;land;false;jungle;1
4178;240;217;248;land;false;plains;1
4179;225;218;160;land;true;mountain;1
4180;223;77;250;land;false;marsh;1
4181;124;203;180;land;true;forest;1
4182;247;245;75;land;false;marsh;1
4183;248;224;167;land;false;jungle;1
4184;220;123;167;land;true;mountain;1
4185;172;222;111;land;true;marsh;1
4186;165;125;211;land;true;mountain;1
4187;200;237;176;land;false;jungle;1
4188;94;189;241;land;false;jungle;1
4189;170;147;209;land;false;marsh;1
4190;229;215;222;land;false;plains;1
4191;64;227;242;land;false;marsh;1
4192;254;231;183;land;true;marsh;1
4193;61;195;247;land;false;marsh;1
4194;226;183;197;land;true;forest;1
4195;180;227;116;land;true;jungle;1
4196;250;213;220;land;true;marsh;1
4197;166;248;204;land;false;mountain;1
4198;171;189;193;land;true;marsh;1
4199;253;209;64;land;true;jungle;1
4200;234;145;156;land;false;marsh;1
4201;253;111;153;land;false;forest;1
4202;93;193;222;land;false;marsh;1
4203;152;223;157;land;true;forest;1
4204;78;222;227;land;false;marsh;1
4205;153;216;144;land;true;marsh;1
4206;179;219;132;land;true;forest;1
4207;246;118;209;land;true;jungle;1
4208;223;150;191;land;true;mountain;1
4209;243;249;176;land;true;marsh;1
4210;231;220;121;land;false;marsh;1
4211;243;226;216;land;true;jungle;1
4212;212;169;199;land;true;marsh;1
4213;160;247;208;land;false;marsh;1
4214;205;129;177;land;false;plains;1
4215;128;179;196;land;true;forest;1
4216;215;113;209;land;true;marsh;1
4217;250;141;159;land;true;forest;1
4218;241;183;158;land;false;mountain;1
4219;148;179;226;land;false;marsh;1
4220;186;233;138;land;false;jungle;1
4221;177;194;208;land;true;marsh;1
4222;173;99;242;land;true;jungle;1
4223;183;180;164;land;true;mountain;1
4224;217;60;253;land;false;marsh;1
4225;187;129;218;land;false;marsh;1
4226;105;241;242;land;false;mountain;1
4227;254;46;248;land;false;marsh;1
4228;251;139;119;land;false;marsh;1
4229;192;229;182;land;true;forest;1
4230;197;198;228;land;false;marsh;1
4231;90;250;254;land;false;jungle;1
4232;249;187;246;land;true;marsh;1
4233;41;247;242;land;true;marsh;1
4234;237;144;220;land;true;marsh;1
4235;209;65;249;land;true;forest;1
4236;254;206;59;land;true;forest;1
4237;252;239;14;land;true;marsh;1
4238;186;212;208;land;true;marsh;1
4239;186;140;181;land;false;marsh;1
4240;242;242;54;land;true;marsh;1
4241;226;131;205;land;false;marsh;1
4242;115;236;182;land;true;forest;1
4243;193;202;194;land;true;jungle;1
4244;191;182;246;land;false;marsh;1
4245;15;254;236;land;true;forest;1
4246;204;184;115;land;false;mountain;1
4247;140;154;223;land;true;mountain;1
4248;224;100;179;land;true;mountain;1
4249;184;103;232;land;true;plains;1
4250;172;117;234;land;false;marsh;1
4251;178;212;230;land;false;marsh;1
4252;231;179;102;land;false;jungle;1
4253;205;107;235;land;true;forest;1
4254;195;245;164;land;true;marsh;1
4255;172;167;173;land;true;plains;1
4256;129;162;237;land;false;marsh;1
4257;177;229;176;land;false;marsh;1
4258;194;182;152;land;true;marsh;1
4259;203;252;64;land;true;marsh;1
4260;166;252;158;land;true;mountain;1
4261;168;231;120;land;false;desert;1
4262;211;225;208;land;false;marsh;1
4263;246;224;158;land;false;marsh;1
4264;228;241;132;land;false;jungle;1
4265;167;206;208;land;false;marsh;1
4266;239;56;234;land;true;jungle;1
4267;171;163;203;land;false;forest;1
4268;153;167;216;land;true;marsh;1
4269;254;194;112;land;false;marsh;1
4270;146;176;240;land;true;mountain;1
4271;249;125;250;land;false;mountain;1
4272;143;127;240;land;false;mountain;1
4273;240;182;82;land;false;mountain;1
4274;250;121;160;land;true;forest;1
4275;201;228;248;land;true;forest;1
4276;118;154;230;land;true;forest;1
4277;169;219;224;land;false;mountain;1
4278;234;237;43;land;true;urban;1
4279;188;122;197;land;true;jungle;1
4280;198;242;147;land;true;marsh;1
4281;233;222;122;land;true;marsh;1
4282;157;161;187;land;false;mountain;1
4283;121;237;248;land;false;marsh;1
4284;237;49;235;land;false;forest;1
4285;221;247;187;land;true;forest;1
4286;247;90;215;land;true;marsh;1
4287;201;237;167;land;true;marsh;1
4288;234;254;212;land;false;marsh;1
4289;170;136;226;land;true;mountain;1
4290;237;85;191;land;true;marsh;1
4291;224;86;250;land;false;marsh;1
4292;195;224;124;land;false;marsh;1
4293;212;185;121;land;true;mountain;1
4294;221;132;248;land;false;jungle;1
4295;153;162;218;land;false;marsh;1
4296;194;200;139;land;true;marsh;1
4297;252;172;84;land;true;forest;1
4298;143;124;249;land;false;mountain;1
4299;156;175;251;land;false;marsh;1
4300;238;56;207;land;true;forest;1
4301;211;236;242;land;true;marsh;1
4302;233;167;125;land;false;mountain;1
4303;225;116;165;land;true;marsh;1
4304;101;184;228;land;true;marsh;1
4305;236;170;122;land;false;plains;1
4306;240;177;191;land;true;forest;1
4307;173;254;84;land;false;mountain;1
4308;109;179;213;land;true;marsh;1
4309;213;160;247;land;true;marsh;1
4310;186;162;224;land;false;mountain;1
4311;201;165;239;land;false;mountain;1
4312;253;211;63;land;false;mountain;1
4313;224;218;170;land;true;marsh;1
4314;165;143;199;land;true;forest;1
4315;105;223;232;land;false;urban;1
4316;228;72;250;land;true;mountain;1
4317;232;127;143;land;true;forest;1
4318;225;109;235;land;true;mountain;1
4319;18;251;235;land;true;marsh;1
4320;241;197;245;land;false;marsh;1
4321;246;204;220;land;true;marsh;1
4322;209;220;221;land;true;forest;1
4323;186;175;199;land;false;marsh;1
4324;111;250;172;land;true;marsh;1
4325;236;196;101;land;true;marsh;1
4326;203;204;234;land;true;marsh;1
4327;112;202;210;land;true;plains;1
4328;208;159;218;land;true;marsh;1
4329;244;232;92;land;false;plains;1
4330;247;230;49;land;false;mountain;1
4331;178;111;217;land;false;marsh;1
4332;231;186;94;land;false;marsh;1
4333;197;246;87;land;false;urban;1
4334;203;166;218;land;false;marsh;1
4335;202;142;209;land;false;plains;1
4336;120;222;250;land;false;marsh;1
4337;248;201;174;land;true;marsh;1
4338;187;248;127;land;false;marsh;1
4339;209;134;246;land;true;marsh;1
4340;183;251;152;land;true;marsh;1
4341;252;170;193;land;false;jungle;1
4342;217;178;203;land;true;urban;1
4343;201;136;246;land;true;marsh;1
4344;157;209;237;land;true;mountain;1
4345;217;210;166;land;false;mountain;1
4346;169;166;223;land;true;marsh;1
4347;232;134;249;land;true;forest;1
4348;251;253;254;land;true;mountain;1
4349;150;162;206;land;true;forest;1
4350;200;249;202;land;false;marsh;1
4351;146;236;188;land;true;marsh;1
4352;240;204;158;land;true;marsh;1
4353;215;253;58;land;false;marsh;1
4354;110;191;237;land;true;marsh;1
4355;161;229;203;land;true;forest;1
4356;250;197;243;land;false;mountain;1
4357;132;203;196;land;false;jungle;1
4358;198;176;228;land;false;marsh;1
4359;99;238;224;land;true;desert;1
4360;220;112;186;land;true;mountain;1
4361;252;226;153;land;true;marsh;1
4362;97;250;245;land;true;marsh;1
4363;157;217;206;land;true;jungle;1
4364;218;146;210;land;true;marsh;1
4365;105;254;182;land;true;marsh;1
4366;210;237;102;land;true;marsh;1
4367;154;240;237;land;true;marsh;1
4368;96;246;161;land;true;marsh;1
4369;159;237;106;land;false;jungle;1
4370;189;206;202;land;true;marsh;1
4371;207;182;124;land;true;forest;1
4372;200;169;176;land;true;desert;1
4373;245;92;254;land;true;forest;1
4374;217;247;115;land;true;marsh;1
4375;191;239;231;land;false;jungle;1
4376;159;217;182;land;true;mountain;1
4377;249;236;46;land;true;marsh;1
4378;251;204;253;land;true;forest;1
4379;206;224;86;land;true;hills;1
4380;209;193;236;land;true;marsh;1
4381;222;158;200;land;false;marsh;1
4382;173;192;189;land;true;mountain;1
4383;96;169;254;land;true;forest;1
4384;239;248;124;land;true;marsh;1
4385;203;164;212;land;true;marsh;1
4386;196;149;253;land;true;forest;1
4387;97;236;187;land;false;marsh;1
4388;239;204;125;land;false;marsh;1
4389;169;213;242;land;false;marsh;1
4390;229;231;88;land;true;marsh;1
4391;130;163;229;land;true;marsh;1
4392;184;142;236;land;true;jungle;1
4393;247;194;115;land;true;marsh;1
4394;179;204;151;land;true;mountain;1
4395;204;228;196;land;true;forest;1
4396;202;150;223;land;true;marsh;1
4397;246;228;92;land;true;forest;1
4398;173;198;241;land;true;forest;1
4399;230;194;163;land;false;marsh;1
4400;121;235;200;land;false;marsh;1
4401;197;199;237;land;true;mountain;1
4402;182;205;194;land;true;forest;1
4403;166;211;187;land;false;jungle;1
4404;237;187;84;land;true;mountain;1
4405;224;113;195;land;true;marsh;1
4406;153;205;169;land;true;forest;1
4407;84;223;252;land;true;marsh;1
4408;250;214;201;land;true;marsh;1
4409;81;237;195;land;true;mountain;1
4410;179;254;196;land;true;marsh;1
4411;251;116;214;land;false;marsh;1
4412;208;244;80;land;true;marsh;1
4413;244;240;163;land;true;plains;1
4414;206;233;168;land;true;jungle;1
4415;246;120;194;land;true;marsh;1
4416;248;206;115;land;true;forest;1
4417;189;240;101;land;true;marsh;1
4418;241;113;185;land;true;marsh;1
4419;250;218;44;land;true;mountain;1
4420;158;184;229;land;true;marsh;1
4421;227;206;199;land;true;mountain;1
4422;79;209;235;land;true;marsh;1
4423;79;227;241;land;false;marsh;1
4424;201;200;219;land;true;plains;1
4425;112;234;219;land;true;marsh;1
4426;202;245;57;land;true;mountain;1
4427;160;192;150;land;false;marsh;1
4428;193;130;200;land;true;marsh;1
4429;247;118;171;land;true;forest;1
4430;247;189;101;land;true;marsh;1
4431;157;220;195;land;false;marsh;1
4432;163;252;132;land;false;marsh;1
4433;214;210;177;land;true;plains;1
4434;106;175;253;land;true;forest;1
4435;209;148;229;land;false;forest;1
4436;239;228;125;land;true;marsh;1
4437;193;182;250;land;false;marsh;1
4438;232;134;210;land;false;plains;1
4439;226;236;57;land;false;urban;1
4440;145;152;234;land;true;mountain;1
4441;189;131;239;land;true;jungle;1
4442;182;224;243;land;true;jungle;1
4443;238;183;248;land;false;marsh;1
4444;254;156;112;land;true;mountain;1
4445;234;191;251;land;true;jungle;1
4446;230;140;219;land;true;jungle;1
4447;241;112;199;land;false;marsh;1
4448;219;253;135;land;true;marsh;1
4449;230;241;207;land;false;marsh;1
4450;247;127;162;land;true;forest;1
4451;222;195;214;land;true;forest;1
4452;204;190;128;land;false;marsh;1
4453;241;213;55;land;true;plains;1
4454;83;244;248;land;true;marsh;1
4455;152;246;224;land;false;marsh;1
4456;182;234;126;land;true;forest;1
4457;209;145;194;land;true;forest;1
4458;214;126;188;land;true;forest;1
4459;230;188;86;land;false;marsh;1
4460;237;205;214;land;true;jungle;1
4461;226;220;173;land;false;marsh;1
4462;130;172;252;land;false;marsh;1
4463;176;170;247;land;true;marsh;1
4464;137;203;165;land;false;marsh;1
4465;102;250;177;land;true;forest;1
4466;241;135;131;land;false;marsh;1
4467;117;226;178;land;false;forest;1
4468;174;210;130;land;true;jungle;1
4469;73;211;222;land;true;marsh;1
4470;214;198;110;land;true;marsh;1
4471;148;187;244;land;false;marsh;1
4472;121;181;207;land;false;marsh;1
4473;191;136;213;land;true;marsh;1
4474;164;194;235;land;false;mountain;1
4475;105;207;223;land;true;mountain;1
4476;153;227;137;land;true;marsh;1
4477;161;123;221;land;true;mountain;1
4478;194;213;148;land;true;mountain;1
4479;224;215;249;land;true;marsh;1
4480;219;145;237;land;true;jungle;1
4481;181;233;234;land;false;marsh;1
4482;249;214;99;land;true;marsh;1
4483;214;195;130;land;true;forest;1
4484;209;116;176;land;false;marsh;1
4485;238;223;124;land;true;marsh;1
4486;166;154;193;land;true;forest;1
4487;223;207;164;land;true;marsh;1
4488;99;208;253;land;false;marsh;1
4489;77;254;210;land;false;marsh;1
4490;251;231;103;land;false;jungle;1
4491;206;178;166;land;false;marsh;1
4492;187;144;194;land;false;marsh;1
4493;240;245;166;land;false;marsh;1
4494;152;135;233;land;false;marsh;1
4495;188;182;242;land;false;marsh;1
4496;230;223;131;land;false;marsh;1
4497;249;183;114;land;true;mountain;1
4498;248;63;221;land;false;jungle;1
4499;245;247;66;land;false;marsh;1
4500;153;206;180;land;true;forest;1
4501;138;219;198;land;true;marsh;1
4502;205;240;209;land;false;marsh;1
4503;222;207;103;land;true;marsh;1
4504;138;227;244;land;false;marsh;1
4505;144;243;216;land;true;forest;1
4506;211;101;190;land;true;marsh;1
4507;199;216;176;land;false;marsh;1
4508;242;163;155;land;true;mountain;1
4509;142;131;231;land;true;jungle;1
4510;52;247;237;land;true;marsh;1
4511;172;218;193;land;true;marsh;1
4512;199;203;238;land;true;forest;1
4513;130;245;227;land;false;marsh;1
4514;226;192;241;land;false;jungle;1
4515;192;123;200;land;false;marsh;1
4516;223;97;215;land;true;forest;1
4517;187;211;151;land;false;marsh;1
4518;250;175;122;land;true;forest;1
4519;227;239;165;land;true;forest;1
4520;211;191;199;land;false;marsh;1
4521;121;206;205;land;true;mountain;1
4522;162;240;168;land;true;marsh;1
4523;223;100;200;land;true;plains;1
4524;30;233;243;land;true;marsh;1
4525;252;241;106;land;false;plains;1
4526;254;153;144;land;true;marsh;1
4527;197;223;224;land;false;marsh;1
4528;237;149;120;land;false;mountain;1
4529;147;253;244;land;true;marsh;1
4530;223;151;139;land;true;marsh;1
4531;247;209;110;land;false;plains;1
4532;229;121;242;land;true;mountain;1
4533;189;245;101;land;true;marsh;1
4534;244;253;5;land;false;mountain;1
4535;241;242;242;land;false;marsh;1
4536;201;175;190;land;true;mountain;1
4537;215;47;239;land;true;marsh;1
4538;109;241;242;land;false;marsh;1
4539;203;226;133;land;true;marsh;1
4540;123;244;254;land;false;marsh;1
4541;81;222;238;land;true;mountain;1
4542;211;248;57;land;false;marsh;1
4543;210;185;208;land;false;marsh;1
4544;230;140;179;land;true;plains;1
4545;217;219;103;land;true;marsh;1
4546;252;254;163;land;false;marsh;1
4547;234;109;208;land;true;marsh;1
4548;215;252;66;land;false;marsh;1
4549;90;229;215;land;true;forest;1
4550;132;241;218;land;false;forest;1
4551;212;248;220;land;false;mountain;1
4552;244;126;142;land;true;forest;1
4553;210;184;148;land;false;marsh;1
4554;239;181;169;land;true;plains;1
4555;163;182;196;land;false;plains;1
4556;207;156;210;land;false;marsh;1
4557;182;162;217;land;true;marsh;1
4558;132;143;249;land;false;jungle;1
4559;251;127;186;land;true;marsh;1
4560;182;250;114;land;false;marsh;1
4561;229;236;123;land;true;mountain;1
4562;238;210;95;land;false;marsh;1
4563;248;134;198;land;false;marsh;1
4564;160;252;185;land;true;plains;1
4565;212;146;179;land;true;marsh;1
4566;243;175;143;land;false;forest;1
4567;232;100;231;land;true;marsh;1
4568;168;206;206;land;true;forest;1
4569;203;242;236;land;true;marsh;1
4570;131;226;179;land;false;plains;1
4571;242;252;216;land;true;marsh;1
4572;195;170;150;land;true;marsh;1
4573;117;243;231;land;false;plains;1
4574;214;67;221;land;false;forest;1
4575;132;188;241;land;true;marsh;1
4576;229;156;131;land;false;marsh;1
4577;195;199;211;land;true;marsh;1
4578;228;113;179;land;true;marsh;1
4579;226;235;208;land;true;marsh;1
4580;238;210;159;land;false;marsh;1
4581;228;202;74;land;false;marsh;1
4582;161;211;211;land;true;marsh;1
4583;207;188;189;land;false;marsh;1
4584;229;202;160;land;true;marsh;1
4585;249;117;213;land;true;mountain;1
4586;40;226;247;land;true;mountain;1
4587;221;156;182;land;false;forest;1
4588;115;174;231;land;false;marsh;1
4589;237;15;250;land;true;marsh;1
4590;213;254;119;land;false;marsh;1
4591;216;146;211;land;false;marsh;1
4592;252;209;94;land;false;marsh;1
4593;94;218;233;land;true;mountain;1
4594;92;240;246;land;true;plains;1
4595;231;127;165;land;true;mountain;1
4596;232;92;248;land;true;forest;1
4597;213;179;231;land;true;marsh;1
4598;222;83;201;land;false;marsh;1
4599;237;147;244;land;true;marsh;1
4600;207;194;108;land;true;forest;1
4601;252;86;192;land;false;marsh;1
4602;190;157;212;land;false;marsh;1
4603;177;143;225;land;true;jungle;1
4604;118;235;191;land;false;marsh;1
4605;250;166;176;land;true;mountain;1
4606;243;165;124;land;true;forest;1
4607;217;194;239;land;false;jungle;1
4608;252;44;224;land;true;marsh;1
4609;228;253;144;land;false;jungle;1
4610;251;229;175;land;true;mountain;1
4611;95;246;195;land;false;jungle;1
4612;241;132;165;land;false;marsh;1
4613;246;230;35;land;true;marsh;1
4614;252;235;94;land;false;marsh;1
4615;127;193;235;land;true;forest;1
4616;215;181;173;land;true;forest;1
4617;111;242;219;land;false;marsh;1
4618;218;240;100;land;true;forest;1
4619;105;213;196;land;false;mountain;1
4620;244;219;193;land;true;marsh;1
4621;161;166;229;land;false;marsh;1
4622;153;224;125;land;false;mountain;1
4623;163;252;151;land;false;jungle;1
4624;203;110;233;land;true;marsh;1
4625;158;211;160;land;false;forest;1
4626;141;247;183;land;false;marsh;1
4627;228;100;217;land;true;mountain;1
4628;31;253;243;land;true;marsh;1
4629;142;206;240;land;true;mountain;1
4630;215;249;235;land;true;jungle;1
4631;229;176;116;land;false;plains;1
4632;33;236;245;land;true;marsh;1
4633;215;165;238;land;true;forest;1
4634;232;196;123;land;false;jungle;1
4635;190;232;115;land;true;marsh;1
4636;147;231;126;land;false;mountain;1
4637;160;192;215;land;false;marsh;1
4638;235;147;151;land;false;marsh;1
4639;250;173;247;land;false;mountain;1
4640;130;247;144;land;true;forest;1
4641;174;190;200;land;false;marsh;1
4642;239;167;156;land;false;forest;1
4643;246;191;82;land;false;marsh;1
4644;209;227;162;land;false;marsh;1
4645;177;214;181;land;true;jungle;1
4646;87;173;249;land;false;marsh;1
4647;254;207;52;land;true;marsh;1
4648;254;241;152;land;true;mountain;1
4649;222;185;172;land;false;marsh;1
4650;168;188;151;land;true;marsh;1
4651;246;166;146;land;false;marsh;1
4652;225;198;127;land;true;forest;1
4653;232;193;123;land;true;plains;1
4654;154;223;214;land;true;marsh;1
4655;207;247;145;land;true;marsh;1
4656;162;248;154;land;false;jungle;1
4657;244;140;143;land;true;marsh;1
4658;127;150;242;land;true;marsh;1
4659;182;180;246;land;true;forest;1
4660;163;228;232;land;true;forest;1
4661;223;252;108;land;true;marsh;1
4662;12;254;254;land;false;marsh;1
4663;164;250;182;land;true;marsh;1
4664;101;186;245;land;false;plains;1
4665;229;65;218;land;false;forest;1
4666;158;177;233;land;false;marsh;1
4667;175;250;247;land;true;marsh;1
4668;129;187;195;land;false;marsh;1
4669;218;241;101;land;false;desert;1
4670;125;218;159;land;true;mountain;1
4671;231;248;210;land;true;mountain;1
4672;196;161;238;land;false;marsh;1
4673;139;225;194;land;false;plains;1
4674;239;181;137;land;false;marsh;1
4675;145;245;199;land;true;jungle;1
4676;215;146;236;land;false;marsh;1
4677;236;232;76;land;false;forest;1
4678;207;252;107;land;false;jungle;1
4679;238;222;179;land;false;marsh;1
4680;190;92;239;land;false;marsh;1
4681;118;223;244;land;false;marsh;1
4682;204;137;235;land;false;marsh;1
4683;176;207;134;land;true;mountain;1
4684;234;210;149;land;false;marsh;1
4685;225;77;207;land;true;jungle;1
4686;240;233;151;land;false;marsh;1
4687;173;244;109;land;false;marsh;1
4688;227;47;252;land;false;marsh;1
4689;129;207;227;land;false;marsh;1
4690;122;210;193;land;true;marsh;1
4691;194;234;120;land;true;jungle;1
4692;63;211;233;land;false;jungle;1
4693;180;218;195;land;false;marsh;1
4694;242;224;230;land;true;mountain;1
4695;230;225;217;land;true;marsh;1
4696;170;186;188;land;true;marsh;1
4697;197;218;187;land;false;jungle;1
4698;90;237;223;land;false;marsh;1
4699;208;210;149;land;true;forest;1
4700;253;180;250;land;false;forest;1
4701;190;113;238;land;false;marsh;1
4702;247;247;232;land;false;marsh;1
4703;235;170;130;land;true;mountain;1
4704;183;199;130;land;true;mountain;1
4705;187;141;194;land;false;forest;1
4706;245;158;240;land;false;marsh;1
4707;234;139;195;land;true;jungle;1
4708;98;163;252;land;true;marsh;1
4709;223;192;173;land;false;mountain;1
4710;45;205;254;land;true;forest;1
4711;143;159;238;land;true;marsh;1
4712;254;164;127;land;false;marsh;1
4713;225;194;215;land;false;marsh;1
4714;250;48;235;land;true;mountain;1
4715;224;149;218;land;false;jungle;1
4716;176;145;183;land;false;plains;1
4717;181;223;252;land;true;mountain;1
4718;128;175;253;land;true;marsh;1
4719;251;155;176;land;true;forest;1
4720;147;188;185;land;false;marsh;1
4721;199;182;123;land;false;marsh;1
4722;139;141;228;land;true;marsh;1
4723;182;163;234;land;true;mountain;1
4724;236;98;210;land;false;plains;1
4725;189;227;208;land;true;marsh;1
4726;225;248;212;land;true;marsh;1
4727;211;67;236;land;true;forest;1
4728;204;90;252;land;true;mountain;1
4729;153;187;196;land;true;forest;1
4730;242;113;151;land;false;marsh;1
4731;103;228;186;land;true;plains;1
4732;222;41;241;land;false;jungle;1
4733;235;211;98;land;false;marsh;1
4734;239;227;101;land;true;mountain;1
4735;176;203;223;land;true;marsh;1
4736;195;152;179;land;true;forest;1
4737;153;135;236;land;true;forest;1
4738;109;174;224;land;true;marsh;1
4739;130;213;182;land;true;marsh;1
4740;190;167;168;land;false;plains;1
4741;57;254;245;land;false;marsh;1
4742;215;236;221;land;false;desert;1
4743;227;98;240;land;false;jungle;1
4744;147;229;203;land;false;marsh;1
4745;194;182;196;land;true;jungle;1
4746;168;152;241;land;true;jungle;1
4747;101;169;233;land;false;plains;1
4748;236;164;151;land;false;marsh;1
4749;252;192;209;land;false;jungle;1
4750;98;213;214;land;false;plains;1
4751;134;250;240;land;false;marsh;1
4752;99;224;194;land;false;marsh;1
4753;152;246;107;land;true;mountain;1
4754;215;173;187;land;false;jungle;1
4755;241;134;225;land;false;marsh;1
4756;183;187;209;land;true;mountain;1
4757;91;245;222;land;false;marsh;1
4758;200;232;202;land;true;plains;1
4759;146;167;231;land;false;marsh;1
4760;197;190;142;land;false;jungle;1
4761;217;129;178;land;false;mountain;1
4762;224;208;242;land;true;forest;1
4763;192;201;143;land;false;jungle;1
4764;189;201;207;land;true;marsh;1
4765;149;191;251;land;true;jungle;1
4766;223;222;68;land;false;marsh;1
4767;139;209;165;land;true;mountain;1
4768;90;252;166;land;false;marsh;1
4769;222;211;84;land;true;plains;1
4770;239;212;138;land;true;mountain;1
4771;218;129;208;land;false;forest;1
4772;198;219;127;land;false;marsh;1
4773;220;252;47;land;true;marsh;1
4774;106;213;189;land;true;forest;1
4775;242;63;226;land;true;marsh;1
4776;136;248;243;land;false;marsh;1
4777;171;242;96;land;true;forest;1
4778;211;228;105;land;false;marsh;1
4779;140;176;254;land;false;marsh;1
4780;135;234;159;land;false;marsh;1
4781;219;134;168;land;false;jungle;1
4782;149;220;220;land;false;forest;1
4783;160;121;238;land;false;jungle;1
4784;250;91;220;land;false;marsh;1
4785;125;186;249;land;false;jungle;1
4786;161;163;236;land;false;forest;1
4787;173;102;231;land;true;forest;1
4788;239;87;193;land;true;marsh;1
4789;208;197;189;land;false;jungle;1
4790;121;163;226;land;false;plains;1
4791;237;173;182;land;false;marsh;1
4792;173;202;150;land;true;mountain;1
4793;174;163;243;land;true;marsh;1
4794;157;221;225;land;true;mountain;1
4795;169;217;174;land;false;mountain;1
4796;249;153;247;land;false;mountain;1
4797;179;159;210;land;false;marsh;1
4798;229;155;185;land;true;mountain;1
4799;210;238;100;land;false;marsh;1
4800;230;111;225;land;false;mountain;1
4801;254;167;211;land;false;marsh;1
4802;120;237;221;land;false;desert;1
4803;151;155;240;land;true;mountain;1
4804;182;137;234;land;false;marsh;1
4805;229;206;228;land;true;hills;1
4806;85;247;201;land;true;marsh;1
4807;249;181;132;land;true;jungle;1
4808;137;180;210;land;true;mountain;1
4809;241;205;70;land;true;mountain;1
4810;209;243;142;land;true;marsh;1
4811;156;242;137;land;false;jungle;1
4812;202;130;211;land;false;marsh;1
4813;163;233;166;land;true;forest;1
4814;173;238;184;land;false;marsh;1
4815;137;160;244;land;true;marsh;1
4816;209;253;218;land;true;jungle;1
4817;173;231;124;land;false;marsh;1
4818;112;226;178;land;false;marsh;1
4819;241;248;229;land;false;forest;1
4820;243;115;167;land;false;marsh;1
4821;215;72;236;land;false;marsh;1
4822;168;145;235;land;true;forest;1
4823;240;151;152;land;false;marsh;1
4824;211;201;154;land;false;marsh;1
4825;164;213;136;land;true;jungle;1
4826;113;181;229;land;false;marsh;1
4827;214;200;222;land;false;jungle;1
4828;142;219;253;land;true;marsh;1
4829;206;131;199;land;false;marsh;1
4830;184;168;157;land;false;mountain;1
4831;185;113;245;land;false;marsh;1
4832;243;227;207;land;false;forest;1
4833;162;206;186;land;false;marsh;1
4834;229;198;220;land;false;plains;1
4835;204;248;112;land;false;marsh;1
4836;99;231;195;land;true;plains;1
4837;177;216;249;land;false;marsh;1
4838;201;180;173;land;false;marsh;1
4839;143;216;197;land;false;marsh;1
4840;117;209;216;land;false;marsh;1
4841;248;220;240;land;true;jungle;1
4842;120;232;228;land;true;marsh;1
4843;194;180;219;land;false;forest;1
4844;243;172;191;land;true;marsh;1
4845;245;210;157;land;true;forest;1
4846;252;199;160;land;false;marsh;1
4847;81;246;230;land;false;mountain;1
4848;212;205;194;land;false;marsh;1
4849;183;213;150;land;false;marsh;1
4850;192;207;108;land;false;marsh;1
4851;250;164;126;land;false;marsh;1
4852;248;22;248;land;true;marsh;1
4853;222;208;176;land;false;jungle;1
4854;134;181;219;land;false;plains;1
4855;100;230;233;land;false;marsh;1
4856;225;226;231;land;false;marsh;1
4857;161;213;242;land;false;marsh;1
4858;211;156;204;land;true;plains;1
4859;191;112;213;land;true;forest;1
4860;169;104;252;land;true;marsh;1
4861;234;212;182;land;true;marsh;1
4862;238;251;45;land;false;marsh;1
4863;149;210;145;land;true;forest;1
4864;159;242;199;land;false;marsh;1
4865;103;208;202;land;false;marsh;1
4866;216;187;165;land;false;forest;1
4867;205;161;217;land;false;marsh;1
4868;204;169;154;land;true;marsh;1
4869;250;217;36;land;false;mountain;1
4870;238;202;194;land;false;marsh;1
4871;252;194;86;land;false;marsh;1
4872;231;155;225;land;false;marsh;1
4873;237;237;93;land;false;marsh;1
4874;136;135;251;land;false;marsh;1
4875;244;191;244;land;true;marsh;1
4876;147;189;248;land;true;marsh;1
4877;228;145;180;land;true;forest;1
4878;235;169;130;land;false;forest;1
4879;222;172;235;land;false;marsh;1
4880;207;206;111;land;false;forest;1
4881;172;210;133;land;true;marsh;1
4882;123;232;212;land;false;marsh;1
4883;210;234;155;land;true;mountain;1
4884;236;125;217;land;false;marsh;1
4885;221;245;64;land;false;plains;1
4886;218;203;112;land;false;marsh;1
4887;187;240;82;land;true;mountain;1
4888;157;127;254;land;false;marsh;1
4889;254;86;227;land;false;marsh;1
4890;117;229;228;land;true;forest;1
4891;168;193;172;land;false;marsh;1
4892;135;147;249;land;true;marsh;1
4893;207;126;177;land;false;marsh;1
4894;198;223;220;land;true;forest;1
4895;203;214;159;land;true;marsh;1
4896;230;199;247;land;true;mountain;1
4897;165;241;164;land;true;mountain;1
4898;193;68;249;land;true;marsh;1
4899;223;100;234;land;false;plains;1
4900;125;237;238;land;false;marsh;1
4901;230;178;149;land;false;marsh;1
4902;243;215;170;land;true;marsh;1
4903;222;254;62;land;false;marsh;1
4904;199;155;175;land;true;mountain;1
4905;80;233;189;land;false;jungle;1
4906;168;243;142;land;false;marsh;1
4907;233;170;128;land;true;mountain;1
4908;229;211;127;land;false;marsh;1
4909;218;205;87;land;false;marsh;1
4910;217;104;236;land;false;marsh;1
4911;236;156;188;land;true;plains;1
4912;239;101;172;land;false;desert;1
4913;160;237;200;land;false;marsh;1
4914;207;143;157;land;true;mountain;1
4915;175;164;249;land;true;marsh;1
4916;206;211;245;land;true;marsh;1
4917;250;127;173;land;false;marsh;1
4918;214;80;249;land;true;marsh;1
4919;228;232;168;land;true;marsh;1
4920;177;246;155;land;true;jungle;1
4921;190;241;206;land;true;marsh;1
4922;220;187;124;land;false;plains;1
4923;180;175;240;land;false;marsh;1
4924;251;227;203;land;false;marsh;1
4925;173;164;164;land;false;marsh;1
4926;224;153;152;land;false;plains;1
4927;182;136;195;land;false;mountain;1
4928;153;249;139;land;false;hills;1
4929;171;147;250;land;false;marsh;1
4930;191;187;231;land;false;marsh;1
4931;106;241;253;land;false;marsh;1
4932;245;185;203;land;false;desert;1
4933;209;140;216;land;true;forest;1
4934;134;210;235;land;false;marsh;1
4935;78;208;254;land;true;marsh;1
4936;229;226;71;land;false;jungle;1
4937;178;195;131;land;true;marsh;1
4938;151;167;215;land;true;marsh;1
4939;46;234;247;land;true;marsh;1
4940;204;157;188;land;true;plains;1
4941;162;135;246;land;true;mountain;1
4942;173;192;149;land;false;marsh;1
4943;225;170;209;land;true;jungle;1
4944;231;51;219;land;false;marsh;1
4945;143;205;186;land;true;plains;1
4946;158;198;208;land;false;desert;1
4947;203;168;164;land;false;plains;1
4948;235;210;99;land;false;marsh;1
4949;231;232;204;land;false;marsh;1
4950;190;197;168;land;false;marsh;1
4951;231;184;132;land;false;marsh;1
4952;213;168;253;land;false;marsh;1
4953;162;212;250;land;true;mountain;1
4954;134;189;254;land;true;desert;1
4955;240;29;241;land;false;forest;1
4956;219;166;195;land;true;marsh;1
4957;171;192;177;land;false;marsh;1
4958;220;194;210;land;false;plains;1
4959;122;230;245;land;false;marsh;1
4960;146;204;236;land;true;marsh;1
4961;102;218;196;land;false;forest;1
4962;113;242;228;land;false;forest;1
4963;145;161;253;land;true;marsh;1
4964;206;246;211;land;false;mountain;1
4965;206;242;248;land;true;marsh;1
4966;99;208;241;land;true;marsh;1
4967;77;233;215;land;true;mountain;1
4968;227;208;117;land;false;marsh;1
4969;204;239;175;land;false;desert;1
4970;209;108;209;land;false;marsh;1
4971;138;218;193;land;true;mountain;1
4972;253;246;182;land;false;desert;1
4973;127;175;211;land;false;jungle;1
4974;109;179;237;land;true;marsh;1
4975;213;106;235;land;true;forest;1
4976;249;136;144;land;false;forest;1
4977;167;171;253;land;false;marsh;1
4978;229;26;254;land;false;mountain;1
4979;88;234;186;land;true;marsh;1
4980;160;197;208;land;true;marsh;1
4981;238;128;144;land;true;jungle;1
4982;191;249;211;land;false;desert;1
4983;249;217;159;land;false;marsh;1
4984;180;209;228;land;false;desert;1
4985;181;196;227;land;false;desert;1
4986;138;254;178;land;false;jungle;1
4987;180;227;195;land;false;plains;1
4988;232;76;229;land;false;marsh;1
4989;212;242;172;land;true;marsh;1
4990;195;133;227;land;true;marsh;1
4991;240;41;229;land;false;mountain;1
4992;208;208;178;land;false;mountain;1
4993;148;249;184;land;true;desert;1
4994;192;229;93;land;false;marsh;1
4995;198;188;125;land;false;mountain;1
4996;195;113;206;land;true;plains;1
4997;247;193;139;land;false;mountain;1
4998;57;252;211;land;false;plains;1
4999;93;186;236;land;true;marsh;1
5000;136;116;254;land;true;forest;1
5001;223;157;220;land;false;jungle;1
5002;116;241;152;land;false;desert;1
5003;243;195;178;land;true;mountain;1
5004;197;151;154;land;false;marsh;1
5005;124;235;246;land;false;marsh;1
5006;187;247;177;land;false;marsh;1
5007;224;224;87;land;true;marsh;1
5008;222;206;76;land;true;marsh;1
5009;79;249;177;land;false;plains;1
5010;179;175;238;land;true;marsh;1
5011;228;235;66;land;false;jungle;1
5012;248;233;54;land;true;marsh;1
5013;242;88;233;land;false;mountain;1
5014;108;241;221;land;true;mountain;1
5015;228;180;210;land;false;desert;1
5016;209;118;254;land;true;forest;1
5017;111;194;238;land;false;forest;1
5018;223;243;146;land;false;marsh;1
5019;222;242;152;land;false;mountain;1
5020;149;251;235;land;true;marsh;1
5021;162;119;229;land;true;mountain;1
5022;161;114;243;land;true;jungle;1
5023;196;171;208;land;false;desert;1
5024;214;128;185;land;false;marsh;1
5025;109;237;239;land;true;forest;1
5026;127;251;234;land;true;mountain;1
5027;203;243;252;land;false;marsh;1
5028;250;189;107;land;false;jungle;1
5029;137;218;187;land;false;hills;1
5030;248;207;202;land;false;marsh;1
5031;242;162;111;land;true;marsh;1
5032;191;214;217;land;true;marsh;1
5033;194;99;215;land;true;marsh;1
5034;163;229;186;land;false;jungle;1
5035;174;233;98;land;true;marsh;1
5036;241;169;227;land;true;forest;1
5037;164;196;166;land;false;mountain;1
5038;80;241;231;land;false;mountain;1
5039;155;221;184;land;false;desert;1
5040;87;164;251;land;true;hills;1
5041;172;253;151;land;false;desert;1
5042;210;243;147;land;true;marsh;1
5043;231;125;232;land;false;jungle;1
5044;205;153;143;land;false;marsh;1
5045;195;194;250;land;false;mountain;1
5046;212;123;234;land;false;desert;1
5047;204;78;235;land;false;desert;1
5048;84;189;230;land;true;forest;1
5049;247;182;172;land;false;marsh;1
5050;223;239;44;land;false;hills;1
5051;131;145;226;land;false;desert;1
5052;183;240;175;land;true;marsh;1
5053;126;207;206;land;true;forest;1
5054;218;239;155;land;true;marsh;1
5055;172;251;229;land;true;marsh;1
5056;174;245;196;land;false;hills;1
5057;128;200;219;land;true;marsh;1
5058;229;232;226;land;false;mountain;1
5059;197;211;205;land;false;mountain;1
5060;225;243;225;land;true;marsh;1
5061;172;107;227;land;false;jungle;1
5062;244;216;51;land;false;hills;1
5063;210;121;193;land;false;mountain;1
5064;108;241;211;land;true;marsh;1
5065;49;237;227;land;false;jungle;1
5066;242;225;68;land;true;forest;1
5067;151;208;218;land;true;desert;1
5068;162;176;206;land;false;hills;1
5069;227;162;179;land;true;forest;1
5070;253;133;139;land;false;desert;1
5071;135;252;227;land;true;marsh;1
5072;157;166;202;land;false;plains;1
5073;168;222;154;land;true;marsh;1
5074;168;148;224;land;true;marsh;1
5075;88;232;206;land;false;hills;1
5076;247;146;166;land;false;desert;1
5077;181;237;85;land;false;plains;1
5078;91;247;237;land;true;mountain;1
5079;109;146;250;land;true;mountain;1
5080;138;232;144;land;false;mountain;1
5081;229;125;173;land;true;marsh;1
5082;187;117;230;land;false;desert;1
5083;46;245;249;land;false;mountain;1
5084;212;124;244;land;true;marsh;1
5085;218;179;229;land;true;mountain;1
5086;215;184;192;land;true;forest;1
5087;240;247;25;land;true;desert;1
5088;218;211;196;land;false;plains;1
5089;137;250;169;land;false;desert;1
5090;130;244;231;land;true;forest;1
5091;65;250;245;land;false;marsh;1
5092;253;242;198;land;false;plains;1
5093;170;234;205;land;true;mountain;1
5094;250;108;187;land;false;mountain;1
5095;177;216;244;land;false;desert;1
5096;254;163;144;land;true;marsh;1
5097;221;58;233;land;true;desert;1
5098;163;207;247;land;false;mountain;1
5099;221;203;84;land;false;plains;1
5100;251;187;252;land;false;plains;1
5101;176;252;77;land;false;mountain;1
5102;206;209;160;land;true;marsh;1
5103;245;193;140;land;false;hills;1
5104;211;253;142;land;true;forest;1
5105;216;249;226;land;false;desert;1
5106;209;97;221;land;true;marsh;1
5107;130;200;236;land;false;marsh;1
5108;143;234;250;land;false;marsh;1
5109;209;164;156;land;true;marsh;1
5110;252;242;206;land;false;mountain;1
5111;216;136;193;land;false;mountain;1
5112;179;212;114;land;false;mountain;1
5113;245;78;235;land;true;desert;1
5114;243;251;135;land;false;hills;1
5115;195;82;247;land;false;marsh;1
5116;237;247;117;land;true;mountain;1
5117;193;233;254;land;false;marsh;1
5118;216;60;234;land;true;desert;1
5119;251;63;232;land;false;mountain;1
5120;221;129;196;land;true;marsh;1
5121;175;157;174;land;false;marsh;1
5122;61;240;230;land;false;mountain;1
5123;176;224;141;land;false;plains;1
5124;172;249;229;land;false;hills;1
5125;252;215;65;land;false;marsh;1
5126;205;115;197;land;true;forest;1
5127;122;196;236;land;true;marsh;1
5128;154;250;154;land;true;marsh;1
5129;135;235;195;land;true;mountain;1
5130;156;188;249;land;true;jungle;1
5131;181;251;69;land;true;desert;1
5132;141;240;134;land;false;plains;1
5133;114;216;221;land;true;forest;1
5134;221;234;175;land;false;marsh;1
5135;172;75;254;land;false;desert;1
5136;165;134;231;land;false;hills;1
5137;162;97;254;land;true;marsh;1
5138;236;127;230;land;false;mountain;1
5139;129;222;216;land;true;marsh;1
5140;199;231;131;land;true;mountain;1
5141;231;204;163;land;true;desert;1
5142;159;221;247;land;true;forest;1
5143;239;197;116;land;false;marsh;1
5144;214;187;154;land;false;desert;1
5145;228;197;124;land;false;desert;1
5146;158;162;215;land;true;marsh;1
5147;85;222;239;land;true;hills;1
5148;233;220;248;land;true;forest;1
5149;165;251;157;land;false;mountain;1
5150;218;103;206;land;false;desert;1
5151;176;189;215;land;false;desert;1
5152;243;187;148;land;false;desert;1
5153;145;253;216;land;false;marsh;1
5154;94;188;228;land;false;mountain;1
5155;207;169;245;land;true;mountain;1
5156;168;187;164;land;true;marsh;1
5157;162;182;235;land;false;desert;1
5158;199;128;199;land;true;desert;1
5159;228;242;45;land;false;plains;1
5160;249;168;183;land;false;desert;1
5161;125;208;173;land;true;mountain;1
5162;252;178;254;land;false;jungle;1
5163;141;198;187;land;true;jungle;1
5164;134;204;196;land;false;marsh;1
5165;201;219;124;land;false;jungle;1
5166;239;74;205;land;true;plains;1
5167;204;153;238;land;true;forest;1
5168;241;149;249;land;false;desert;1
5169;218;236;114;land;false;hills;1
5170;243;151;139;land;true;forest;1
5171;162;225;163;land;false;desert;1
5172;199;169;179;land;false;hills;1
5173;207;144;234;land;false;marsh;1
5174;253;242;78;land;true;marsh;1
5175;230;170;135;land;false;marsh;1
5176;225;127;219;land;false;desert;1
5177;227;120;211;land;false;marsh;1
5178;225;209;120;land;true;marsh;1
5179;247;212;135;land;false;plains;1
5180;224;181;151;land;false;desert;1
5181;119;209;209;land;false;mountain;1
5182;54;221;252;land;false;plains;1
5183;173;143;214;land;false;marsh;1
5184;179;224;189;land;true;marsh;1
5185;218;137;198;land;true;mountain;1
5186;163;182;239;land;true;plains;1
5187;134;245;216;land;true;marsh;1
5188;208;173;243;land;false;desert;1
5189;130;168;203;land;false;jungle;1
5190;148;181;181;land;false;mountain;1
5191;180;154;205;land;false;marsh;1
5192;201;222;251;land;false;plains;1
5193;176;200;218;land;false;plains;1
5194;193;227;187;land;false;plains;1
5195;39;230;250;land;true;jungle;1
5196;142;178;218;land;true;desert;1
5197;246;235;217;land;true;jungle;1
5198;162;104;254;land;false;plains;1
5199;248;161;158;land;false;mountain;1
5200;66;238;239;land;true;forest;1
5201;106;220;233;land;true;marsh;1
5202;203;143;248;land;false;desert;1
5203;247;251;62;land;true;marsh;1
5204;236;112;181;land;true;marsh;1
5205;184;238;91;land;false;marsh;1
5206;141;224;221;land;true;desert;1
5207;242;88;200;land;true;marsh;1
5208;82;243;204;land;true;plains;1
5209;241;228;83;land;false;marsh;1
5210;142;213;214;land;false;mountain;1
5211;252;245;103;land;false;mountain;1
5212;173;156;175;land;true;mountain;1
5213;246;151;120;land;true;forest;1
5214;222;220;120;land;true;forest;1
5215;249;234;173;land;false;forest;1
5216;209;158;171;land;false;hills;1
5217;202;125;197;land;true;mountain;1
5218;98;209;221;land;false;desert;1
5219;143;226;191;land;false;plains;1
5220;87;229;185;land;false;marsh;1
5221;207;69;242;land;true;plains;1
5222;134;213;244;land;false;forest;1
5223;55;253;229;land;false;marsh;1
5224;252;196;197;land;false;plains;1
5225;202;210;250;land;false;plains;1
5226;154;228;126;land;false;plains;1
5227;238;192;140;land;false;plains;1
5228;155;212;136;land;false;hills;1
5229;215;96;212;land;false;jungle;1
5230;239;235;226;land;false;hills;1
5231;192;235;181;land;false;desert;1
5232;159;186;245;land;false;desert;1
5233;173;130;208;land;false;plains;1
5234;106;224;219;land;false;marsh;1
5235;242;183;81;land;true;forest;1
5236;214;123;216;land;false;mountain;1
5237;102;238;161;land;false;plains;1
5238;167;242;136;land;true;marsh;1
5239;193;67;251;land;false;desert;1
5240;126;224;218;land;true;desert;1
5241;145;234;205;land;true;marsh;1
5242;187;239;216;land;false;marsh;1
5243;237;108;239;land;false;desert;1
5244;47;207;254;land;true;marsh;1
5245;229;102;187;land;true;mountain;1
5246;250;91;216;land;false;desert;1
5247;146;194;240;land;true;forest;1
5248;142;201;243;land;false;jungle;1
5249;151;252;194;land;false;plains;1
5250;114;233;159;land;false;desert;1
5251;231;224;157;land;true;marsh;1
5252;213;238;253;land;false;jungle;1
5253;226;218;76;land;false;desert;1
5254;249;184;88;land;false;jungle;1
5255;235;129;200;land;false;marsh;1
5256;97;241;163;land;false;marsh;1
5257;99;198;247;land;true;marsh;1
5258;245;106;251;land;true;mountain;1
5259;130;172;250;land;false;hills;1
5260;194;128;254;land;true;marsh;1
5261;57;221;241;land;true;marsh;1
5262;175;201;138;land;false;desert;1
5263;142;179;191;land;false;desert;1
5264;251;125;159;land;true;forest;1
5265;216;234;254;land;false;desert;1
5266;222;177;195;land;true;forest;1
5267;144;250;113;land;false;marsh;1
5268;240;135;126;land;false;desert;1
5269;228;169;133;land;false;desert;1
5270;183;226;165;land;false;desert;1
5271;245;188;185;land;false;desert;1
5272;229;219;205;land;false;desert;1
5273;206;206;231;land;false;hills;1
5274;76;207;252;land;false;mountain;1
5275;149;247;237;land;false;jungle;1
5276;208;212;183;land;false;desert;1
5277;137;163;242;land;true;marsh;1
5278;208;202;132;land;false;marsh;1
5279;210;141;207;land;false;desert;1
5280;61;234;245;land;false;marsh;1
5281;191;96;241;land;false;marsh;1
5282;150;156;221;land;false;forest;1
5283;161;232;184;land;false;hills;1
5284;231;151;200;land;false;desert;1
5285;156;169;177;land;false;desert;1
5286;251;157;114;land;false;desert;1
5287;58;229;222;land;true;desert;1
5288;223;144;140;land;false;desert;1
5289;229;254;246;land;false;desert;1
5290;170;234;144;land;false;desert;1
5291;222;174;113;land;false;marsh;1
5292;162;167;249;land;false;desert;1
5293;148;184;245;land;true;marsh;1
5294;178;247;227;land;false;jungle;1
5295;213;159;234;land;false;forest;1
5296;224;178;178;land;false;marsh;1
5297;235;66;204;land;false;marsh;1
5298;108;168;244;land;false;marsh;1
5299;254;46;238;land;false;desert;1
5300;225;193;164;land;false;desert;1
5301;161;252;123;land;false;jungle;1
5302;157;161;228;land;false;desert;1
5303;200;206;128;land;false;desert;1
5304;200;167;148;land;false;mountain;1
5305;223;243;113;land;false;desert;1
5306;241;208;234;land;true;marsh;1
5307;203;182;177;land;true;mountain;1
5308;174;219;202;land;false;desert;1
5309;208;198;220;land;false;desert;1
5310;218;244;248;land;false;desert;1
5311;221;98;219;land;false;marsh;1
5312;165;146;204;land;false;forest;1
5313;22;245;241;land;false;desert;1
5314;224;217;168;land;true;mountain;1
5315;180;238;254;land;false;marsh;1
5316;88;245;188;land;true;forest;1
5317;238;169;243;land;true;marsh;1
5318;254;166;123;land;false;desert;1
5319;190;113;201;land;false;desert;1
5320;99;200;236;land;false;jungle;1
5321;251;189;220;land;false;hills;1
5322;244;152;202;land;false;desert;1
5323;41;231;254;land;false;marsh;1
5324;200;147;243;land;false;desert;1
5325;197;170;186;land;false;desert;1
5326;233;198;192;land;false;forest;1
5327;94;241;249;land;false;jungle;1
5328;195;164;238;land;false;marsh;1
5329;153;163;218;land;false;hills;1
5330;158;221;144;land;false;desert;1
5331;254;237;211;land;false;desert;1
5332;211;253;204;land;false;forest;1
5333;173;133;249;land;false;desert;1
5334;172;219;178;land;true;mountain;1
5335;252;237;251;land;false;desert;1
5336;192;209;111;land;false;desert;1
5337;184;218;99;land;false;desert;1
5338;220;204;153;land;false;marsh;1
5339;221;198;93;land;true;marsh;1
5340;114;201;227;land;true;desert;1
5341;251;253;138;land;false;desert;1
5342;229;213;226;land;true;forest;1
5343;147;201;204;land;false;desert;1
5344;150;187;202;land;false;desert;1
5345;203;114;209;land;false;hills;1
5346;206;244;60;land;false;jungle;1
5347;154;228;149;land;false;marsh;1
5348;214;217;125;land;true;marsh;1
5349;54;233;246;land;true;desert;1
5350;207;52;246;land;false;desert;1
5351;162;134;229;land;false;marsh;1
5352;225;162;137;land;true;forest;1
5353;230;230;129;land;false;desert;1
5354;176;246;206;land;false;desert;1
5355;215;173;169;land;false;forest;1
5356;235;132;185;land;false;marsh;1
5357;214;227;244;land;false;marsh;1
5358;87;240;244;land;true;mountain;1
5359;192;142;172;land;true;marsh;1
5360;220;133;163;land;false;marsh;1
5361;250;164;243;land;false;hills;1
5362;166;221;149;land;false;desert;1
5363;176;139;208;land;true;mountain;1
5364;165;226;152;land;false;desert;1
5365;243;213;172;land;false;desert;1
5366;241;245;143;land;false;hills;1
5367;247;204;115;land;false;marsh;1
5368;251;142;229;land;true;marsh;1
5369;137;188;200;land;true;desert;1
5370;218;58;243;land;false;hills;1
5371;240;114;252;land;false;marsh;1
5372;249;152;108;land;false;desert;1
5373;218;250;58;land;false;desert;1
5374;208;144;250;land;false;desert;1
5375;201;196;212;land;false;desert;1
5376;155;239;147;land;false;marsh;1
5377;240;251;143;land;true;marsh;1
5378;219;127;236;land;false;desert;1
5379;177;214;150;land;false;forest;1
5380;220;236;245;land;false;marsh;1
5381;219;221;204;land;false;hills;1
5382;124;214;180;land;false;desert;1
5383;156;198;186;land;false;marsh;1
5384;242;246;213;land;false;jungle;1
5385;233;206;243;land;false;marsh;1
5386;105;224;227;land;false;mountain;1
5387;248;252;239;land;true;marsh;1
5388;192;177;168;land;true;plains;1
5389;211;229;160;land;false;desert;1
5390;156;253;250;land;false;hills;1
5391;160;209;232;land;false;mountain;1
5392;252;239;22;land;true;marsh;1
5393;237;192;114;land;true;marsh;1
5394;51;217;244;land;false;desert;1
5395;152;179;249;land;false;marsh;1
5396;225;87;207;land;false;marsh;1
5397;196;225;154;land;false;hills;1
5398;115;205;247;land;false;desert;1
5399;215;190;218;land;false;desert;1
5400;225;216;123;land;false;hills;1
5401;187;165;163;land;false;desert;1
5402;181;133;253;land;false;desert;1
5403;197;251;120;land;false;jungle;1
5404;82;244;178;land;false;hills;1
5405;249;237;144;land;false;desert;1
5406;227;223;100;land;false;forest;1
5407;160;167;219;land;false;marsh;1
5408;245;160;188;land;false;marsh;1
5409;217;209;147;land;true;forest;1
5410;239;244;124;land;true;mountain;1
5411;186;234;197;land;false;forest;1
5412;167;201;237;land;false;mountain;1
5413;247;193;193;land;false;desert;1
5414;189;195;203;land;false;marsh;1
5415;164;139;222;land;false;marsh;1
5416;145;230;138;land;false;marsh;1
5417;201;104;246;land;true;marsh;1
5418;114;222;210;land;true;marsh;1
5419;104;221;203;land;false;desert;1
5420;177;232;229;land;false;mountain;1
5421;246;239;114;land;false;forest;1
5422;231;253;78;land;false;jungle;1
5423;251;211;72;land;false;marsh;1
5424;184;182;249;land;false;marsh;1
5425;174;197;150;land;true;forest;1
5426;241;96;176;land;true;desert;1
5427;229;192;250;land;false;hills;1
5428;227;184;175;land;false;desert;1
5429;238;252;224;land;false;desert;1
5430;173;198;198;land;true;marsh;1
5431;129;254;166;land;false;forest;1
5432;157;194;241;land;false;jungle;1
5433;242;243;23;land;false;marsh;1
5434;236;164;115;land;false;marsh;1
5435;253;102;214;land;false;marsh;1
5436;199;238;216;land;true;marsh;1
5437;150;173;187;land;false;desert;1
5438;210;205;200;land;false;marsh;1
5439;231;228;73;land;false;marsh;1
5440;92;237;215;land;true;marsh;1
5441;211;181;198;land;true;forest;1
5442;250;201;124;land;false;desert;1
5443;97;236;204;land;false;jungle;1
5444;207;197;123;land;false;desert;1
5445;246;120;231;land;false;forest;1
5446;160;185;241;land;false;jungle;1
5447;234;247;148;land;false;jungle;1
5448;226;64;242;land;true;desert;1
5449;192;199;253;land;false;marsh;1
5450;148;185;184;land;false;desert;1
5451;227;214;171;land;false;marsh;1
5452;211;131;184;land;false;hills;1
5453;170;140;211;land;false;marsh;1
5454;132;225;188;land;false;hills;1
5455;190;138;211;land;true;desert;1
5456;197;83;248;land;false;desert;1
5457;119;244;234;land;false;forest;1
5458;206;139;190;land;true;desert;1
5459;172;193;198;land;false;marsh;1
5460;223;228;73;land;true;desert;1
5461;246;133;239;land;false;desert;1
5462;221;113;178;land;true;marsh;1
5463;251;252;224;land;false;marsh;1
5464;171;184;157;land;false;hills;1
5465;232;240;215;land;false;forest;1
5466;195;120;220;land;false;desert;1
5467;247;210;44;land;false;marsh;1
5468;82;209;242;land;true;jungle;1
5469;116;160;254;land;true;plains;1
5470;197;195;160;land;false;marsh;1
5471;78;221;254;land;false;desert;1
5472;234;163;116;land;false;marsh;1
5473;224;228;121;land;true;marsh;1
5474;215;155;177;land;false;desert;1
5475;236;136;184;land;false;marsh;1
5476;169;222;191;land;false;hills;1
5477;209;204;251;land;false;urban;1
5478;39;246;237;land;false;marsh;1
5479;167;192;225;land;false;marsh;1
5480;127;151;223;land;true;marsh;1
5481;235;152;226;land;false;desert;1
5482;204;214;185;land;false;marsh;1
5483;242;110;163;land;false;marsh;1
5484;40;244;228;land;false;desert;1
5485;152;246;185;land;false;desert;1
5486;249;151;166;land;false;jungle;1
5487;144;251;116;land;true;marsh;1
5488;175;197;191;land;false;hills;1
5489;220;70;251;land;true;marsh;1
5490;134;179;230;land;true;desert;1
5491;191;171;165;land;false;desert;1
5492;222;168;127;land;false;desert;1
5493;193;199;164;land;false;marsh;1
5494;104;234;169;land;false;jungle;1
5495;213;155;149;land;false;marsh;1
5496;93;177;236;land;true;mountain;1
5497;193;223;213;land;false;forest;1
5498;104;219;189;land;false;marsh;1
5499;187;221;184;land;false;plains;1
5500;139;220;157;land;true;marsh;1
5501;189;161;218;land;true;mountain;1
5502;204;224;77;land;false;desert;1
5503;217;149;253;land;false;desert;1
5504;241;69;192;land;false;desert;1
5505;153;111;250;land;false;marsh;1
5506;233;151;190;land;false;forest;1
5507;232;228;121;land;false;marsh;1
5508;194;215;109;land;true;marsh;1
5509;207;134;187;land;false;desert;1
5510;53;211;240;land;false;desert;1
5511;78;240;209;land;false;marsh;1
5512;180;115;227;land;false;hills;1
5513;253;204;57;land;false;marsh;1
5514;167;208;137;land;false;desert;1
5515;198;154;164;land;false;desert;1
5516;184;156;218;land;false;desert;1
5517;227;177;199;land;false;marsh;1
5518;213;254;233;land;true;jungle;1
5519;246;170;156;land;false;marsh;1
5520;234;210;144;land;false;plains;1
5521;145;138;229;land;false;desert;1
5522;169;241;95;land;false;desert;1
5523;252;91;186;land;false;marsh;1
5524;147;171;246;land;false;marsh;1
5525;163;240;152;land;false;desert;1
5526;251;159;225;land;false;marsh;1
5527;240;243;99;land;false;mountain;1
5528;172;201;139;land;false;forest;1
5529;184;221;143;land;false;marsh;1
5530;234;245;212;land;false;desert;1
5531;205;129;227;land;false;marsh;1
5532;224;248;228;land;true;desert;1
5533;227;239;64;land;false;desert;1
5534;249;79;187;land;false;desert;1
5535;254;227;100;land;false;hills;1
5536;223;208;122;land;false;mountain;1
5537;204;119;181;land;false;desert;1
5538;241;217;224;land;false;jungle;1
5539;228;191;163;land;true;mountain;1
5540;142;183;248;land;true;forest;1
5541;243;138;236;land;true;forest;1
5542;128;146;244;land;false;desert;1
5543;195;147;216;land;false;desert;1
5544;209;128;207;land;false;marsh;1
5545;213;142;203;land;true;marsh;1
5546;235;253;35;land;false;desert;1
5547;196;210;163;land;false;forest;1
5548;130;222;245;land;false;plains;1
5549;233;243;77;land;false;jungle;1
5550;163;245;243;land;true;forest;1
5551;97;197;233;land;false;marsh;1
5552;240;101;212;land;false;mountain;1
5553;192;202;190;land;false;mountain;1
5554;234;218;60;land;true;forest;1
5555;167;237;234;land;false;marsh;1
5556;161;212;218;land;false;marsh;1
5557;178;254;169;land;false;marsh;1
5558;186;208;171;land;false;desert;1
5559;153;183;213;land;false;marsh;1
5560;238;30;246;land;false;marsh;1
5561;254;83;168;land;false;marsh;1
5562;187;180;231;land;false;desert;1
5563;227;250;251;land;false;desert;1
5564;245;78;233;land;false;plains;1
5565;159;231;142;land;false;desert;1
5566;128;241;156;land;false;desert;1
5567;237;152;187;land;true;marsh;1
5568;171;211;164;land;false;desert;1
5569;79;213;216;land;false;desert;1
5570;235;66;213;land;false;mountain;1
5571;249;132;132;land;false;desert;1
5572;234;242;50;land;true;forest;1
5573;226;84;194;land;false;marsh;1
5574;193;181;177;land;true;marsh;1
5575;120;245;225;land;true;marsh;1
5576;102;235;247;land;true;desert;1
5577;219;95;194;land;false;desert;1
5578;225;160;139;land;false;desert;1
5579;246;214;108;land;true;mountain;1
5580;149;139;235;land;false;marsh;1
5581;129;138;236;land;false;marsh;1
5582;158;241;247;land;true;marsh;1
5583;199;246;198;land;false;desert;1
5584;201;140;192;land;false;marsh;1
5585;173;95;237;land;false;marsh;1
5586;233;204;193;land;false;desert;1
5587;168;164;238;land;false;marsh;1
5588;149;185;185;land;false;desert;1
5589;238;231;106;land;false;marsh;1
5590;137;205;234;land;true;marsh;1
5591;143;179;205;land;false;desert;1
5592;235;166;232;land;false;marsh;1
5593;157;221;196;land;false;marsh;1
5594;246;187;228;land;false;desert;1
5595;222;146;151;land;true;forest;1
5596;204;244;65;land;false;desert;1
5597;234;231;187;land;false;desert;1
5598;231;127;183;land;false;mountain;1
5599;218;236;245;land;true;mountain;1
5600;175;191;223;land;true;marsh;1
5601;169;192;196;land;false;desert;1
5602;109;187;207;land;true;marsh;1
5603;86;246;186;land;false;marsh;1
5604;79;216;222;land;false;desert;1
5605;65;227;219;land;true;marsh;1
5606;242;205;128;land;true;mountain;1
5607;224;227;97;land;false;marsh;1
5608;227;226;216;land;false;jungle;1
5609;86;235;202;land;false;jungle;1
5610;157;179;245;land;false;marsh;1
5611;232;248;26;land;false;marsh;1
5612;209;216;236;land;false;desert;1
5613;232;245;142;land;false;desert;1
5614;247;137;132;land;false;desert;1
5615;138;192;247;land;false;mountain;1
5616;163;206;149;land;false;marsh;1
5617;103;203;201;land;false;jungle;1
5618;226;233;222;land;false;desert;1
5619;76;209;222;land;false;marsh;1
5620;180;221;104;land;false;marsh;1
5621;188;225;178;land;false;desert;1
5622;201;242;93;land;false;desert;1
5623;253;221;235;land;false;desert;1
5624;240;157;131;land;false;marsh;1
5625;206;234;173;land;false;desert;1
5626;235;115;202;land;false;marsh;1
5627;232;176;192;land;false;desert;1
5628;141;215;247;land;false;desert;1
5629;170;203;217;land;true;marsh;1
5630;186;87;234;land;true;marsh;1
5631;209;239;56;land;false;desert;1
5632;135;245;136;land;false;desert;1
5633;177;235;228;land;true;marsh;1
5634;217;160;139;land;true;marsh;1
5635;131;211;219;land;true;forest;1
5636;220;181;167;land;true;mountain;1
5637;229;254;133;land;false;desert;1
5638;184;184;181;land;false;plains;1
5639;240;134;195;land;false;desert;1
5640;179;211;193;land;false;jungle;1
5641;239;242;112;land;false;desert;1
5642;194;215;195;land;false;desert;1
5643;96;254;190;land;false;marsh;1
5644;146;190;246;land;false;forest;1
5645;133;239;251;land;false;marsh;1
5646;224;186;189;land;false;marsh;1
5647;117;246;238;land;false;marsh;1
5648;236;140;249;land;true;desert;1
5649;238;212;72;land;false;mountain;1
5650;123;198;219;land;false;marsh;1
5651;199;232;165;land;false;marsh;1
5652;181;241;230;land;false;marsh;1
5653;223;210;171;land;false;marsh;1
5654;238;222;108;land;false;desert;1
5655;249;129;181;land;false;marsh;1
5656;140;217;210;land;false;marsh;1
5657;230;234;167;land;true;jungle;1
5658;243;240;75;land;false;marsh;1
5659;232;107;229;land;false;marsh;1
5660;250;229;194;land;false;desert;1
5661;194;224;156;land;false;desert;1
5662;127;212;208;land;false;marsh;1
5663;253;159;122;land;true;marsh;1
5664;196;115;216;land;true;mountain;1
5665;159;187;207;land;false;desert;1
5666;99;197;209;land;false;mountain;1
5667;250;216;118;land;false;marsh;1
5668;210;219;144;land;true;mountain;1
5669;244;180;250;land;false;hills;1
5670;57;246;243;land;true;marsh;1
5671;217;152;172;land;false;forest;1
5672;88;213;254;land;false;desert;1
5673;221;114;166;land;true;marsh;1
5674;209;243;138;land;false;hills;1
5675;218;226;98;land;false;desert;1
5676;246;136;216;land;false;marsh;1
5677;101;228;218;land;false;desert;1
5678;191;210;151;land;false;marsh;1
5679;194;192;126;land;false;jungle;1
5680;204;156;228;land;false;desert;1
5681;140;215;208;land;false;desert;1
5682;215;183;116;land;false;desert;1
5683;142;214;236;land;false;marsh;1
5684;245;108;195;land;true;marsh;1
5685;253;111;232;land;false;desert;1
5686;245;245;151;land;false;desert;1
5687;236;202;123;land;false;marsh;1
5688;207;90;237;land;false;desert;1
5689;240;105;219;land;false;marsh;1
5690;242;133;203;land;false;marsh;1
5691;189;96;248;land;true;marsh;1
5692;235;235;146;land;false;marsh;1
5693;233;49;252;land;false;marsh;1
5694;109;189;231;land;false;desert;1
5695;219;151;146;land;false;desert;1
5696;132;248;141;land;false;desert;1
5697;242;149;147;land;false;marsh;1
5698;200;189;178;land;false;marsh;1
5699;116;246;219;land;true;marsh;1
5700;203;247;219;land;true;marsh;1
5701;220;252;130;land;false;marsh;1
5702;133;145;251;land;false;marsh;1
5703;221;236;240;land;false;marsh;1
5704;153;224;223;land;true;mountain;1
5705;162;164;218;land;true;marsh;1
5706;89;222;224;land;false;desert;1
5707;105;172;244;land;false;marsh;1
5708;236;131;156;land;false;marsh;1
5709;185;171;195;land;false;jungle;1
5710;197;225;216;land;false;marsh;1
5711;178;209;132;land;false;marsh;1
5712;167;128;252;land;false;marsh;1
5713;243;251;187;land;true;forest;1
5714;194;244;191;land;false;desert;1
5715;224;245;237;land;false;desert;1
5716;243;154;182;land;false;desert;1
5717;182;210;189;land;false;desert;1
5718;245;129;152;land;false;desert;1
5719;200;190;226;land;false;desert;1
5720;184;185;157;land;false;jungle;1
5721;181;200;158;land;true;marsh;1
5722;202;243;145;land;false;desert;1
5723;184;135;247;land;false;marsh;1
5724;190;170;181;land;true;marsh;1
5725;158;192;227;land;false;marsh;1
5726;229;153;172;land;false;desert;1
5727;198;117;238;land;false;jungle;1
5728;175;184;220;land;false;marsh;1
5729;168;165;179;land;true;marsh;1
5730;229;178;166;land;false;jungle;1
5731;203;136;238;land;true;mountain;1
5732;221;220;170;land;false;desert;1
5733;155;148;241;land;false;marsh;1
5734;254;182;206;land;false;mountain;1
5735;86;254;252;land;false;marsh;1
5736;199;254;208;land;false;marsh;1
5737;229;251;232;land;true;desert;1
5738;227;148;139;land;false;desert;1
5739;160;235;207;land;false;marsh;1
5740;138;192;220;land;false;marsh;1
5741;248;236;189;land;true;marsh;1
5742;198;239;207;land;false;desert;1
5743;235;184;182;land;false;forest;1
5744;122;243;140;land;false;marsh;1
5745;246;252;178;land;false;marsh;1
5746;185;233;155;land;false;desert;1
5747;221;242;60;land;false;desert;1
5748;153;243;105;land;false;desert;1
5749;172;202;169;land;false;marsh;1
5750;241;134;152;land;true;marsh;1
5751;215;129;194;land;false;desert;1
5752;250;247;84;land;false;forest;1
5753;187;138;190;land;false;marsh;1
5754;220;248;157;land;false;desert;1
5755;238;197;153;land;false;desert;1
5756;179;238;147;land;true;marsh;1
5757;245;223;37;land;false;hills;1
5758;206;223;231;land;false;desert;1
5759;158;250;134;land;false;desert;1
5760;192;174;242;land;false;jungle;1
5761;102;189;234;land;false;mountain;1
5762;235;39;243;land;false;marsh;1
5763;188;191;254;land;false;forest;1
5764;134;253;215;land;false;marsh;1
5765;243;166;177;land;false;marsh;1
5766;171;231;169;land;false;plains;1
5767;235;213;107;land;false;desert;1
5768;160;202;194;land;true;desert;1
5769;54;235;225;land;false;desert;1
5770;164;128;213;land;false;marsh;1
5771;244;76;215;land;false;forest;1
5772;229;143;219;land;false;jungle;1
5773;198;232;195;land;false;marsh;1
5774;165;204;192;land;true;forest;1
5775;114;222;200;land;false;desert;1
5776;225;169;206;land;false;forest;1
5777;166;231;221;land;false;desert;1
5778;182;238;146;land;false;desert;1
5779;180;223;193;land;false;desert;1
5780;152;113;244;land;false;marsh;1
5781;251;218;97;land;false;marsh;1
5782;233;192;226;land;true;forest;1
5783;185;205;175;land;true;marsh;1
5784;135;179;202;land;false;desert;1
5785;242;158;152;land;false;desert;1
5786;183;237;156;land;false;desert;1
5787;221;244;224;land;true;marsh;1
5788;217;144;179;land;false;jungle;1
5789;170;214;205;land;false;desert;1
5790;144;186;200;land;true;jungle;1
5791;114;202;234;land;false;marsh;1
5792;184;168;149;land;false;jungle;1
5793;136;251;181;land;false;jungle;1
5794;107;252;221;land;false;jungle;1
5795;113;193;231;land;false;marsh;1
5796;223;242;94;land;true;forest;1
5797;182;191;243;land;false;desert;1
5798;137;230;209;land;false;jungle;1
5799;9;247;250;land;false;desert;1
5800;248;129;213;land;false;marsh;1
5801;134;225;244;land;false;marsh;1
5802;211;116;251;land;false;marsh;1
5803;212;138;207;land;false;marsh;1
5804;250;125;160;land;false;desert;1
5805;140;178;230;land;false;desert;1
5806;178;183;238;land;false;marsh;1
5807;223;212;92;land;false;desert;1
5808;245;209;156;land;false;marsh;1
5809;181;119;211;land;true;jungle;1
5810;125;221;158;land;false;hills;1
5811;185;254;165;land;false;marsh;1
5812;192;148;164;land;false;marsh;1
5813;248;192;159;land;true;marsh;1
5814;183;249;140;land;false;desert;1
5815;249;225;218;land;false;marsh;1
5816;229;116;159;land;false;jungle;1
5817;151;241;191;land;true;marsh;1
5818;241;101;189;land;false;desert;1
5819;225;127;164;land;true;desert;1
5820;232;247;115;land;false;jungle;1
5821;165;152;235;land;false;forest;1
5822;215;218;99;land;true;marsh;1
5823;222;210;122;land;true;marsh;1
5824;158;229;248;land;false;marsh;1
5825;218;181;175;land;false;marsh;1
5826;154;181;241;land;false;marsh;1
5827;247;103;195;land;false;mountain;1
5828;253;124;224;land;false;desert;1
5829;185;245;90;land;false;desert;1
5830;211;233;109;land;false;marsh;1
5831;34;229;254;land;false;desert;1
5832;243;229;141;land;false;desert;1
5833;213;216;246;land;false;marsh;1
5834;159;199;235;land;false;jungle;1
5835;145;173;200;land;false;marsh;1
5836;227;212;97;land;false;desert;1
5837;207;206;200;land;false;marsh;1
5838;237;158;192;land;false;marsh;1
5839;223;226;233;land;false;desert;1
5840;247;251;115;land;false;jungle;1
5841;222;129;223;land;false;jungle;1
5842;137;185;225;land;false;forest;1
5843;173;170;178;land;true;jungle;1
5844;191;243;229;land;true;forest;1
5845;166;107;254;land;false;mountain;1
5846;193;134;216;land;true;marsh;1
5847;251;137;238;land;true;marsh;1
5848;250;73;241;land;false;desert;1
5849;235;228;199;land;false;desert;1
5850;252;68;223;land;false;plains;1
5851;124;213;239;land;false;desert;1
5852;153;236;113;land;true;plains;1
5853;231;223;161;land;true;marsh;1
5854;219;209;148;land;true;forest;1
5855;172;235;228;land;false;desert;1
5856;200;188;129;land;false;marsh;1
5857;225;183;249;land;true;marsh;1
5858;181;211;200;land;false;plains;1
5859;180;187;209;land;false;marsh;1
5860;137;226;171;land;false;forest;1
5861;211;194;246;land;false;marsh;1
5862;236;54;247;land;true;marsh;1
5863;210;194;140;land;false;hills;1
5864;205;248;135;land;false;desert;1
5865;180;212;234;land;false;hills;1
5866;221;130;187;land;false;desert;1
5867;226;184;106;land;false;desert;1
5868;129;220;161;land;false;mountain;1
5869;168;187;206;land;true;marsh;1
5870;251;128;151;land;false;desert;1
5871;190;231;202;land;false;desert;1
5872;191;202;227;land;false;desert;1
5873;91;214;198;land;false;desert;1
5874;198;132;200;land;false;marsh;1
5875;166;169;191;land;false;marsh;1
5876;217;242;207;land;true;marsh;1
5877;155;219;130;land;true;mountain;1
5878;75;217;236;land;false;jungle;1
5879;181;224;112;land;false;jungle;1
5880;112;233;239;land;true;marsh;1
5881;160;244;195;land;false;marsh;1
5882;196;147;207;land;true;marsh;1
5883;243;222;61;land;false;desert;1
5884;232;217;248;land;false;desert;1
5885;116;254;153;land;false;forest;1
5886;156;216;143;land;false;desert;1
5887;66;226;245;land;true;marsh;1
5888;182;185;235;land;false;marsh;1
5889;149;216;250;land;false;marsh;1
5890;189;253;237;land;false;desert;1
5891;95;232;241;land;false;forest;1
5892;218;79;209;land;true;marsh;1
5893;254;231;239;land;false;urban;1
5894;100;192;225;land;false;marsh;1
5895;195;253;207;land;false;desert;1
5896;162;149;251;land;false;desert;1
5897;241;175;126;land;false;marsh;1
5898;114;194;210;land;false;marsh;1
5899;238;144;234;land;false;jungle;1
5900;61;228;254;land;false;desert;1
5901;179;197;208;land;false;marsh;1
5902;92;183;249;land;false;marsh;1
5903;246;178;156;land;true;forest;1
5904;178;96;236;land;false;desert;1
5905;223;129;200;land;false;desert;1
5906;148;248;178;land;false;forest;1
5907;249;212;99;land;false;desert;1
5908;224;182;248;land;false;mountain;1
5909;144;239;171;land;false;marsh;1
5910;231;173;197;land;false;hills;1
5911;106;172;225;land;false;jungle;1
5912;113;178;225;land;true;plains;1
5913;221;166;129;land;true;forest;1
5914;171;236;171;land;true;forest;1
5915;208;208;130;land;false;marsh;1
5916;239;163;174;land;false;marsh;1
5917;244;143;215;land;false;marsh;1
5918;167;220;198;land;false;jungle;1
5919;166;237;145;land;true;marsh;1
5920;235;186;153;land;true;marsh;1
5921;127;211;241;land;true;marsh;1
5922;252;176;177;land;true;marsh;1
5923;181;214;112;land;true;mountain;1
5924;166;213;196;land;true;mountain;1
5925;237;218;98;land;false;urban;1
5926;203;219;197;land;true;marsh;1
5927;155;191;253;land;false;marsh;1
5928;177;254;238;land;true;marsh;1
5929;153;163;229;land;true;mountain;1
5930;183;140;230;land;false;desert;1
5931;244;187;106;land;false;marsh;1
5932;91;214;247;land;false;hills;1
5933;248;75;223;land;true;mountain;1
5934;202;105;245;land;false;desert;1
5935;211;101;225;land;false;desert;1
5936;225;212;123;land;false;desert;1
5937;246;209;133;land;false;desert;1
5938;178;196;175;land;false;jungle;1
5939;234;169;143;land;true;forest;1
5940;119;190;237;land;false;desert;1
5941;147;236;121;land;false;desert;1
5942;217;219;244;land;true;marsh;1
5943;195;246;240;land;false;hills;1
5944;82;231;189;land;true;desert;1
5945;182;221;119;land;false;jungle;1
5946;239;149;143;land;false;marsh;1
5947;236;133;160;land;false;jungle;1
5948;209;130;172;land;true;mountain;1
5949;138;236;231;land;false;urban;1
5950;147;242;128;land;false;marsh;1
5951;142;160;253;land;false;desert;1
5952;246;158;222;land;false;desert;1
5953;153;231;125;land;false;jungle;1
5954;235;205;184;land;false;desert;1
5955;224;238;192;land;true;marsh;1
5956;253;136;219;land;true;marsh;1
5957;165;129;240;land;false;desert;1
5958;231;227;55;land;false;desert;1
5959;34;231;236;land;false;desert;1
5960;171;85;248;land;false;marsh;1
5961;241;80;188;land;false;desert;1
5962;183;149;204;land;false;desert;1
5963;231;122;165;land;false;mountain;1
5964;208;140;157;land;false;marsh;1
5965;93;185;243;land;false;marsh;1
5966;238;81;204;land;false;desert;1
5967;251;182;92;land;true;desert;1
5968;168;158;186;land;true;mountain;1
5969;208;227;115;land;false;desert;1
5970;3;253;249;land;true;jungle;1
5971;164;190;237;land;true;jungle;1
5972;160;212;253;land;false;forest;1
5973;178;139;219;land;false;desert;1
5974;236;248;208;land;false;desert;1
5975;165;212;238;land;false;desert;1
5976;178;220;165;land;false;jungle;1
5977;248;193;79;land;true;forest;1
5978;203;128;239;land;false;mountain;1
5979;240;62;227;land;false;desert;1
5980;212;237;102;land;false;desert;1
5981;181;123;208;land;false;marsh;1
5982;219;194;142;land;false;desert;1
5983;192;238;170;land;true;plains;1
5984;235;226;69;land;false;desert;1
5985;254;137;247;land;false;desert;1
5986;251;124;168;land;false;jungle;1
5987;131;235;213;land;false;mountain;1
5988;181;226;196;land;false;jungle;1
5989;253;144;119;land;false;desert;1
5990;138;221;224;land;false;desert;1
5991;205;181;176;land;false;plains;1
5992;205;174;135;land;false;desert;1
5993;207;165;222;land;false;desert;1
5994;235;216;222;land;false;desert;1
5995;38;241;249;land;true;marsh;1
5996;231;244;82;land;false;mountain;1
5997;138;199;196;land;false;jungle;1
5998;152;240;185;land;true;forest;1
5999;251;98;199;land;true;mountain;1
6000;209;205;234;land;true;marsh;1
6001;171;211;179;land;false;marsh;1
6002;249;207;146;land;false;marsh;1
6003;169;215;150;land;true;mountain;1
6004;121;199;213;land;false;mountain;1
6005;238;143;131;land;false;desert;1
6006;100;233;248;land;false;desert;1
6007;231;249;228;land;false;desert;1
6008;234;124;193;land;false;desert;1
6009;244;98;178;land;true;marsh;1
6010;223;218;247;land;true;forest;1
6011;140;193;221;land;false;forest;1
6012;109;233;198;land;true;marsh;1
6013;247;101;228;land;false;desert;1
6014;213;172;141;land;false;desert;1
6015;124;165;215;land;false;hills;1
6016;165;197;182;land;true;mountain;1
6017;161;206;186;land;false;desert;1
6018;242;54;233;land;false;jungle;1
6019;230;119;230;land;false;desert;1
6020;111;230;201;land;true;mountain;1
6021;239;41;239;land;false;forest;1
6022;254;175;173;land;false;hills;1
6023;140;247;161;land;true;forest;1
6024;217;165;238;land;true;mountain;1
6025;102;197;230;land;false;desert;1
6026;240;133;224;land;true;forest;1
6027;173;215;219;land;false;hills;1
6028;231;210;172;land;false;desert;1
6029;158;129;215;land;false;desert;1
6030;227;192;202;land;false;desert;1
6031;162;180;217;land;false;desert;1
6032;116;224;239;land;true;desert;1
6033;181;165;174;land;true;mountain;1
6034;188;254;132;land;false;desert;1
6035;185;157;180;land;true;mountain;1
6036;246;150;199;land;true;forest;1
6037;154;246;192;land;false;desert;1
6038;215;221;171;land;false;desert;1
6039;209;194;134;land;true;marsh;1
6040;233;158;216;land;false;jungle;1
6041;247;130;249;land;false;desert;1
6042;242;195;160;land;true;mountain;1
6043;113;254;165;land;false;desert;1
6044;232;253;160;land;true;marsh;1
6045;69;217;215;land;false;desert;1
6046;134;199;196;land;true;jungle;1
6047;233;94;203;land;false;desert;1
6048;249;246;203;land;true;hills;1
6049;191;210;169;land;true;mountain;1
6050;97;251;185;land;false;plains;1
6051;250;236;211;land;false;plains;1
6052;149;192;168;land;false;desert;1
6053;203;232;78;land;true;mountain;1
6054;235;67;248;land;false;desert;1
6055;246;177;225;land;true;marsh;1
6056;196;244;86;land;false;desert;1
6057;213;169;119;land;false;plains;1
6058;230;63;230;land;false;desert;1
6059;152;218;203;land;true;desert;1
6060;243;109;240;land;false;desert;1
6061;164;163;220;land;true;mountain;1
6062;231;166;164;land;false;desert;1
6063;205;74;222;land;false;desert;1
6064;236;204;144;land;true;desert;1
6065;90;174;243;land;true;mountain;1
6066;159;183;203;land;false;marsh;1
6067;229;47;244;land;false;marsh;1
6068;215;218;75;land;true;plains;1
6069;215;187;238;land;false;urban;1
6070;240;196;224;land;true;desert;1
6071;147;200;165;land;false;desert;1
6072;225;159;124;land;false;desert;1
6073;246;92;209;land;true;mountain;1
6074;247;186;115;land;true;mountain;1
6075;182;168;214;land;false;desert;1
6076;209;125;198;land;false;plains;1
6077;209;127;254;land;false;desert;1
6078;238;252;215;land;true;desert;1
6079;200;92;230;land;true;forest;1
6080;254;125;155;land;false;plains;1
6081;242;107;240;land;false;marsh;1
6082;177;195;178;land;true;desert;1
6083;204;196;145;land;false;desert;1
6084;68;241;241;land;false;desert;1
6085;227;240;173;land;false;desert;1
6086;253;216;252;land;true;marsh;1
6087;159;201;191;land;false;desert;1
6088;178;252;140;land;false;marsh;1
6089;89;236;181;land;false;desert;1
6090;75;228;221;land;true;mountain;1
6091;227;185;167;land;true;mountain;1
6092;170;141;195;land;true;mountain;1
6093;242;218;183;land;true;mountain;1
6094;245;162;173;land;true;mountain;1
6095;254;254;17;land;false;desert;1
6096;128;250;124;land;false;desert;1
6097;244;244;149;land;false;desert;1
6098;63;213;251;land;false;desert;1
6099;179;166;236;land;false;marsh;1
6100;221;253;50;land;true;marsh;1
6101;120;157;254;land;true;desert;1
6102;176;120;254;land;true;marsh;1
6103;237;160;210;land;false;marsh;1
6104;181;229;180;land;false;desert;1
6105;217;170;126;land;false;desert;1
6106;143;233;212;land;false;jungle;1
6107;236;129;171;land;false;desert;1
6108;151;174;240;land;false;desert;1
6109;159;245;196;land;false;desert;1
6110;110;183;238;land;false;desert;1
6111;235;248;211;land;false;desert;1
6112;215;201;123;land;false;plains;1
6113;243;254;92;land;true;forest;1
6114;101;230;226;land;false;desert;1
6115;198;218;154;land;false;plains;1
6116;167;162;177;land;true;marsh;1
6117;170;158;237;land;false;plains;1
6118;253;52;224;land;false;desert;1
6119;191;177;212;land;false;desert;1
6120;252;222;149;land;false;desert;1
6121;227;154;205;land;true;plains;1
6122;210;226;116;land;false;urban;1
6123;220;205;254;land;true;marsh;1
6124;148;214;190;land;false;desert;1
6125;163;160;206;land;true;marsh;1
6126;203;148;240;land;false;desert;1
6127;201;179;183;land;true;marsh;1
6128;222;177;237;land;true;marsh;1
6129;159;138;249;land;false;desert;1
6130;175;219;245;land;false;marsh;1
6131;163;252;147;land;true;mountain;1
6132;239;79;204;land;true;plains;1
6133;180;201;172;land;false;urban;1
6134;79;192;246;land;false;plains;1
6135;160;135;244;land;false;desert;1
6136;147;200;230;land;true;marsh;1
6137;178;169;200;land;true;mountain;1
6138;228;110;195;land;false;desert;1
6139;221;222;202;land;false;desert;1
6140;206;203;227;land;false;desert;1
6141;249;221;178;land;false;urban;1
6142;242;235;195;land;true;plains;1
6143;171;192;254;land;true;mountain;1
6144;181;122;218;land;false;jungle;1
6145;111;246;214;land;true;mountain;1
6146;219;96;225;land;false;desert;1
6147;104;174;245;land;false;desert;1
6148;241;122;204;land;true;forest;1
6149;108;216;186;land;true;desert;1
6150;218;176;188;land;false;marsh;1
6151;234;186;108;land;false;desert;1
6152;204;241;105;land;false;desert;1
6153;151;254;151;land;true;marsh;1
6154;220;155;134;land;false;desert;1
6155;246;115;143;land;false;desert;1
6156;132;228;184;land;false;desert;1
6157;210;183;225;land;false;marsh;1
6158;222;241;64;land;false;mountain;1
6159;197;157;249;land;false;desert;1
6160;253;125;130;land;true;desert;1
6161;141;220;145;land;true;marsh;1
6162;219;238;90;land;true;marsh;1
6163;116;234;176;land;false;marsh;1
6164;218;197;243;land;false;urban;1
6165;31;251;253;land;true;marsh;1
6166;245;184;213;land;false;marsh;1
6167;215;98;250;land;true;forest;1
6168;133;225;148;land;true;jungle;1
6169;181;218;203;land;false;desert;1
6170;245;216;42;land;false;desert;1
6171;115;162;241;land;true;desert;1
6172;217;76;213;land;false;desert;1
6173;163;245;110;land;false;mountain;1
6174;246;163;122;land;true;marsh;1
6175;225;155;210;land;false;urban;1
6176;196;223;129;land;true;marsh;1
6177;105;205;223;land;false;desert;1
6178;205;244;127;land;false;mountain;1
6179;227;238;253;land;false;desert;1
6180;230;243;108;land;false;plains;1
6181;245;109;188;land;false;desert;1
6182;223;169;176;land;true;forest;1
6183;218;99;186;land;true;marsh;1
6184;216;254;76;land;false;desert;1
6185;164;216;247;land;false;desert;1
6186;224;188;143;land;true;forest;1
6187;243;89;207;land;true;jungle;1
6188;224;129;179;land;true;desert;1
6189;185;139;241;land;false;desert;1
6190;142;252;205;land;false;desert;1
6191;212;166;180;land;false;desert;1
6192;132;195;188;land;false;desert;1
6193;87;251;194;land;false;desert;1
6194;249;199;207;land;false;desert;1
6195;126;238;185;land;true;mountain;1
6196;181;194;224;land;true;forest;1
6197;105;190;225;land;false;urban;1
6198;236;141;143;land;true;mountain;1
6199;69;193;250;land;false;desert;1
6200;116;227;162;land;false;desert;1
6201;192;140;207;land;false;desert;1
6202;228;148;173;land;true;marsh;1
6203;230;106;243;land;false;desert;1
6204;153;123;225;land;false;desert;1
6205;207;174;220;land;true;forest;1
6206;182;240;214;land;false;desert;1
6207;198;147;178;land;true;desert;1
6208;202;241;117;land;false;desert;1
6209;251;218;99;land;true;marsh;1
6210;192;215;156;land;false;mountain;1
6211;241;142;161;land;true;marsh;1
6212;39;226;236;land;true;marsh;1
6213;81;174;251;land;true;marsh;1
6214;247;240;188;land;true;marsh;1
6215;179;152;176;land;true;marsh;1
6216;165;140;222;land;false;desert;1
6217;195;167;226;land;false;desert;1
6218;160;227;147;land;true;jungle;1
6219;171;232;228;land;false;desert;1
6220;246;129;142;land;true;marsh;1
6221;245;109;244;land;false;desert;1
6222;192;175;217;land;true;plains;1
6223;231;211;108;land;false;jungle;1
6224;230;136;177;land;true;mountain;1
6225;252;145;210;land;false;desert;1
6226;135;223;199;land;false;desert;1
6227;150;187;228;land;false;desert;1
6228;232;246;227;land;true;marsh;1
6229;238;218;169;land;true;forest;1
6230;225;79;228;land;false;plains;1
6231;172;153;181;land;true;desert;1
6232;172;115;248;land;true;desert;1
6233;156;144;206;land;true;jungle;1
6234;240;245;190;land;true;mountain;1
6235;254;106;172;land;true;urban;1
6236;212;210;113;land;true;marsh;1
6237;133;210;204;land;false;desert;1
6238;252;245;222;land;false;desert;1
6239;253;104;230;land;true;mountain;1
6240;250;147;252;land;false;marsh;1
6241;136;243;137;land;true;forest;1
6242;202;127;253;land;true;desert;1
6243;224;164;170;land;true;mountain;1
6244;147;164;253;land;false;desert;1
6245;233;226;221;land;true;urban;1
6246;220;242;151;land;false;desert;1
6247;37;249;218;land;false;mountain;1
6248;172;252;150;land;false;desert;1
6249;225;115;187;land;false;desert;1
6250;215;164;224;land;false;desert;1
6251;248;240;24;land;true;marsh;1
6252;171;226;218;land;true;desert;1
6253;183;246;137;land;true;mountain;1
6254;173;120;230;land;true;marsh;1
6255;210;180;244;land;true;jungle;1
6256;248;52;242;land;false;plains;1
6257;212;140;230;land;true;mountain;1
6258;222;118;236;land;true;marsh;1
6259;191;139;208;land;true;urban;1
6260;253;212;121;land;true;desert;1
6261;168;168;241;land;true;marsh;1
6262;163;239;182;land;true;marsh;1
6263;224;246;73;land;false;urban;1
6264;60;220;254;land;true;forest;1
6265;232;93;207;land;false;marsh;1
6266;201;212;159;land;true;desert;1
6267;149;189;191;land;true;marsh;1
6268;202;193;118;land;true;forest;1
6269;191;217;250;land;true;mountain;1
6270;188;169;207;land;true;marsh;1
6271;200;164;143;land;false;desert;1
6272;191;249;213;land;true;marsh;1
6273;191;240;228;land;true;marsh;1
6274;208;253;86;land;false;plains;1
6275;235;198;70;land;true;mountain;1
6276;233;236;149;land;true;plains;1
6277;138;240;149;land;true;forest;1
6278;198;250;132;land;true;plains;1
6279;138;229;217;land;true;urban;1
6280;179;170;241;land;true;marsh;1
6281;81;237;239;land;true;forest;1
6282;123;202;201;land;false;desert;1
6283;244;108;151;land;true;forest;1
6284;209;160;147;land;true;plains;1
6285;157;183;193;land;true;mountain;1
6286;223;97;226;land;true;forest;1
6287;114;159;233;land;true;forest;1
6288;159;248;194;land;true;plains;1
6289;136;158;230;land;true;hills;1
6290;216;148;205;land;false;marsh;1
6291;196;252;201;land;true;mountain;1
6292;235;125;236;land;false;plains;1
6293;237;169;186;land;true;mountain;1
6294;235;218;51;land;true;forest;1
6295;244;238;64;land;false;desert;1
6296;236;211;170;land;false;marsh;1
6297;248;171;203;land;true;jungle;1
6298;183;238;149;land;true;forest;1
6299;228;252;249;land;false;desert;1
6300;210;246;187;land;false;desert;1
6301;168;217;116;land;true;jungle;1
6302;250;91;206;land;true;forest;1
6303;158;172;219;land;true;forest;1
6304;146;215;170;land;false;desert;1
6305;239;104;164;land;true;jungle;1
6306;253;184;83;land;true;forest;1
6307;234;70;227;land;true;forest;1
6308;193;249;202;land;true;mountain;1
6309;94;200;234;land;false;forest;1
6310;237;179;107;land;false;jungle;1
6311;215;225;83;land;true;mountain;1
6312;199;156;249;land;false;desert;1
6313;180;158;254;land;false;desert;1
6314;250;187;170;land;false;desert;1
6315;253;188;145;land;true;desert;1
6316;244;236;180;land;true;desert;1
6317;247;109;223;land;true;mountain;1
6318;238;227;174;land;false;jungle;1
6319;240;205;130;land;true;desert;1
6320;233;158;228;land;false;marsh;1
6321;253;208;183;land;true;marsh;1
6322;225;177;188;land;true;mountain;1
6323;190;215;241;land;true;urban;1
6324;78;236;226;land;false;desert;1
6325;193;196;171;land;true;mountain;1
6326;245;178;193;land;true;mountain;1
6327;239;199;135;land;true;jungle;1
6328;221;152;253;land;true;jungle;1
6329;244;187;196;land;false;desert;1
6330;149;252;117;land;true;forest;1
6331;217;135;245;land;true;desert;1
6332;76;232;209;land;false;desert;1
6333;232;140;187;land;true;marsh;1
6334;250;77;242;land;true;forest;1
6335;196;129;227;land;true;marsh;1
6336;234;234;48;land;true;forest;1
6337;215;219;104;land;false;jungle;1
6338;170;201;192;land;true;plains;1
6339;127;202;199;land;false;jungle;1
6340;113;228;223;land;false;plains;1
6341;246;89;216;land;false;urban;1
6342;235;240;184;land;true;marsh;1
6343;137;210;220;land;true;jungle;1
6344;147;147;249;land;true;desert;1
6345;232;254;134;land;false;marsh;1
6346;244;133;172;land;true;mountain;1
6347;245;21;236;land;true;plains;1
6348;133;243;142;land;false;jungle;1
6349;239;178;103;land;true;marsh;1
6350;135;251;121;land;true;mountain;1
6351;206;143;224;land;true;desert;1
6352;38;245;250;land;false;desert;1
6353;132;251;176;land;true;mountain;1
6354;158;221;179;land;true;marsh;1
6355;155;180;226;land;true;mountain;1
6356;186;195;195;land;true;mountain;1
6357;190;198;141;land;false;jungle;1
6358;200;121;232;land;true;marsh;1
6359;172;242;199;land;false;marsh;1
6360;226;212;76;land;true;mountain;1
6361;103;248;195;land;false;marsh;1
6362;246;218;233;land;true;plains;1
6363;132;233;153;land;true;desert;1
6364;130;164;243;land;true;mountain;1
6365;250;165;112;land;false;marsh;1
6366;185;117;249;land;true;marsh;1
6367;135;251;208;land;true;mountain;1
6368;247;251;10;land;true;jungle;1
6369;171;130;233;land;true;mountain;1
6370;229;220;181;land;false;urban;1
6371;206;165;174;land;false;marsh;1
6372;178;229;103;land;true;jungle;1
6373;249;213;45;land;true;jungle;1
6374;62;229;222;land;false;forest;1
6375;150;232;169;land;true;mountain;1
6376;141;218;150;land;true;mountain;1
6377;175;224;165;land;false;mountain;1
6378;218;210;211;land;true;jungle;1
6379;164;187;167;land;true;forest;1
6380;252;229;131;land;true;marsh;1
6381;228;180;97;land;true;marsh;1
6382;146;239;196;land;true;hills;1
6383;107;224;220;land;true;desert;1
6384;245;229;243;land;true;mountain;1
6385;191;134;201;land;true;marsh;1
6386;254;222;155;land;true;marsh;1
6387;181;212;196;land;true;forest;1
6388;120;211;201;land;true;marsh;1
6389;229;249;197;land;true;marsh;1
6390;226;122;158;land;true;marsh;1
6391;242;180;173;land;true;marsh;1
6392;200;62;247;land;true;marsh;1
6393;115;244;201;land;true;marsh;1
6394;170;187;161;land;true;marsh;1
6395;238;241;202;land;true;forest;1
6396;200;134;201;land;true;forest;1
6397;234;203;138;land;true;marsh;1
6398;232;74;227;land;true;marsh;1
6399;169;173;228;land;true;mountain;1
6400;194;155;208;land;true;marsh;1
6401;141;125;239;land;false;plains;1
6402;161;254;169;land;true;mountain;1
6403;211;206;185;land;true;marsh;1
6404;213;87;251;land;true;marsh;1
6405;177;250;254;land;true;mountain;1
6406;104;191;216;land;true;marsh;1
6407;236;30;244;land;true;mountain;1
6408;122;206;238;land;false;plains;1
6409;165;238;249;land;false;plains;1
6410;179;152;178;land;true;mountain;1
6411;78;188;253;land;true;mountain;1
6412;148;254;141;land;true;marsh;1
6413;240;129;160;land;false;plains;1
6414;200;218;203;land;true;plains;1
6415;176;248;164;land;true;desert;1
6416;175;194;165;land;true;mountain;1
6417;246;228;122;land;true;plains;1
6418;221;216;208;land;true;mountain;1
6419;219;232;156;land;true;plains;1
6420;215;180;210;land;false;mountain;1
6421;133;252;202;land;true;mountain;1
6422;248;144;121;land;false;mountain;1
6423;244;151;201;land;true;mountain;1
6424;212;234;157;land;false;plains;1
6425;184;213;104;land;true;mountain;1
6426;246;128;204;land;true;marsh;1
6427;186;228;148;land;false;mountain;1
6428;139;254;133;land;true;mountain;1
6429;123;151;237;land;true;forest;1
6430;114;204;190;land;true;marsh;1
6431;149;217;152;land;true;mountain;1
6432;208;90;254;land;false;mountain;1
6433;115;205;248;land;true;marsh;1
6434;237;127;206;land;false;forest;1
6435;103;247;183;land;true;desert;1
6436;254;202;175;land;true;mountain;1
6437;204;208;189;land;true;mountain;1
6438;254;227;138;land;true;marsh;1
6439;211;226;155;land;true;marsh;1
6440;74;249;253;land;true;mountain;1
6441;233;233;209;land;true;forest;1
6442;150;125;228;land;true;forest;1
6443;218;175;159;land;true;hills;1
6444;218;138;234;land;true;marsh;1
6445;174;213;164;land;true;forest;1
6446;221;221;85;land;true;marsh;1
6447;148;241;172;land;true;forest;1
6448;212;141;203;land;true;forest;1
6449;222;213;219;land;true;mountain;1
6450;67;250;233;land;false;mountain;1
6451;176;240;203;land;true;marsh;1
6452;201;171;158;land;true;forest;1
6453;242;194;174;land;false;forest;1
6454;240;248;129;land;true;mountain;1
6455;250;231;96;land;false;desert;1
6456;191;195;215;land;true;marsh;1
6457;248;172;92;land;true;hills;1
6458;197;227;122;land;true;forest;1
6459;252;230;194;land;false;marsh;1
6460;176;243;174;land;true;forest;1
6461;192;155;251;land;true;mountain;1
6462;186;87;232;land;true;hills;1
6463;132;210;218;land;true;marsh;1
6464;234;237;253;land;true;mountain;1
6465;51;248;245;land;true;forest;1
6466;178;153;172;land;true;mountain;1
6467;228;214;169;land;true;marsh;1
6468;249;187;128;land;true;mountain;1
6469;230;88;251;land;true;mountain;1
6470;82;234;254;land;true;mountain;1
6471;141;126;248;land;true;forest;1
6472;188;192;183;land;true;forest;1
6473;87;241;213;land;true;mountain;1
6474;203;210;102;land;true;marsh;1
6475;202;165;253;land;true;mountain;1
6476;212;98;239;land;true;plains;1
6477;143;224;137;land;true;forest;1
6478;148;224;214;land;true;jungle;1
6479;156;126;225;land;true;forest;1
6480;50;241;218;land;true;forest;1
6481;178;154;221;land;true;plains;1
6482;149;161;214;land;true;forest;1
6483;239;199;248;land;true;plains;1
6484;163;208;136;land;true;forest;1
6485;233;59;220;land;true;forest;1
6486;171;250;137;land;true;marsh;1
6487;162;237;121;land;true;marsh;1
6488;149;200;198;land;true;forest;1
6489;237;57;238;land;true;forest;1
6490;215;149;155;land;true;forest;1
6491;237;189;154;land;true;plains;1
6492;153;215;242;land;true;plains;1
6493;240;212;210;land;true;marsh;1
6494;155;231;194;land;true;forest;1
6495;214;249;232;land;true;marsh;1
6496;194;242;104;land;true;mountain;1
6497;247;189;128;land;true;marsh;1
6498;240;233;139;land;true;forest;1
6499;188;177;171;land;true;plains;1
6500;200;213;175;land;true;plains;1
6501;191;106;250;land;true;plains;1
6502;46;233;243;land;true;plains;1
6503;57;213;251;land;true;plains;1
6504;206;104;222;land;true;mountain;1
6505;179;234;219;land;true;forest;1
6506;208;67;232;land;true;mountain;1
6507;159;244;203;land;true;mountain;1
6508;89;211;213;land;true;mountain;1
6509;232;240;207;land;true;mountain;1
6510;251;226;92;land;true;mountain;1
6511;232;226;94;land;true;mountain;1
6512;197;182;212;land;true;mountain;1
6513;233;199;154;land;true;mountain;1
6514;212;235;245;land;true;mountain;1
6515;112;252;189;land;true;forest;1
6516;225;239;253;land;true;mountain;1
6517;209;126;180;land;true;mountain;1
6518;214;222;67;land;true;marsh;1
6519;174;193;242;land;true;forest;1
6520;175;234;191;land;true;mountain;1
6521;193;194;189;land;true;mountain;1
6522;245;193;77;land;true;marsh;1
6523;17;6;70;sea;false;ocean;0
6524;3;35;6;sea;false;ocean;0
6525;32;8;53;sea;false;ocean;0
6526;14;16;54;sea;false;ocean;0
6527;39;37;7;sea;false;ocean;0
6528;4;60;3;sea;false;ocean;0
6529;1;40;36;sea;false;ocean;0
6530;51;15;8;sea;false;ocean;0
6531;42;14;34;sea;false;ocean;0
6532;12;56;16;sea;false;ocean;0
6533;21;29;9;sea;false;ocean;0
6534;36;8;44;sea;false;ocean;0
6535;12;24;12;sea;false;ocean;0
6536;49;48;1;sea;false;ocean;0
6537;4;75;3;sea;false;ocean;0
6538;42;27;28;sea;false;ocean;0
6539;1;34;0;sea;false;ocean;0
6540;32;10;16;sea;false;ocean;0
6541;54;26;19;sea;false;ocean;0
6542;16;17;18;sea;false;ocean;0
6543;45;0;6;sea;false;ocean;0
6544;38;20;25;sea;false;ocean;0
6545;22;41;23;sea;false;ocean;0
6546;1;59;2;sea;false;ocean;0
6547;12;59;1;sea;false;ocean;0
6548;8;35;30;sea;false;ocean;0
6549;49;15;27;sea;false;ocean;0
6550;2;66;21;sea;false;ocean;0
6551;12;5;79;sea;false;ocean;0
6552;10;72;0;sea;false;ocean;0
6553;50;14;23;sea;false;ocean;0
6554;7;31;49;sea;false;ocean;0
6555;21;0;49;sea;false;ocean;0
6556;76;12;0;sea;false;ocean;0
6557;39;18;36;sea;true;ocean;0
6558;19;39;19;sea;false;ocean;0
6559;28;27;28;sea;false;ocean;0
6560;28;16;43;sea;false;ocean;0
6561;27;48;19;sea;false;ocean;0
6562;16;9;34;sea;false;ocean;0
6563;33;1;46;sea;false;ocean;0
6564;54;1;32;sea;false;ocean;0
6565;10;29;38;sea;false;ocean;0
6566;6;24;65;sea;false;ocean;0
6567;2;44;22;sea;false;ocean;0
6568;44;25;14;sea;false;ocean;0
6569;10;58;20;sea;false;ocean;0
6570;0;1;75;sea;false;ocean;0
6571;21;17;9;sea;false;ocean;0
6572;3;16;34;sea;false;ocean;0
6573;12;20;23;sea;false;ocean;0
6574;18;7;23;sea;false;ocean;0
6575;71;4;18;sea;false;ocean;0
6576;12;44;40;sea;false;ocean;0
6577;19;39;15;sea;false;ocean;0
6578;9;34;56;sea;false;ocean;0
6579;48;30;11;sea;false;ocean;0
6580;17;61;9;sea;false;ocean;0
6581;20;39;15;sea;false;ocean;0
6582;31;4;59;sea;false;ocean;0
6583;56;29;9;sea;false;ocean;0
6584;24;2;37;sea;false;ocean;0
6585;29;3;19;sea;false;ocean;0
6586;49;18;21;sea;false;ocean;0
6587;7;18;40;sea;true;ocean;0
6588;73;3;22;sea;false;ocean;0
6589;63;32;3;sea;false;ocean;0
6590;2;63;5;sea;false;ocean;0
6591;0;99;0;sea;false;ocean;0
6592;2;78;15;sea;true;ocean;0
6593;42;24;8;sea;false;ocean;0
6594;44;8;29;sea;false;ocean;0
6595;65;4;8;sea;false;ocean;0
6596;3;28;61;sea;true;ocean;0
6597;3;7;4;sea;false;ocean;0
6598;67;1;18;sea;false;ocean;0
6599;30;1;8;sea;false;ocean;0
6600;69;2;27;sea;false;ocean;0
6601;21;73;5;sea;false;ocean;0
6602;23;48;26;sea;false;ocean;0
6603;25;20;40;sea;false;ocean;0
6604;6;40;21;sea;false;ocean;0
6605;40;29;26;sea;false;ocean;0
6606;5;32;52;sea;false;ocean;0
6607;35;18;34;sea;false;ocean;0
6608;23;5;3;sea;false;ocean;0
6609;70;12;16;sea;false;ocean;0
6610;24;46;29;sea;false;ocean;0
6611;41;38;8;sea;false;ocean;0
6612;8;27;20;sea;false;ocean;0
6613;33;9;12;sea;false;ocean;0
6614;51;1;44;sea;false;ocean;0
6615;0;53;11;sea;false;ocean;0
6616;14;3;82;sea;false;ocean;0
6617;25;41;10;sea;false;ocean;0
6618;16;44;36;sea;false;ocean;0
6619;19;47;16;sea;false;ocean;0
6620;8;61;13;sea;false;ocean;0
6621;23;1;53;sea;false;ocean;0
6622;25;6;48;sea;false;ocean;0
6623;8;64;1;sea;false;ocean;0
6624;12;23;23;sea;false;ocean;0
6625;55;26;12;sea;false;ocean;0
6626;12;28;35;sea;false;ocean;0
6627;16;1;75;sea;false;ocean;0
6628;42;12;44;sea;false;ocean;0
6629;13;15;7;sea;false;ocean;0
6630;25;39;26;sea;false;ocean;0
6631;4;35;2;sea;false;ocean;0
6632;64;20;6;sea;false;ocean;0
6633;5;23;30;sea;false;ocean;0
6634;18;9;58;sea;false;ocean;0
6635;1;45;0;sea;false;ocean;0
6636;55;3;17;sea;false;ocean;0
6637;29;25;45;sea;false;ocean;0
6638;39;2;21;sea;false;ocean;0
6639;46;3;7;sea;false;ocean;0
6640;52;1;11;sea;false;ocean;0
6641;43;29;22;sea;false;ocean;0
6642;27;38;6;sea;false;ocean;0
6643;2;65;14;sea;false;ocean;0
6644;5;22;20;sea;false;ocean;0
6645;43;3;16;sea;false;ocean;0
6646;15;38;11;sea;false;ocean;0
6647;76;2;10;sea;false;ocean;0
6648;36;26;21;sea;false;ocean;0
6649;43;17;7;sea;false;ocean;0
6650;16;53;13;sea;false;ocean;0
6651;31;1;24;sea;true;ocean;0
6652;24;1;47;sea;false;ocean;0
6653;30;11;32;sea;false;ocean;0
6654;5;23;62;sea;true;ocean;0
6655;18;5;2;sea;false;ocean;0
6656;10;26;6;sea;false;ocean;0
6657;14;59;17;sea;false;ocean;0
6658;20;21;57;sea;false;ocean;0
6659;6;67;16;sea;true;ocean;0
6660;33;21;0;sea;false;ocean;0
6661;42;3;48;sea;false;ocean;0
6662;38;26;30;sea;false;ocean;0
6663;46;11;21;sea;false;ocean;0
6664;76;2;17;sea;false;ocean;0
6665;0;17;51;sea;false;ocean;0
6666;3;29;44;sea;false;ocean;0
6667;58;36;4;sea;false;ocean;0
6668;24;39;29;sea;false;ocean;0
6669;36;22;20;sea;false;ocean;0
6670;35;4;47;sea;false;ocean;0
6671;15;17;42;sea;false;ocean;0
6672;15;28;2;sea;false;ocean;0
6673;11;2;58;sea;false;ocean;0
6674;28;6;35;sea;false;ocean;0
6675;53;15;17;sea;false;ocean;0
6676;8;35;20;sea;false;ocean;0
6677;35;62;0;sea;false;ocean;0
6678;44;5;33;sea;false;ocean;0
6679;27;11;45;sea;false;ocean;0
6680;65;0;26;sea;false;ocean;0
6681;11;1;78;sea;false;ocean;0
6682;25;30;23;sea;false;ocean;0
6683;42;13;30;sea;false;ocean;0
6684;10;25;17;sea;false;ocean;0
6685;6;1;48;sea;false;ocean;0
6686;1;49;46;sea;false;ocean;0
6687;8;7;19;sea;false;ocean;0
6688;7;27;22;sea;false;ocean;0
6689;5;17;39;sea;false;ocean;0
6690;5;78;12;sea;false;ocean;0
6691;0;21;16;sea;false;ocean;0
6692;22;29;24;sea;false;ocean;0
6693;50;30;17;sea;false;ocean;0
6694;29;35;21;sea;false;ocean;0
6695;55;28;11;sea;false;ocean;0
6696;9;14;61;sea;false;ocean;0
6697;23;30;2;sea;false;ocean;0
6698;5;0;26;sea;false;ocean;0
6699;19;26;25;sea;false;ocean;0
6700;7;19;37;sea;false;ocean;0
6701;9;31;17;sea;false;ocean;0
6702;33;43;22;sea;false;ocean;0
6703;30;19;43;sea;false;ocean;0
6704;38;46;10;sea;false;ocean;0
6705;36;0;59;sea;false;ocean;0
6706;42;38;0;sea;false;ocean;0
6707;22;30;34;sea;false;ocean;0
6708;1;32;62;sea;false;ocean;0
6709;46;11;10;sea;false;ocean;0
6710;3;0;46;sea;false;ocean;0
6711;24;19;55;sea;false;ocean;0
6712;5;61;3;sea;false;ocean;0
6713;45;12;15;sea;false;ocean;0
6714;11;22;36;sea;false;ocean;0
6715;31;13;46;sea;true;ocean;0
6716;31;30;24;sea;false;ocean;0
6717;7;3;20;sea;false;ocean;0
6718;18;28;15;sea;false;ocean;0
6719;22;2;0;sea;false;ocean;0
6720;52;30;10;sea;false;ocean;0
6721;2;48;35;sea;false;ocean;0
6722;76;0;13;sea;false;ocean;0
6723;14;10;13;sea;false;ocean;0
6724;3;28;52;sea;false;ocean;0
6725;13;6;48;sea;false;ocean;0
6726;6;77;13;sea;false;ocean;0
6727;13;1;58;sea;false;ocean;0
6728;34;32;26;sea;false;ocean;0
6729;35;33;30;sea;true;ocean;0
6730;63;26;7;sea;false;ocean;0
6731;25;0;9;sea;false;ocean;0
6732;4;68;19;sea;false;ocean;0
6733;20;46;20;sea;false;ocean;0
6734;51;19;14;sea;false;ocean;0
6735;56;15;0;sea;false;ocean;0
6736;0;76;16;sea;false;ocean;0
6737;18;1;6;sea;false;ocean;0
6738;9;52;1;sea;false;ocean;0
6739;11;29;16;sea;false;ocean;0
6740;18;33;9;sea;false;ocean;0
6741;30;21;36;sea;false;ocean;0
6742;12;32;4;sea;true;ocean;0
6743;54;5;13;sea;false;ocean;0
6744;33;23;14;sea;false;ocean;0
6745;43;3;39;sea;false;ocean;0
6746;26;19;5;sea;false;ocean;0
6747;14;21;0;sea;false;ocean;0
6748;30;32;14;sea;false;ocean;0
6749;4;37;4;sea;false;ocean;0
6750;48;20;16;sea;false;ocean;0
6751;7;22;3;sea;false;ocean;0
6752;80;6;10;sea;false;ocean;0
6753;10;14;41;sea;false;ocean;0
6754;39;8;13;sea;false;ocean;0
6755;65;21;2;sea;false;ocean;0
6756;38;2;55;sea;false;ocean;0
6757;34;17;44;sea;false;ocean;0
6758;34;1;23;sea;false;ocean;0
6759;1;32;57;sea;false;ocean;0
6760;24;24;14;sea;false;ocean;0
6761;3;0;52;sea;false;ocean;0
6762;55;21;16;sea;false;ocean;0
6763;25;37;14;sea;true;ocean;0
6764;6;4;45;sea;false;ocean;0
6765;26;22;48;sea;false;ocean;0
6766;4;27;50;sea;false;ocean;0
6767;46;9;4;sea;false;ocean;0
6768;51;30;17;sea;false;ocean;0
6769;5;33;22;sea;false;ocean;0
6770;40;0;12;sea;false;ocean;0
6771;27;40;18;sea;false;ocean;0
6772;18;6;60;sea;false;ocean;0
6773;47;20;27;sea;false;ocean;0
6774;36;1;57;sea;false;ocean;0
6775;58;4;26;sea;false;ocean;0
6776;35;0;34;sea;true;ocean;0
6777;44;10;41;sea;false;ocean;0
6778;78;3;8;sea;false;ocean;0
6779;81;6;7;sea;false;ocean;0
6780;61;16;15;sea;false;ocean;0
6781;21;44;4;sea;false;ocean;0
6782;10;20;58;sea;false;ocean;0
6783;41;28;21;sea;false;ocean;0
6784;72;6;19;sea;false;ocean;0
6785;13;9;44;sea;false;ocean;0
6786;18;18;0;sea;false;ocean;0
6787;11;5;40;sea;false;ocean;0
6788;69;9;8;sea;true;ocean;0
6789;26;46;21;sea;false;ocean;0
6790;2;48;3;sea;false;ocean;0
6791;19;22;57;sea;false;ocean;0
6792;72;11;16;sea;false;ocean;0
6793;27;0;54;sea;false;ocean;0
6794;0;50;46;sea;false;ocean;0
6795;13;17;6;sea;false;ocean;0
6796;1;38;54;sea;false;ocean;0
6797;13;35;41;sea;false;ocean;0
6798;6;0;50;sea;false;ocean;0
6799;22;0;37;sea;false;ocean;0
6800;26;62;9;sea;false;ocean;0
6801;5;0;82;sea;false;ocean;0
6802;39;47;13;sea;false;ocean;0
6803;56;5;9;sea;false;ocean;0
6804;4;24;33;sea;false;ocean;0
6805;82;9;7;sea;false;ocean;0
6806;20;64;2;sea;false;ocean;0
6807;0;7;37;sea;false;ocean;0
6808;28;12;53;sea;true;ocean;0
6809;49;8;41;sea;false;ocean;0
6810;16;14;13;sea;true;ocean;0
6811;38;2;1;sea;false;ocean;0
6812;15;4;63;sea;false;ocean;0
6813;54;13;18;sea;false;ocean;0
6814;3;7;0;sea;false;ocean;0
6815;7;37;46;sea;true;ocean;0
6816;50;21;18;sea;false;ocean;0
6817;15;21;37;sea;true;ocean;0
6818;1;18;3;sea;true;ocean;0
6819;13;33;39;sea;false;ocean;0
6820;25;63;1;sea;true;ocean;0
6821;81;11;6;sea;false;ocean;0
6822;32;28;39;sea;false;ocean;0
6823;37;20;18;sea;false;ocean;0
6824;9;29;50;sea;false;ocean;0
6825;15;54;11;sea;false;ocean;0
6826;18;11;0;sea;false;ocean;0
6827;13;7;24;sea;false;ocean;0
6828;37;32;4;sea;false;ocean;0
6829;13;2;53;sea;false;ocean;0
6830;13;3;55;sea;false;ocean;0
6831;0;3;80;sea;false;ocean;0
6832;56;2;11;sea;false;ocean;0
6833;18;7;0;sea;false;ocean;0
6834;16;23;23;sea;false;ocean;0
6835;32;12;41;sea;false;ocean;0
6836;61;4;29;sea;false;ocean;0
6837;3;5;61;sea;false;ocean;0
6838;10;85;0;sea;false;ocean;0
6839;0;77;14;sea;false;ocean;0
6840;27;13;44;sea;false;ocean;0
6841;42;26;28;sea;false;ocean;0
6842;47;18;20;sea;false;ocean;0
6843;2;9;53;sea;false;ocean;0
6844;43;20;36;sea;false;ocean;0
6845;31;28;40;sea;false;ocean;0
6846;32;50;1;sea;false;ocean;0
6847;30;47;18;sea;false;ocean;0
6848;10;53;23;sea;false;ocean;0
6849;26;11;8;sea;false;ocean;0
6850;7;6;68;sea;false;ocean;0
6851;61;11;7;sea;false;ocean;0
6852;1;55;35;sea;false;ocean;0
6853;13;29;50;sea;false;ocean;0
6854;16;18;39;sea;false;ocean;0
6855;14;12;52;sea;false;ocean;0
6856;22;28;43;sea;false;ocean;0
6857;0;1;64;sea;true;ocean;0
6858;25;30;28;sea;true;ocean;0
6859;30;8;29;sea;false;ocean;0
6860;2;63;3;sea;true;ocean;0
6861;29;34;28;sea;false;ocean;0
6862;0;3;43;sea;false;ocean;0
6863;51;1;12;sea;false;ocean;0
6864;6;14;3;sea;false;ocean;0
6865;12;6;31;sea;false;ocean;0
6866;53;24;1;sea;false;ocean;0
6867;23;7;9;sea;true;ocean;0
6868;15;0;27;sea;false;ocean;0
6869;49;17;0;sea;false;ocean;0
6870;41;18;39;sea;false;ocean;0
6871;39;58;2;sea;false;ocean;0
6872;10;2;5;sea;false;ocean;0
6873;12;9;22;sea;true;ocean;0
6874;18;18;41;sea;false;ocean;0
6875;4;7;22;sea;false;ocean;0
6876;27;4;39;sea;false;ocean;0
6877;16;20;59;sea;false;ocean;0
6878;16;17;54;sea;true;ocean;0
6879;1;75;18;sea;false;ocean;0
6880;1;9;8;sea;false;ocean;0
6881;7;5;44;sea;false;ocean;0
6882;9;18;67;sea;true;ocean;0
6883;20;43;24;sea;false;ocean;0
6884;16;3;5;sea;false;ocean;0
6885;45;10;36;sea;false;ocean;0
6886;40;18;4;sea;false;ocean;0
6887;3;34;47;sea;false;ocean;0
6888;39;39;16;sea;false;ocean;0
6889;41;7;15;sea;false;ocean;0
6890;0;0;76;sea;false;ocean;0
6891;6;0;25;sea;false;ocean;0
6892;21;20;26;sea;false;ocean;0
6893;0;58;7;sea;false;ocean;0
6894;85;5;8;sea;false;ocean;0
6895;62;27;7;sea;false;ocean;0
6896;56;2;3;sea;false;ocean;0
6897;52;8;17;sea;false;ocean;0
6898;12;19;1;sea;false;ocean;0
6899;5;36;48;sea;false;ocean;0
6900;31;24;16;sea;true;ocean;0
6901;28;21;0;sea;true;ocean;0
6902;4;47;34;sea;false;ocean;0
6903;10;8;41;sea;false;ocean;0
6904;14;39;28;sea;false;ocean;0
6905;31;49;15;sea;false;ocean;0
6906;28;8;37;sea;false;ocean;0
6907;17;35;33;sea;false;ocean;0
6908;11;41;7;sea;false;ocean;0
6909;2;15;57;sea;false;ocean;0
6910;8;48;34;sea;false;ocean;0
6911;11;12;49;sea;false;ocean;0
6912;24;35;8;sea;false;ocean;0
6913;34;10;8;sea;false;ocean;0
6914;9;39;47;sea;false;ocean;0
6915;20;26;25;sea;false;ocean;0
6916;4;36;42;sea;false;ocean;0
6917;14;6;28;sea;false;ocean;0
6918;11;7;14;sea;true;ocean;0
6919;73;2;5;sea;false;ocean;0
6920;43;47;8;sea;false;ocean;0
6921;48;1;47;sea;false;ocean;0
6922;1;4;18;sea;false;ocean;0
6923;18;12;68;sea;false;ocean;0
6924;6;18;43;sea;false;ocean;0
6925;25;21;41;sea;false;ocean;0
6926;5;2;14;sea;false;ocean;0
6927;10;37;4;sea;false;ocean;0
6928;18;19;27;sea;false;ocean;0
6929;0;30;52;sea;false;ocean;0
6930;53;45;0;sea;false;ocean;0
6931;55;3;35;sea;false;ocean;0
6932;14;2;12;sea;false;ocean;0
6933;66;16;17;sea;false;ocean;0
6934;29;27;21;sea;false;ocean;0
6935;1;28;46;sea;false;ocean;0
6936;29;2;54;sea;false;ocean;0
6937;41;35;11;sea;true;ocean;0
6938;63;16;9;sea;true;ocean;0
6939;67;2;24;sea;false;ocean;0
6940;18;11;10;sea;false;ocean;0
6941;61;4;18;sea;false;ocean;0
6942;23;74;0;sea;false;ocean;0
6943;22;0;56;sea;false;ocean;0
6944;78;1;9;sea;true;ocean;0
6945;17;30;1;sea;false;ocean;0
6946;30;40;22;sea;true;ocean;0
6947;40;21;30;sea;false;ocean;0
6948;57;17;24;sea;true;ocean;0
6949;0;28;57;sea;false;ocean;0
6950;43;6;8;sea;false;ocean;0
6951;44;28;22;sea;true;ocean;0
6952;11;4;27;sea;false;ocean;0
6953;22;12;17;sea;false;ocean;0
6954;19;0;42;sea;false;ocean;0
6955;59;10;29;sea;false;ocean;0
6956;1;59;13;sea;false;ocean;0
6957;53;6;4;sea;false;ocean;0
6958;0;50;41;sea;false;ocean;0
6959;6;55;5;sea;false;ocean;0
6960;28;48;19;sea;true;ocean;0
6961;51;7;18;sea;false;ocean;0
6962;16;46;31;sea;false;ocean;0
6963;0;28;58;sea;false;ocean;0
6964;4;70;25;sea;false;ocean;0
6965;20;31;22;sea;false;ocean;0
6966;11;20;1;sea;false;ocean;0
6967;22;10;9;sea;false;ocean;0
6968;43;33;11;sea;false;ocean;0
6969;46;34;0;sea;false;ocean;0
6970;35;4;3;sea;false;ocean;0
6971;20;2;43;sea;true;ocean;0
6972;16;21;17;sea;false;ocean;0
6973;1;14;61;sea;false;ocean;0
6974;42;27;9;sea;false;ocean;0
6975;8;47;19;sea;false;ocean;0
6976;26;13;14;sea;false;ocean;0
6977;38;24;1;sea;true;ocean;0
6978;39;47;7;sea;true;ocean;0
6979;15;9;31;sea;false;ocean;0
6980;15;16;13;sea;false;ocean;0
6981;9;18;26;sea;true;ocean;0
6982;5;38;37;sea;false;ocean;0
6983;7;21;49;sea;true;ocean;0
6984;6;9;56;sea;false;ocean;0
6985;10;38;27;sea;false;ocean;0
6986;28;47;9;sea;false;ocean;0
6987;13;26;54;sea;true;ocean;0
6988;9;33;28;sea;false;ocean;0
6989;11;33;23;sea;false;ocean;0
6990;38;16;35;sea;false;ocean;0
6991;27;6;42;sea;false;ocean;0
6992;4;18;28;sea;false;ocean;0
6993;29;19;4;sea;false;ocean;0
6994;86;3;5;sea;false;ocean;0
6995;50;5;7;sea;false;ocean;0
6996;29;40;6;sea;false;ocean;0
6997;15;46;19;sea;false;ocean;0
6998;6;48;42;sea;false;ocean;0
6999;4;50;14;sea;false;ocean;0
7000;2;50;0;sea;false;ocean;0
7001;43;42;4;sea;true;ocean;0
7002;6;43;29;sea;false;ocean;0
7003;8;15;7;sea;false;ocean;0
7004;52;17;5;sea;true;ocean;0
7005;5;14;80;sea;false;ocean;0
7006;24;15;16;sea;false;ocean;0
7007;51;11;22;sea;false;ocean;0
7008;4;22;27;sea;true;ocean;0
7009;50;7;19;sea;false;ocean;0
7010;7;7;63;sea;true;ocean;0
7011;20;6;60;sea;false;ocean;0
7012;12;17;3;sea;false;ocean;0
7013;29;39;26;sea;false;ocean;0
7014;8;57;34;sea;false;ocean;0
7015;71;8;10;sea;false;ocean;0
7016;6;26;44;sea;false;ocean;0
7017;8;25;25;sea;false;ocean;0
7018;10;62;4;sea;false;ocean;0
7019;6;73;18;sea;true;ocean;0
7020;15;50;7;sea;false;ocean;0
7021;28;17;30;sea;false;ocean;0
7022;22;37;26;sea;false;ocean;0
7023;40;24;20;sea;false;ocean;0
7024;2;31;21;sea;false;ocean;0
7025;22;66;5;sea;false;ocean;0
7026;3;64;31;sea;true;ocean;0
7027;4;38;10;sea;false;ocean;0
7028;20;28;13;sea;false;ocean;0
7029;4;28;7;sea;false;ocean;0
7030;15;0;62;sea;false;ocean;0
7031;11;2;42;sea;false;ocean;0
7032;9;14;76;sea;false;ocean;0
7033;35;39;5;sea;false;ocean;0
7034;24;41;6;sea;false;ocean;0
7035;67;8;17;sea;false;ocean;0
7036;18;12;19;sea;false;ocean;0
7037;19;14;50;sea;false;ocean;0
7038;65;8;18;sea;false;ocean;0
7039;51;10;16;sea;false;ocean;0
7040;9;11;58;sea;true;ocean;0
7041;10;15;63;sea;false;ocean;0
7042;27;25;28;sea;false;ocean;0
7043;6;61;19;sea;false;ocean;0
7044;3;18;67;sea;false;ocean;0
7045;36;9;20;sea;false;ocean;0
7046;30;20;37;sea;false;ocean;0
7047;7;7;28;sea;false;ocean;0
7048;34;48;7;sea;false;ocean;0
7049;25;18;49;sea;false;ocean;0
7050;22;6;43;sea;false;ocean;0
7051;29;24;39;sea;false;ocean;0
7052;25;17;19;sea;false;ocean;0
7053;1;16;16;sea;false;ocean;0
7054;25;13;18;sea;false;ocean;0
7055;8;4;75;sea;false;ocean;0
7056;51;19;3;sea;false;ocean;0
7057;47;3;37;sea;false;ocean;0
7058;73;13;7;sea;false;ocean;0
7059;23;44;12;sea;false;ocean;0
7060;2;37;10;sea;false;ocean;0
7061;7;66;18;sea;true;ocean;0
7062;5;10;54;sea;true;ocean;0
7063;22;5;35;sea;false;ocean;0
7064;17;22;40;sea;false;ocean;0
7065;1;29;37;sea;false;ocean;0
7066;5;29;45;sea;false;ocean;0
7067;78;2;16;sea;false;ocean;0
7068;7;7;39;sea;false;ocean;0
7069;11;0;87;sea;false;ocean;0
7070;75;4;18;sea;false;ocean;0
7071;28;48;8;sea;false;ocean;0
7072;9;33;6;sea;true;ocean;0
7073;5;13;6;sea;false;ocean;0
7074;15;23;58;sea;false;ocean;0
7075;22;10;24;sea;false;ocean;0
7076;14;60;19;sea;false;ocean;0
7077;8;17;53;sea;false;ocean;0
7078;14;54;21;sea;false;ocean;0
7079;22;49;8;sea;false;ocean;0
7080;44;14;8;sea;true;ocean;0
7081;6;42;22;sea;false;ocean;0
7082;0;29;55;sea;true;ocean;0
7083;2;14;60;sea;false;ocean;0
7084;46;3;29;sea;false;ocean;0
7085;58;14;18;sea;false;ocean;0
7086;1;30;18;sea;false;ocean;0
7087;14;72;11;sea;false;ocean;0
7088;5;15;72;sea;false;ocean;0
7089;17;21;60;sea;false;ocean;0
7090;64;7;3;sea;true;ocean;0
7091;14;27;56;sea;false;ocean;0
7092;68;23;0;sea;false;ocean;0
7093;14;2;37;sea;false;ocean;0
7094;3;42;4;sea;false;ocean;0
7095;44;8;32;sea;false;ocean;0
7096;61;3;0;sea;true;ocean;0
7097;0;2;6;sea;false;ocean;0
7098;46;7;8;sea;false;ocean;0
7099;37;26;23;sea;true;ocean;0
7100;24;48;22;sea;false;ocean;0
7101;6;16;8;sea;false;ocean;0
7102;1;54;4;sea;false;ocean;0
7103;46;4;16;sea;true;ocean;0
7104;42;23;3;sea;false;ocean;0
7105;41;22;0;sea;false;ocean;0
7106;47;15;12;sea;false;ocean;0
7107;5;37;32;sea;false;ocean;0
7108;17;69;1;sea;false;ocean;0
7109;35;28;11;sea;false;ocean;0
7110;0;48;0;sea;false;ocean;0
7111;11;55;9;sea;false;ocean;0
7112;19;1;23;sea;false;ocean;0
7113;75;5;10;sea;false;ocean;0
7114;19;3;37;sea;false;ocean;0
7115;8;28;48;sea;false;ocean;0
7116;41;3;15;sea;false;ocean;0
7117;54;15;6;sea;true;ocean;0
7118;32;2;45;sea;false;ocean;0
7119;68;16;9;sea;false;ocean;0
7120;35;40;7;sea;false;ocean;0
7121;4;19;75;sea;false;ocean;0
7122;41;18;10;sea;false;ocean;0
7123;4;3;37;sea;false;ocean;0
7124;54;8;2;sea;true;ocean;0
7125;15;7;75;sea;false;ocean;0
7126;47;39;5;sea;false;ocean;0
7127;32;23;6;sea;false;ocean;0
7128;41;4;24;sea;false;ocean;0
7129;6;78;8;sea;false;ocean;0
7130;11;31;44;sea;false;ocean;0
7131;16;15;53;sea;false;ocean;0
7132;53;1;12;sea;false;ocean;0
7133;11;43;32;sea;false;ocean;0
7134;27;49;18;sea;false;ocean;0
7135;10;73;10;sea;false;ocean;0
7136;7;42;1;sea;false;ocean;0
7137;13;7;8;sea;true;ocean;0
7138;30;50;19;sea;false;ocean;0
7139;5;41;43;sea;false;ocean;0
7140;2;6;21;sea;false;ocean;0
7141;7;52;14;sea;false;ocean;0
7142;5;77;8;sea;false;ocean;0
7143;51;1;47;sea;true;ocean;0
7144;46;8;28;sea;false;ocean;0
7145;28;27;8;sea;false;ocean;0
7146;3;38;8;sea;true;ocean;0
7147;17;10;15;sea;false;ocean;0
7148;51;7;1;sea;false;ocean;0
7149;21;54;8;sea;false;ocean;0
7150;35;38;12;sea;true;ocean;0
7151;22;59;12;sea;false;ocean;0
7152;3;46;9;sea;false;ocean;0
7153;19;57;2;sea;false;ocean;0
7154;8;33;25;sea;true;ocean;0
7155;14;16;32;sea;false;ocean;0
7156;17;5;44;sea;true;ocean;0
7157;5;0;35;sea;false;ocean;0
7158;26;16;40;sea;false;ocean;0
7159;51;24;9;sea;false;ocean;0
7160;55;17;12;sea;false;ocean;0
7161;21;4;43;sea;false;ocean;0
7162;28;46;13;sea;false;ocean;0
7163;18;6;58;sea;false;ocean;0
7164;25;48;7;sea;false;ocean;0
7165;35;3;35;sea;false;ocean;0
7166;26;6;58;sea;true;ocean;0
7167;25;13;27;sea;false;ocean;0
7168;23;20;39;sea;false;ocean;0
7169;39;12;6;sea;false;ocean;0
7170;41;1;9;sea;false;ocean;0
7171;12;20;11;sea;false;ocean;0
7172;14;4;35;sea;false;ocean;0
7173;21;34;26;sea;false;ocean;0
7174;5;9;35;sea;true;ocean;0
7175;35;14;43;sea;false;ocean;0
7176;70;10;0;sea;false;ocean;0
7177;14;29;33;sea;false;ocean;0
7178;34;10;51;sea;false;ocean;0
7179;6;17;32;sea;false;ocean;0
7180;3;68;19;sea;false;ocean;0
7181;21;48;7;sea;false;ocean;0
7182;22;18;6;sea;false;ocean;0
7183;13;16;40;sea;false;ocean;0
7184;34;17;34;sea;false;ocean;0
7185;9;14;34;sea;true;ocean;0
7186;28;2;19;sea;false;ocean;0
7187;14;57;11;sea;false;ocean;0
7188;26;24;20;sea;true;ocean;0
7189;28;35;4;sea;true;ocean;0
7190;21;32;40;sea;false;ocean;0
7191;27;48;10;sea;false;ocean;0
7192;7;52;26;sea;false;ocean;0
7193;49;17;22;sea;false;ocean;0
7194;17;46;24;sea;false;ocean;0
7195;4;19;28;sea;false;ocean;0
7196;5;39;31;sea;false;ocean;0
7197;17;11;43;sea;true;ocean;0
7198;55;21;2;sea;true;ocean;0
7199;80;4;5;sea;false;ocean;0
7200;67;26;3;sea;false;ocean;0
7201;35;23;1;sea;true;ocean;0
7202;0;6;79;sea;false;ocean;0
7203;58;9;6;sea;false;ocean;0
7204;59;20;8;sea;true;ocean;0
7205;1;12;52;sea;false;ocean;0
7206;6;27;62;sea;false;ocean;0
7207;46;9;38;sea;true;ocean;0
7208;25;6;29;sea;false;ocean;0
7209;2;7;38;sea;false;ocean;0
7210;1;26;36;sea;false;ocean;0
7211;46;9;17;sea;false;ocean;0
7212;8;69;11;sea;false;ocean;0
7213;17;25;36;sea;false;ocean;0
7214;5;22;43;sea;false;ocean;0
7215;14;8;40;sea;false;ocean;0
7216;66;8;9;sea;false;ocean;0
7217;30;54;10;sea;false;ocean;0
7218;51;18;28;sea;false;ocean;0
7219;14;0;13;sea;true;ocean;0
7220;18;4;75;sea;false;ocean;0
7221;29;15;45;sea;true;ocean;0
7222;8;34;43;sea;false;ocean;0
7223;12;2;84;sea;true;ocean;0
7224;5;9;53;sea;true;ocean;0
7225;17;42;28;sea;false;ocean;0
7226;33;13;33;sea;true;ocean;0
7227;14;54;19;sea;false;ocean;0
7228;5;58;34;sea;false;ocean;0
7229;43;13;41;sea;false;ocean;0
7230;0;67;11;sea;false;ocean;0
7231;11;50;38;sea;false;ocean;0
7232;15;21;41;sea;false;ocean;0
7233;1;16;37;sea;false;ocean;0
7234;9;14;59;sea;false;ocean;0
7235;33;25;35;sea;true;ocean;0
7236;24;36;28;sea;false;ocean;0
7237;8;55;17;sea;false;ocean;0
7238;47;23;9;sea;true;ocean;0
7239;18;51;28;sea;false;ocean;0
7240;4;70;9;sea;false;ocean;0
7241;25;5;6;sea;true;ocean;0
7242;1;77;4;sea;false;ocean;0
7243;17;35;13;sea;false;ocean;0
7244;27;30;14;sea;false;ocean;0
7245;2;55;34;sea;false;ocean;0
7246;10;5;17;sea;true;ocean;0
7247;2;32;20;sea;true;ocean;0
7248;4;39;37;sea;false;ocean;0
7249;13;22;24;sea;false;ocean;0
7250;6;65;1;sea;true;ocean;0
7251;56;6;32;sea;false;ocean;0
7252;8;46;25;sea;false;ocean;0
7253;34;41;14;sea;false;ocean;0
7254;7;15;38;sea;false;ocean;0
7255;9;21;49;sea;false;ocean;0
7256;28;9;52;sea;false;ocean;0
7257;7;75;16;sea;true;ocean;0
7258;40;16;34;sea;false;ocean;0
7259;42;22;9;sea;true;ocean;0
7260;3;20;14;sea;false;ocean;0
7261;20;39;18;sea;false;ocean;0
7262;31;33;28;sea;false;ocean;0
7263;9;28;35;sea;false;ocean;0
7264;9;4;7;sea;false;ocean;0
7265;14;13;64;sea;true;ocean;0
7266;43;30;14;sea;false;ocean;0
7267;45;15;28;sea;false;ocean;0
7268;0;58;4;sea;false;ocean;0
7269;9;21;25;sea;false;ocean;0
7270;2;2;31;sea;false;ocean;0
7271;10;3;78;sea;false;ocean;0
7272;47;8;35;sea;true;ocean;0
7273;17;19;24;sea;false;ocean;0
7274;45;17;29;sea;false;ocean;0
7275;66;4;27;sea;false;ocean;0
7276;32;27;33;sea;false;ocean;0
7277;12;31;21;sea;false;ocean;0
7278;68;9;8;sea;false;ocean;0
7279;46;6;1;sea;false;ocean;0
7280;37;18;0;sea;false;ocean;0
7281;40;21;12;sea;false;ocean;0
7282;27;34;19;sea;true;ocean;0
7283;52;36;6;sea;false;ocean;0
7284;23;27;32;sea;false;ocean;0
7285;31;37;21;sea;false;ocean;0
7286;4;40;19;sea;false;ocean;0
7287;22;71;1;sea;false;ocean;0
7288;37;32;16;sea;false;ocean;0
7289;38;20;11;sea;false;ocean;0
7290;3;14;74;sea;false;ocean;0
7291;47;4;46;sea;false;ocean;0
7292;19;28;22;sea;true;ocean;0
7293;4;53;34;sea;false;ocean;0
7294;30;5;16;sea;false;ocean;0
7295;18;26;14;sea;false;ocean;0
7296;1;10;57;sea;false;ocean;0
7297;35;11;22;sea;false;ocean;0
7298;16;12;20;sea;false;ocean;0
7299;19;14;20;sea;false;ocean;0
7300;22;19;18;sea;false;ocean;0
7301;11;3;58;sea;false;ocean;0
7302;3;23;11;sea;false;ocean;0
7303;48;1;9;sea;false;ocean;0
7304;48;6;23;sea;false;ocean;0
7305;49;40;2;sea;false;ocean;0
7306;8;34;57;sea;false;ocean;0
7307;13;22;57;sea;false;ocean;0
7308;25;6;14;sea;true;ocean;0
7309;9;14;44;sea;false;ocean;0
7310;36;34;13;sea;false;ocean;0
7311;18;5;51;sea;false;ocean;0
7312;4;13;16;sea;false;ocean;0
7313;30;46;4;sea;true;ocean;0
7314;23;51;3;sea;false;ocean;0
7315;33;26;29;sea;false;ocean;0
7316;35;44;1;sea;true;ocean;0
7317;1;15;69;sea;false;ocean;0
7318;46;33;3;sea;false;ocean;0
7319;48;19;4;sea;false;ocean;0
7320;12;26;18;sea;false;ocean;0
7321;27;10;32;sea;true;ocean;0
7322;12;3;20;sea;false;ocean;0
7323;22;25;10;sea;false;ocean;0
7324;54;27;9;sea;false;ocean;0
7325;2;50;6;sea;false;ocean;0
7326;16;5;4;sea;false;ocean;0
7327;0;34;33;sea;false;ocean;0
7328;90;2;5;sea;false;ocean;0
7329;49;20;27;sea;false;ocean;0
7330;11;30;1;sea;false;ocean;0
7331;60;15;6;sea;false;ocean;0
7332;12;62;0;sea;false;ocean;0
7333;9;12;74;sea;false;ocean;0
7334;48;23;6;sea;false;ocean;0
7335;50;0;19;sea;false;ocean;0
7336;23;57;16;sea;false;ocean;0
7337;7;29;19;sea;false;ocean;0
7338;49;0;38;sea;true;ocean;0
7339;58;23;14;sea;false;ocean;0
7340;20;16;15;sea;false;ocean;0
7341;45;32;14;sea;false;ocean;0
7342;19;21;43;sea;false;ocean;0
7343;25;45;29;sea;false;ocean;0
7344;12;66;0;sea;false;ocean;0
7345;59;12;20;sea;false;ocean;0
7346;40;22;9;sea;false;ocean;0
7347;15;8;30;sea;false;ocean;0
7348;22;21;11;sea;false;ocean;0
7349;47;23;19;sea;false;ocean;0
7350;5;52;32;sea;true;ocean;0
7351;13;38;42;sea;false;ocean;0
7352;14;16;53;sea;false;ocean;0
7353;16;20;12;sea;false;ocean;0
7354;43;6;39;sea;false;ocean;0
7355;6;4;37;sea;false;ocean;0
7356;47;11;34;sea;false;ocean;0
7357;15;55;2;sea;false;ocean;0
7358;33;54;1;sea;false;ocean;0
7359;21;7;25;sea;false;ocean;0
7360;3;48;25;sea;false;ocean;0
7361;18;0;27;sea;false;ocean;0
7362;8;73;10;sea;false;ocean;0
7363;55;16;28;sea;true;ocean;0
7364;27;33;37;sea;true;ocean;0
7365;19;32;8;sea;false;ocean;0
7366;6;65;23;sea;false;ocean;0
7367;22;4;21;sea;false;ocean;0
7368;57;34;1;sea;false;ocean;0
7369;20;57;1;sea;false;ocean;0
7370;15;69;12;sea;false;ocean;0
7371;29;12;29;sea;false;ocean;0
7372;52;27;14;sea;false;ocean;0
7373;17;24;35;sea;false;ocean;0
7374;0;59;31;sea;false;ocean;0
7375;31;10;5;sea;false;ocean;0
7376;16;38;20;sea;true;ocean;0
7377;32;36;0;sea;true;ocean;0
7378;45;43;0;sea;false;ocean;0
7379;21;15;40;sea;true;ocean;0
7380;17;9;5;sea;false;ocean;0
7381;12;47;3;sea;false;ocean;0
7382;8;12;0;sea;false;ocean;0
7383;21;12;43;sea;true;ocean;0
7384;5;16;36;sea;true;ocean;0
7385;5;18;48;sea;false;ocean;0
7386;24;43;6;sea;false;ocean;0
7387;23;3;68;sea;false;ocean;0
7388;18;36;36;sea;false;ocean;0
7389;41;21;21;sea;false;ocean;0
7390;25;4;38;sea;false;ocean;0
7391;13;18;34;sea;false;ocean;0
7392;17;0;3;sea;true;ocean;0
7393;9;73;12;sea;false;ocean;0
7394;5;72;20;sea;false;ocean;0
7395;11;31;43;sea;false;ocean;0
7396;6;11;2;sea;false;ocean;0
7397;9;0;69;sea;false;ocean;0
7398;37;13;43;sea;false;ocean;0
7399;0;37;44;sea;true;ocean;0
7400;8;2;86;sea;false;ocean;0
7401;22;22;28;sea;false;ocean;0
7402;13;2;77;sea;false;ocean;0
7403;31;22;25;sea;false;ocean;0
7404;18;10;57;sea;false;ocean;0
7405;21;19;0;sea;true;ocean;0
7406;15;2;43;sea;true;ocean;0
7407;38;21;23;sea;true;ocean;0
7408;33;28;36;sea;true;ocean;0
7409;5;12;81;sea;false;ocean;0
7410;15;66;13;sea;false;ocean;0
7411;31;47;4;sea;false;ocean;0
7412;3;28;33;sea;false;ocean;0
7413;8;48;32;sea;false;ocean;0
7414;24;9;27;sea;false;ocean;0
7415;41;33;14;sea;false;ocean;0
7416;43;11;25;sea;false;ocean;0
7417;26;14;13;sea;false;ocean;0
7418;2;35;2;sea;false;ocean;0
7419;18;44;13;sea;false;ocean;0
7420;4;41;50;sea;false;ocean;0
7421;1;37;61;sea;false;ocean;0
7422;19;44;30;sea;false;ocean;0
7423;3;6;43;sea;false;ocean;0
7424;67;11;2;sea;true;ocean;0
7425;26;27;30;sea;false;ocean;0
7426;29;8;24;sea;false;ocean;0
7427;0;0;99;sea;false;ocean;0
7428;1;19;63;sea;true;ocean;0
7429;68;17;8;sea;false;ocean;0
7430;0;29;22;sea;true;ocean;0
7431;57;19;15;sea;false;ocean;0
7432;36;20;35;sea;true;ocean;0
7433;77;2;12;sea;true;ocean;0
7434;27;14;1;sea;false;ocean;0
7435;57;8;31;sea;false;ocean;0
7436;17;38;14;sea;false;ocean;0
7437;6;17;11;sea;true;ocean;0
7438;14;47;25;sea;false;ocean;0
7439;66;0;14;sea;false;ocean;0
7440;2;21;24;sea;false;ocean;0
7441;5;36;43;sea;false;ocean;0
7442;8;6;7;sea;true;ocean;0
7443;5;9;67;sea;true;ocean;0
7444;62;1;20;sea;true;ocean;0
7445;25;11;19;sea;false;ocean;0
7446;7;14;26;sea;false;ocean;0
7447;7;56;25;sea;false;ocean;0
7448;24;14;11;sea;false;ocean;0
7449;34;30;9;sea;false;ocean;0
7450;3;4;70;sea;true;ocean;0
7451;9;19;37;sea;false;ocean;0
7452;15;24;53;sea;false;ocean;0
7453;69;9;15;sea;false;ocean;0
7454;3;3;75;sea;false;ocean;0
7455;53;28;10;sea;false;ocean;0
7456;2;45;23;sea;true;ocean;0
7457;30;0;20;sea;false;ocean;0
7458;7;48;31;sea;false;ocean;0
7459;15;0;56;sea;false;ocean;0
7460;9;43;33;sea;false;ocean;0
7461;27;7;44;sea;false;ocean;0
7462;20;0;26;sea;true;ocean;0
7463;3;85;11;sea;false;ocean;0
7464;54;2;28;sea;false;ocean;0
7465;19;2;40;sea;true;ocean;0
7466;15;2;46;sea;false;ocean;0
7467;17;3;78;sea;true;ocean;0
7468;24;1;44;sea;true;ocean;0
7469;37;12;34;sea;true;ocean;0
7470;15;23;39;sea;false;ocean;0
7471;53;13;29;sea;false;ocean;0
7472;2;5;7;sea;false;ocean;0
7473;20;29;26;sea;false;ocean;0
7474;23;20;18;sea;true;ocean;0
7475;2;64;14;sea;false;ocean;0
7476;55;32;0;sea;false;ocean;0
7477;18;75;1;sea;false;ocean;0
7478;9;42;28;sea;false;ocean;0
7479;21;7;8;sea;false;ocean;0
7480;58;4;35;sea;false;ocean;0
7481;83;1;6;sea;false;ocean;0
7482;70;19;10;sea;false;ocean;0
7483;25;36;21;sea;true;ocean;0
7484;19;22;49;sea;false;ocean;0
7485;16;17;49;sea;true;ocean;0
7486;5;80;7;sea;false;ocean;0
7487;0;25;70;sea;true;ocean;0
7488;16;27;31;sea;false;ocean;0
7489;15;13;13;sea;false;ocean;0
7490;1;34;63;sea;false;ocean;0
7491;18;57;12;sea;false;ocean;0
7492;49;14;36;sea;false;ocean;0
7493;25;10;54;sea;false;ocean;0
7494;54;35;2;sea;false;ocean;0
7495;1;4;9;sea;false;ocean;0
7496;47;11;1;sea;false;ocean;0
7497;29;26;1;sea;false;ocean;0
7498;1;9;31;sea;true;ocean;0
7499;3;25;30;sea;false;ocean;0
7500;23;19;13;sea;false;ocean;0
7501;5;26;6;sea;true;ocean;0
7502;3;39;55;sea;false;ocean;0
7503;10;44;10;sea;true;ocean;0
7504;64;18;12;sea;false;ocean;0
7505;5;32;16;sea;true;ocean;0
7506;34;15;25;sea;true;ocean;0
7507;51;5;43;sea;true;ocean;0
7508;26;27;15;sea;true;ocean;0
7509;32;44;21;sea;true;ocean;0
7510;16;58;9;sea;false;ocean;0
7511;20;13;14;sea;false;ocean;0
7512;22;18;10;sea;true;ocean;0
7513;1;41;0;sea;false;ocean;0
7514;27;0;23;sea;false;ocean;0
7515;19;42;19;sea;false;ocean;0
7516;21;5;3;sea;false;ocean;0
7517;17;72;7;sea;false;ocean;0
7518;10;77;7;sea;false;ocean;0
7519;10;58;10;sea;false;ocean;0
7520;3;7;85;sea;false;ocean;0
7521;18;19;21;sea;true;ocean;0
7522;16;49;12;sea;false;ocean;0
7523;69;16;4;sea;false;ocean;0
7524;35;21;33;sea;true;ocean;0
7525;39;35;2;sea;false;ocean;0
7526;33;22;2;sea;false;ocean;0
7527;36;3;48;sea;false;ocean;0
7528;43;15;37;sea;true;ocean;0
7529;47;23;26;sea;true;ocean;0
7530;37;49;3;sea;false;ocean;0
7531;6;2;12;sea;false;ocean;0
7532;22;50;11;sea;false;ocean;0
7533;11;9;61;sea;true;ocean;0
7534;17;41;41;sea;true;ocean;0
7535;11;16;69;sea;false;ocean;0
7536;27;37;7;sea;false;ocean;0
7537;18;31;13;sea;false;ocean;0
7538;4;27;67;sea;false;ocean;0
7539;3;0;4;sea;true;ocean;0
7540;33;42;16;sea;false;ocean;0
7541;8;39;7;sea;true;ocean;0
7542;2;23;43;sea;false;ocean;0
7543;47;8;40;sea;false;ocean;0
7544;8;33;7;sea;false;ocean;0
7545;40;0;53;sea;false;ocean;0
7546;47;11;8;sea;true;ocean;0
7547;42;13;1;sea;false;ocean;0
7548;46;26;4;sea;false;ocean;0
7549;19;53;3;sea;true;ocean;0
7550;53;5;24;sea;true;ocean;0
7551;8;44;30;sea;false;ocean;0
7552;12;41;37;sea;false;ocean;0
7553;11;18;11;sea;true;ocean;0
7554;15;12;26;sea;true;ocean;0
7555;0;0;35;sea;false;ocean;0
7556;15;33;34;sea;false;ocean;0
7557;10;15;24;sea;false;ocean;0
7558;6;5;48;sea;false;ocean;0
7559;17;11;51;sea;true;ocean;0
7560;41;42;9;sea;false;ocean;0
7561;10;16;13;sea;false;ocean;0
7562;52;18;1;sea;true;ocean;0
7563;55;28;4;sea;false;ocean;0
7564;2;55;0;sea;false;ocean;0
7565;51;34;0;sea;true;ocean;0
7566;85;3;7;sea;false;ocean;0
7567;47;27;19;sea;false;ocean;0
7568;9;66;1;sea;false;ocean;0
7569;21;3;14;sea;false;ocean;0
7570;19;48;29;sea;false;ocean;0
7571;11;46;22;sea;true;ocean;0
7572;22;9;30;sea;false;ocean;0
7573;19;34;26;sea;true;ocean;0
7574;4;41;29;sea;true;ocean;0
7575;17;21;41;sea;false;ocean;0
7576;55;23;11;sea;false;ocean;0
7577;11;87;0;sea;true;ocean;0
7578;12;58;22;sea;false;ocean;0
7579;18;45;18;sea;true;ocean;0
7580;25;3;71;sea;false;ocean;0
7581;26;0;1;sea;false;ocean;0
7582;26;10;50;sea;false;ocean;0
7583;20;13;35;sea;true;ocean;0
7584;10;4;37;sea;false;ocean;0
7585;4;0;94;sea;false;ocean;0
7586;33;1;6;sea;false;ocean;0
7587;8;47;11;sea;true;ocean;0
7588;32;65;0;sea;false;ocean;0
7589;1;3;12;sea;false;ocean;0
7590;11;63;6;sea;true;ocean;0
7591;8;26;54;sea;false;ocean;0
7592;22;63;14;sea;false;ocean;0
7593;9;32;2;sea;false;ocean;0
7594;13;48;14;sea;true;ocean;0
7595;35;31;2;sea;false;ocean;0
7596;22;8;46;sea;false;ocean;0
7597;25;10;0;sea;false;ocean;0
7598;26;7;31;sea;false;ocean;0
7599;47;33;16;sea;false;ocean;0
7600;2;4;61;sea;false;ocean;0
7601;24;3;26;sea;false;ocean;0
7602;8;35;6;sea;false;ocean;0
7603;13;22;13;sea;false;ocean;0
7604;38;16;40;sea;false;ocean;0
7605;35;16;26;sea;false;ocean;0
7606;38;47;10;sea;false;ocean;0
7607;40;35;10;sea;false;ocean;0
7608;9;72;11;sea;true;ocean;0
7609;2;66;7;sea;true;ocean;0
7610;44;34;21;sea;true;ocean;0
7611;10;70;4;sea;false;ocean;0
7612;46;18;10;sea;false;ocean;0
7613;32;13;13;sea;true;ocean;0
7614;10;17;51;sea;false;ocean;0
7615;5;27;22;sea;true;ocean;0
7616;7;26;5;sea;false;ocean;0
7617;24;66;3;sea;false;ocean;0
7618;25;27;6;sea;false;ocean;0
7619;69;6;20;sea;true;ocean;0
7620;7;65;7;sea;false;ocean;0
7621;81;5;5;sea;false;ocean;0
7622;26;19;50;sea;true;ocean;0
7623;23;49;4;sea;false;ocean;0
7624;33;38;7;sea;false;ocean;0
7625;57;3;14;sea;false;ocean;0
7626;65;0;12;sea;false;ocean;0
7627;15;29;32;sea;true;ocean;0
7628;16;2;1;sea;false;ocean;0
7629;19;4;27;sea;true;ocean;0
7630;30;31;23;sea;false;ocean;0
7631;24;1;28;sea;false;ocean;0
7632;44;42;9;sea;false;ocean;0
7633;45;1;21;sea;false;ocean;0
7634;16;0;72;sea;false;ocean;0
7635;24;37;38;sea;false;ocean;0
7636;24;11;53;sea;false;ocean;0
7637;32;10;2;sea;false;ocean;0
7638;39;16;27;sea;false;ocean;0
7639;13;40;37;sea;true;ocean;0
7640;1;47;29;sea;true;ocean;0
7641;49;31;14;sea;false;ocean;0
7642;2;29;52;sea;false;ocean;0
7643;6;32;53;sea;false;ocean;0
7644;31;25;28;sea;true;ocean;0
7645;22;45;20;sea;false;ocean;0
7646;41;6;15;sea;false;ocean;0
7647;16;18;35;sea;false;ocean;0
7648;8;1;75;sea;false;ocean;0
7649;8;10;14;sea;false;ocean;0
7650;10;6;26;sea;false;ocean;0
7651;7;54;10;sea;false;ocean;0
7652;4;42;39;sea;true;ocean;0
7653;9;5;30;sea;true;ocean;0
7654;26;3;49;sea;false;ocean;0
7655;20;11;51;sea;true;ocean;0
7656;10;40;48;sea;false;ocean;0
7657;38;3;48;sea;false;ocean;0
7658;57;37;2;sea;false;ocean;0
7659;3;67;7;sea;false;ocean;0
7660;5;1;4;sea;false;ocean;0
7661;20;63;9;sea;false;ocean;0
7662;1;5;18;sea;false;ocean;0
7663;57;3;34;sea;false;ocean;0
7664;8;24;48;sea;false;ocean;0
7665;1;39;15;sea;false;ocean;0
7666;32;11;44;sea;true;ocean;0
7667;4;26;38;sea;true;ocean;0
7668;2;22;52;sea;false;ocean;0
7669;43;20;9;sea;true;ocean;0
7670;2;0;27;sea;false;ocean;0
7671;16;4;10;sea;false;ocean;0
7672;49;13;16;sea;false;ocean;0
7673;0;54;45;sea;false;ocean;0
7674;4;13;40;sea;true;ocean;0
7675;9;73;10;sea;false;ocean;0
7676;10;24;15;sea;false;ocean;0
7677;0;60;36;sea;false;ocean;0
7678;13;26;41;sea;true;ocean;0
7679;48;0;35;sea;false;ocean;0
7680;26;47;21;sea;false;ocean;0
7681;18;27;0;sea;false;ocean;0
7682;42;0;20;sea;false;ocean;0
7683;54;41;4;sea;false;ocean;0
7684;52;20;27;sea;false;ocean;0
7685;24;49;23;sea;true;ocean;0
7686;24;58;12;sea;true;ocean;0
7687;13;1;35;sea;false;ocean;0
7688;6;61;15;sea;true;ocean;0
7689;33;7;59;sea;false;ocean;0
7690;38;43;17;sea;false;ocean;0
7691;7;39;38;sea;false;ocean;0
7692;26;10;60;sea;false;ocean;0
7693;12;31;16;sea;false;ocean;0
7694;19;8;46;sea;false;ocean;0
7695;2;77;11;sea;true;ocean;0
7696;27;7;30;sea;false;ocean;0
7697;16;8;74;sea;false;ocean;0
7698;6;78;15;sea;false;ocean;0
7699;17;12;70;sea;false;ocean;0
7700;28;22;46;sea;false;ocean;0
7701;69;6;8;sea;false;ocean;0
7702;0;15;55;sea;false;ocean;0
7703;8;28;14;sea;true;ocean;0
7704;9;25;64;sea;false;ocean;0
7705;36;11;51;sea;false;ocean;0
7706;22;26;17;sea;false;ocean;0
7707;34;0;40;sea;false;ocean;0
7708;8;3;37;sea;false;ocean;0
7709;44;6;25;sea;false;ocean;0
7710;10;68;9;sea;false;ocean;0
7711;2;16;68;sea;false;ocean;0
7712;57;4;35;sea;false;ocean;0
7713;18;16;40;sea;false;ocean;0
7714;48;37;5;sea;true;ocean;0
7715;40;11;15;sea;false;ocean;0
7716;17;6;50;sea;false;ocean;0
7717;26;5;25;sea;false;ocean;0
7718;3;3;26;sea;false;ocean;0
7719;0;35;52;sea;false;ocean;0
7720;32;4;51;sea;true;ocean;0
7721;1;21;14;sea;false;ocean;0
7722;19;28;23;sea;false;ocean;0
7723;3;1;43;sea;false;ocean;0
7724;23;6;27;sea;false;ocean;0
7725;8;54;33;sea;false;ocean;0
7726;12;56;29;sea;true;ocean;0
7727;15;54;1;sea;true;ocean;0
7728;13;13;70;sea;false;ocean;0
7729;53;28;4;sea;false;ocean;0
7730;43;15;7;sea;false;ocean;0
7731;60;5;0;sea;false;ocean;0
7732;15;27;56;sea;false;ocean;0
7733;40;1;17;sea;false;ocean;0
7734;5;63;0;sea;false;ocean;0
7735;27;63;4;sea;false;ocean;0
7736;50;33;10;sea;false;ocean;0
7737;1;35;9;sea;false;ocean;0
7738;59;12;23;sea;false;ocean;0
7739;9;3;7;sea;true;ocean;0
7740;14;54;15;sea;false;ocean;0
7741;12;10;35;sea;false;ocean;0
7742;24;22;15;sea;false;ocean;0
7743;3;51;27;sea;true;ocean;0
7744;57;15;9;sea;false;ocean;0
7745;22;12;61;sea;true;ocean;0
7746;19;20;47;sea;true;ocean;0
7747;62;25;0;sea;true;ocean;0
7748;3;25;25;sea;true;ocean;0
7749;4;31;0;sea;false;ocean;0
7750;79;5;14;sea;true;ocean;0
7751;46;16;21;sea;true;ocean;0
7752;8;48;30;sea;true;ocean;0
7753;20;43;33;sea;false;ocean;0
7754;9;46;30;sea;false;ocean;0
7755;36;11;23;sea;false;ocean;0
7756;28;1;40;sea;true;ocean;0
7757;25;24;22;sea;true;ocean;0
7758;30;27;23;sea;true;ocean;0
7759;47;32;7;sea;true;ocean;0
7760;1;71;13;sea;true;ocean;0
7761;43;20;13;sea;false;ocean;0
7762;35;31;19;sea;false;ocean;0
7763;2;68;26;sea;false;ocean;0
7764;37;3;21;sea;true;ocean;0
7765;59;25;13;sea;false;ocean;0
7766;25;18;51;sea;true;ocean;0
7767;16;9;62;sea;false;ocean;0
7768;33;28;14;sea;false;ocean;0
7769;14;27;16;sea;true;ocean;0
7770;19;73;7;sea;false;ocean;0
7771;5;41;35;sea;true;ocean;0
7772;21;63;0;sea;false;ocean;0
7773;2;40;8;sea;false;ocean;0
7774;5;7;82;sea;false;ocean;0
7775;5;65;16;sea;false;ocean;0
7776;48;19;19;sea;false;ocean;0
7777;21;16;13;sea;true;ocean;0
7778;20;9;70;sea;false;ocean;0
7779;17;21;45;sea;true;ocean;0
7780;56;5;12;sea;false;ocean;0
7781;2;33;57;sea;true;ocean;0
7782;40;8;43;sea;false;ocean;0
7783;55;35;9;sea;false;ocean;0
7784;23;14;56;sea;true;ocean;0
7785;26;47;22;sea;true;ocean;0
7786;19;25;7;sea;false;ocean;0
7787;23;18;31;sea;false;ocean;0
7788;10;56;29;sea;true;ocean;0
7789;40;27;12;sea;true;ocean;0
7790;4;2;8;sea;true;ocean;0
7791;41;3;5;sea;true;ocean;0
7792;3;16;2;sea;true;ocean;0
7793;7;28;63;sea;false;ocean;0
7794;8;68;18;sea;false;ocean;0
7795;2;49;22;sea;true;ocean;0
7796;2;42;7;sea;false;ocean;0
7797;2;8;24;sea;false;ocean;0
7798;7;84;0;sea;false;ocean;0
7799;65;5;29;sea;false;ocean;0
7800;3;81;11;sea;false;ocean;0
7801;67;16;3;sea;false;ocean;0
7802;52;37;9;sea;false;ocean;0
7803;30;25;9;sea;false;ocean;0
7804;13;36;26;sea;false;ocean;0
7805;36;25;14;sea;true;ocean;0
7806;20;51;10;sea;false;ocean;0
7807;24;27;42;sea;false;ocean;0
7808;50;45;1;sea;true;ocean;0
7809;46;17;15;sea;false;ocean;0
7810;1;34;34;sea;false;ocean;0
7811;20;33;31;sea;false;ocean;0
7812;2;59;34;sea;false;ocean;0
7813;2;31;20;sea;true;ocean;0
7814;45;25;2;sea;false;ocean;0
7815;74;10;2;sea;true;ocean;0
7816;73;9;17;sea;false;ocean;0
7817;7;65;9;sea;true;ocean;0
7818;8;86;1;sea;false;ocean;0
7819;17;19;31;sea;true;ocean;0
7820;40;10;41;sea;false;ocean;0
7821;12;12;5;sea;false;ocean;0
7822;19;14;24;sea;true;ocean;0
7823;11;53;33;sea;true;ocean;0
7824;20;35;34;sea;false;ocean;0
7825;32;18;19;sea;false;ocean;0
7826;58;10;24;sea;true;ocean;0
7827;32;34;9;sea;false;ocean;0
7828;76;13;3;sea;true;ocean;0
7829;12;57;24;sea;true;ocean;0
7830;31;13;27;sea;true;ocean;0
7831;8;35;25;sea;false;ocean;0
7832;24;29;9;sea;false;ocean;0
7833;33;19;18;sea;false;ocean;0
7834;10;50;26;sea;true;ocean;0
7835;59;18;17;sea;false;ocean;0
7836;27;1;33;sea;true;ocean;0
7837;31;44;4;sea;false;ocean;0
7838;9;33;57;sea;true;ocean;0
7839;2;19;55;sea;true;ocean;0
7840;33;51;11;sea;false;ocean;0
7841;41;3;24;sea;false;ocean;0
7842;17;4;7;sea;false;ocean;0
7843;26;7;32;sea;false;ocean;0
7844;76;11;0;sea;false;ocean;0
7845;10;9;32;sea;false;ocean;0
7846;56;8;2;sea;false;ocean;0
7847;26;38;14;sea;false;ocean;0
7848;23;58;15;sea;true;ocean;0
7849;78;5;13;sea;false;ocean;0
7850;59;8;15;sea;false;ocean;0
7851;42;41;3;sea;true;ocean;0
7852;34;6;40;sea;false;ocean;0
7853;38;22;34;sea;true;ocean;0
7854;9;37;26;sea;false;ocean;0
7855;48;14;24;sea;false;ocean;0
7856;43;11;23;sea;true;ocean;0
7857;5;14;5;sea;true;ocean;0
7858;1;87;0;sea;false;ocean;0
7859;15;17;56;sea;false;ocean;0
7860;19;44;19;sea;false;ocean;0
7861;17;41;11;sea;false;ocean;0
7862;25;4;18;sea;false;ocean;0
7863;35;4;4;sea;false;ocean;0
7864;11;21;25;sea;true;ocean;0
7865;31;25;8;sea;false;ocean;0
7866;22;64;12;sea;false;ocean;0
7867;22;17;5;sea;true;ocean;0
7868;10;42;22;sea;false;ocean;0
7869;6;5;61;sea;true;ocean;0
7870;22;17;41;sea;false;ocean;0
7871;8;35;38;sea;false;ocean;0
7872;35;25;12;sea;false;ocean;0
7873;52;9;31;sea;false;ocean;0
7874;2;5;4;sea;false;ocean;0
7875;10;35;51;sea;true;ocean;0
7876;60;0;29;sea;true;ocean;0
7877;7;2;63;sea;false;ocean;0
7878;24;35;30;sea;false;ocean;0
7879;43;12;24;sea;true;ocean;0
7880;1;9;69;sea;true;ocean;0
7881;4;16;73;sea;false;ocean;0
7882;43;16;13;sea;false;ocean;0
7883;19;17;21;sea;true;ocean;0
7884;20;21;45;sea;true;ocean;0
7885;20;43;27;sea;false;ocean;0
7886;39;33;10;sea;false;ocean;0
7887;1;11;46;sea;false;ocean;0
7888;33;23;42;sea;false;ocean;0
7889;35;2;50;sea;false;ocean;0
7890;60;14;9;sea;false;ocean;0
7891;73;2;12;sea;true;ocean;0
7892;3;17;1;sea;true;ocean;0
7893;41;12;0;sea;true;ocean;0
7894;5;37;50;sea;true;ocean;0
7895;19;52;0;sea;true;ocean;0
7896;18;18;63;sea;false;ocean;0
7897;52;21;21;sea;false;ocean;0
7898;3;65;29;sea;true;ocean;0
7899;10;19;29;sea;false;ocean;0
7900;50;22;13;sea;false;ocean;0
7901;7;16;65;sea;false;ocean;0
7902;21;26;27;sea;true;ocean;0
7903;14;4;55;sea;true;ocean;0
7904;22;32;4;sea;true;ocean;0
7905;17;70;8;sea;false;ocean;0
7906;48;4;3;sea;false;ocean;0
7907;4;8;55;sea;true;ocean;0
7908;30;42;0;sea;true;ocean;0
7909;25;24;16;sea;false;ocean;0
7910;2;54;42;sea;false;ocean;0
7911;4;17;35;sea;false;ocean;0
7912;8;78;3;sea;true;ocean;0
7913;22;22;37;sea;true;ocean;0
7914;34;3;19;sea;false;ocean;0
7915;3;37;55;sea;true;ocean;0
7916;53;19;18;sea;false;ocean;0
7917;10;4;78;sea;true;ocean;0
7918;1;21;17;sea;false;ocean;0
7919;15;50;12;sea;true;ocean;0
7920;23;11;50;sea;false;ocean;0
7921;33;59;6;sea;true;ocean;0
7922;39;12;28;sea;false;ocean;0
7923;0;3;44;sea;false;ocean;0
7924;35;34;1;sea;false;ocean;0
7925;22;2;16;sea;false;ocean;0
7926;3;53;29;sea;true;ocean;0
7927;21;1;37;sea;true;ocean;0
7928;8;11;31;sea;true;ocean;0
7929;24;15;55;sea;false;ocean;0
7930;12;35;46;sea;true;ocean;0
7931;34;6;42;sea;false;ocean;0
7932;39;31;8;sea;false;ocean;0
7933;20;23;13;sea;true;ocean;0
7934;7;25;13;sea;false;ocean;0
7935;3;43;51;sea;true;ocean;0
7936;18;51;30;sea;true;ocean;0
7937;25;14;38;sea;true;ocean;0
7938;53;21;4;sea;false;ocean;0
7939;31;4;30;sea;true;ocean;0
7940;6;0;28;sea;false;ocean;0
7941;19;37;6;sea;false;ocean;0
7942;18;15;37;sea;true;ocean;0
7943;22;53;18;sea;false;ocean;0
7944;51;1;1;sea;false;ocean;0
7945;10;0;66;sea;false;ocean;0
7946;21;11;7;sea;true;ocean;0
7947;23;19;12;sea;false;ocean;0
7948;26;12;60;sea;false;ocean;0
7949;37;5;47;sea;true;ocean;0
7950;2;58;24;sea;false;ocean;0
7951;9;22;40;sea;true;ocean;0
7952;0;12;45;sea;false;ocean;0
7953;5;8;31;sea;false;ocean;0
7954;31;40;7;sea;false;ocean;0
7955;20;29;2;sea;false;ocean;0
7956;26;14;55;sea;false;ocean;0
7957;29;20;5;sea;true;ocean;0
7958;15;66;8;sea;false;ocean;0
7959;14;51;26;sea;true;ocean;0
7960;17;33;23;sea;false;ocean;0
7961;5;39;49;sea;true;ocean;0
7962;14;20;3;sea;true;ocean;0
7963;10;57;7;sea;false;ocean;0
7964;5;45;14;sea;false;ocean;0
7965;5;8;82;sea;true;ocean;0
7966;16;44;33;sea;true;ocean;0
7967;34;8;43;sea;true;ocean;0
7968;8;44;44;sea;false;ocean;0
7969;67;9;7;sea;false;ocean;0
7970;68;7;5;sea;true;ocean;0
7971;32;12;13;sea;false;ocean;0
7972;7;64;28;sea;false;ocean;0
7973;34;63;1;sea;false;ocean;0
7974;33;34;17;sea;true;ocean;0
7975;29;14;24;sea;false;ocean;0
7976;8;77;3;sea;true;ocean;0
7977;13;15;40;sea;false;ocean;0
7978;4;3;21;sea;true;ocean;0
7979;35;23;13;sea;false;ocean;0
7980;6;7;42;sea;false;ocean;0
7981;21;0;69;sea;true;ocean;0
7982;19;1;58;sea;false;ocean;0
7983;1;22;58;sea;false;ocean;0
7984;21;58;3;sea;true;ocean;0
7985;18;64;10;sea;false;ocean;0
7986;2;38;17;sea;false;ocean;0
7987;3;14;81;sea;false;ocean;0
7988;36;21;2;sea;true;ocean;0
7989;1;20;73;sea;true;ocean;0
7990;18;13;0;sea;true;ocean;0
7991;13;62;0;sea;true;ocean;0
7992;38;27;9;sea;false;ocean;0
7993;0;54;12;sea;false;ocean;0
7994;6;3;73;sea;true;ocean;0
7995;33;45;12;sea;true;ocean;0
7996;17;23;15;sea;false;ocean;0
7997;2;78;19;sea;true;ocean;0
7998;31;28;10;sea;true;ocean;0
7999;22;59;8;sea;false;ocean;0
8000;36;31;1;sea;false;ocean;0
8001;32;7;27;sea;false;ocean;0
8002;20;18;25;sea;false;ocean;0
8003;28;30;18;sea;true;ocean;0
8004;17;36;12;sea;false;ocean;0
8005;37;4;54;sea;false;ocean;0
8006;21;33;42;sea;false;ocean;0
8007;9;45;44;sea;false;ocean;0
8008;17;17;55;sea;false;ocean;0
8009;20;8;20;sea;false;ocean;0
8010;5;31;4;sea;true;ocean;0
8011;2;20;32;sea;true;ocean;0
8012;8;63;2;sea;false;ocean;0
8013;17;0;10;sea;false;ocean;0
8014;4;10;27;sea;false;ocean;0
8015;20;0;19;sea;false;ocean;0
8016;3;38;27;sea;true;ocean;0
8017;17;25;34;sea;true;ocean;0
8018;50;10;2;sea;false;ocean;0
8019;0;35;23;sea;true;ocean;0
8020;15;14;10;sea;true;ocean;0
8021;16;7;7;sea;false;ocean;0
8022;74;0;5;sea;false;ocean;0
8023;37;6;2;sea;true;ocean;0
8024;15;6;40;sea;false;ocean;0
8025;50;9;13;sea;false;ocean;0
8026;8;13;54;sea;false;ocean;0
8027;22;37;29;sea;false;ocean;0
8028;0;42;16;sea;false;ocean;0
8029;23;17;36;sea;true;ocean;0
8030;27;20;48;sea;false;ocean;0
8031;58;8;29;sea;false;ocean;0
8032;0;8;42;sea;true;ocean;0
8033;24;49;18;sea;false;ocean;0
8034;30;14;4;sea;false;ocean;0
8035;6;16;6;sea;true;ocean;0
8036;9;66;2;sea;false;ocean;0
8037;52;21;2;sea;true;ocean;0
8038;41;13;30;sea;true;ocean;0
8039;12;6;57;sea;true;ocean;0
8040;3;77;3;sea;true;ocean;0
8041;6;5;58;sea;false;ocean;0
8042;74;6;10;sea;false;ocean;0
8043;18;33;24;sea;false;ocean;0
8044;67;14;2;sea;false;ocean;0
8045;50;20;23;sea;false;ocean;0
8046;8;11;4;sea;false;ocean;0
8047;8;45;13;sea;false;ocean;0
8048;5;6;82;sea;false;ocean;0
8049;15;50;20;sea;true;ocean;0
8050;45;3;28;sea;true;ocean;0
8051;20;19;40;sea;false;ocean;0
8052;18;62;8;sea;false;ocean;0
8053;3;52;9;sea;true;ocean;0
8054;8;70;3;sea;true;ocean;0
8055;4;13;44;sea;true;ocean;0
8056;2;11;44;sea;false;ocean;0
8057;31;7;51;sea;true;ocean;0
8058;4;1;67;sea;true;ocean;0
8059;54;41;2;sea;true;ocean;0
8060;32;1;28;sea;true;ocean;0
8061;9;5;19;sea;false;ocean;0
8062;39;13;33;sea;true;ocean;0
8063;5;43;10;sea;true;ocean;0
8064;17;31;18;sea;true;ocean;0
8065;6;54;37;sea;false;ocean;0
8066;12;57;17;sea;false;ocean;0
8067;1;35;24;sea;true;ocean;0
8068;27;8;50;sea;false;ocean;0
8069;13;40;18;sea;true;ocean;0
8070;47;7;18;sea;false;ocean;0
8071;63;3;27;sea;false;ocean;0
8072;18;20;50;sea;false;ocean;0
8073;11;46;21;sea;true;ocean;0
8074;54;21;14;sea;true;ocean;0
8075;48;40;10;sea;false;ocean;0
8076;50;2;4;sea;true;ocean;0
8077;37;6;50;sea;false;ocean;0
8078;7;47;33;sea;false;ocean;0
8079;62;23;6;sea;false;ocean;0
8080;20;15;19;sea;true;ocean;0
8081;18;21;51;sea;true;ocean;0
8082;18;5;27;sea;true;ocean;0
8083;41;17;30;sea;false;ocean;0
8084;60;24;11;sea;false;ocean;0
8085;28;60;5;sea;true;ocean;0
8086;3;5;2;sea;false;ocean;0
8087;9;42;10;sea;true;ocean;0
8088;33;26;11;sea;false;ocean;0
8089;16;35;20;sea;true;ocean;0
8090;45;4;38;sea;true;ocean;0
8091;7;49;26;sea;false;ocean;0
8092;25;1;5;sea;false;ocean;0
8093;57;4;29;sea;true;ocean;0
8094;19;1;10;sea;false;ocean;0
8095;10;40;32;sea;false;ocean;0
8096;5;47;41;sea;false;ocean;0
8097;47;5;23;sea;false;ocean;0
8098;4;28;54;sea;true;ocean;0
8099;18;65;5;sea;true;ocean;0
8100;29;56;0;sea;false;ocean;0
8101;25;10;13;sea;true;ocean;0
8102;12;18;49;sea;false;ocean;0
8103;31;46;14;sea;false;ocean;0
8104;1;65;33;sea;false;ocean;0
8105;2;24;49;sea;true;ocean;0
8106;25;10;32;sea;false;ocean;0
8107;18;24;16;sea;false;ocean;0
8108;12;52;21;sea;false;ocean;0
8109;10;31;18;sea;false;ocean;0
8110;3;61;27;sea;false;ocean;0
8111;37;21;36;sea;false;ocean;0
8112;5;38;13;sea;true;ocean;0
8113;12;10;77;sea;false;ocean;0
8114;12;52;30;sea;true;ocean;0
8115;20;15;10;sea;false;ocean;0
8116;34;20;33;sea;false;ocean;0
8117;13;15;1;sea;true;ocean;0
8118;7;65;22;sea;false;ocean;0
8119;42;28;15;sea;false;ocean;0
8120;67;7;14;sea;true;ocean;0
8121;50;2;42;sea;false;ocean;0
8122;41;27;15;sea;true;ocean;0
8123;51;18;3;sea;false;ocean;0
8124;32;15;26;sea;false;ocean;0
8125;68;22;2;sea;true;ocean;0
8126;30;12;15;sea;false;ocean;0
8127;45;9;15;sea;true;ocean;0
8128;6;10;67;sea;true;ocean;0
8129;9;1;59;sea;true;ocean;0
8130;5;26;56;sea;true;ocean;0
8131;20;21;56;sea;true;ocean;0
8132;2;32;63;sea;true;ocean;0
8133;8;69;18;sea;true;ocean;0
8134;4;82;12;sea;true;ocean;0
8135;35;30;13;sea;true;ocean;0
8136;5;5;49;sea;true;ocean;0
8137;55;9;24;sea;false;ocean;0
8138;28;58;10;sea;true;ocean;0
8139;5;78;13;sea;true;ocean;0
8140;9;2;32;sea;true;ocean;0
8141;7;17;67;sea;false;ocean;0
8142;38;17;32;sea;true;ocean;0
8143;52;1;31;sea;false;ocean;0
8144;22;28;9;sea;true;ocean;0
8145;61;0;29;sea;false;ocean;0
8146;31;33;18;sea;false;ocean;0
8147;63;10;2;sea;true;ocean;0
8148;29;29;9;sea;false;ocean;0
8149;51;5;8;sea;false;ocean;0
8150;34;6;0;sea;false;ocean;0
8151;6;48;29;sea;false;ocean;0
8152;9;32;54;sea;false;ocean;0
8153;30;19;35;sea;true;ocean;0
8154;79;2;10;sea;false;ocean;0
8155;66;13;4;sea;true;ocean;0
8156;13;64;13;sea;true;ocean;0
8157;80;4;15;sea;false;ocean;0
8158;28;35;32;sea;false;ocean;0
8159;14;35;31;sea;false;ocean;0
8160;35;11;43;sea;false;ocean;0
8161;37;0;37;sea;true;ocean;0
8162;9;20;9;sea;false;ocean;0
8163;13;29;36;sea;false;ocean;0
8164;11;4;74;sea;true;ocean;0
8165;28;15;18;sea;false;ocean;0
8166;1;20;39;sea;false;ocean;0
8167;4;17;69;sea;true;ocean;0
8168;16;12;57;sea;true;ocean;0
8169;19;20;29;sea;false;ocean;0
8170;10;47;29;sea;false;ocean;0
8171;6;54;34;sea;false;ocean;0
8172;11;53;18;sea;true;ocean;0
8173;2;71;12;sea;false;ocean;0
8174;39;29;10;sea;false;ocean;0
8175;8;67;6;sea;false;ocean;0
8176;24;1;57;sea;true;ocean;0
8177;31;0;27;sea;true;ocean;0
8178;6;19;1;sea;true;ocean;0
8179;28;27;26;sea;false;ocean;0
8180;3;9;75;sea;false;ocean;0
8181;31;7;3;sea;false;ocean;0
8182;1;53;8;sea;true;ocean;0
8183;35;43;19;sea;false;ocean;0
8184;13;21;52;sea;true;ocean;0
8185;13;4;48;sea;false;ocean;0
8186;27;27;7;sea;false;ocean;0
8187;6;50;43;sea;false;ocean;0
8188;26;5;8;sea;true;ocean;0
8189;86;6;2;sea;false;ocean;0
8190;7;0;87;sea;false;ocean;0
8191;28;30;33;sea;false;ocean;0
8192;24;13;32;sea;true;ocean;0
8193;2;32;19;sea;true;ocean;0
8194;32;36;27;sea;true;ocean;0
8195;28;8;38;sea;true;ocean;0
8196;2;62;27;sea;false;ocean;0
8197;2;3;46;sea;true;ocean;0
8198;26;16;12;sea;false;ocean;0
8199;22;42;4;sea;false;ocean;0
8200;36;48;7;sea;true;ocean;0
8201;1;24;22;sea;true;ocean;0
8202;10;57;30;sea;false;ocean;0
8203;17;20;10;sea;true;ocean;0
8204;2;7;15;sea;true;ocean;0
8205;18;15;51;sea;true;ocean;0
8206;32;22;33;sea;true;ocean;0
8207;19;5;11;sea;true;ocean;0
8208;26;42;22;sea;false;ocean;0
8209;29;15;14;sea;true;ocean;0
8210;1;13;36;sea;false;ocean;0
8211;6;30;44;sea;false;ocean;0
8212;24;54;5;sea;true;ocean;0
8213;46;31;9;sea;false;ocean;0
8214;34;47;7;sea;false;ocean;0
8215;16;15;56;sea;true;ocean;0
8216;21;8;39;sea;false;ocean;0
8217;52;25;22;sea;false;ocean;0
8218;1;52;16;sea;true;ocean;0
8219;45;37;13;sea;false;ocean;0
8220;6;51;1;sea;false;ocean;0
8221;1;31;22;sea;false;ocean;0
8222;5;41;21;sea;false;ocean;0
8223;47;14;6;sea;false;ocean;0
8224;8;25;66;sea;false;ocean;0
8225;4;40;2;sea;false;ocean;0
8226;54;15;1;sea;false;ocean;0
8227;9;48;25;sea;false;ocean;0
8228;7;14;8;sea;true;ocean;0
8229;18;15;29;sea;false;ocean;0
8230;33;11;29;sea;false;ocean;0
8231;14;14;66;sea;false;ocean;0
8232;6;12;49;sea;false;ocean;0
8233;24;50;24;sea;true;ocean;0
8234;71;3;0;sea;true;ocean;0
8235;17;4;1;sea;false;ocean;0
8236;10;48;22;sea;true;ocean;0
8237;15;25;31;sea;false;ocean;0
8238;2;74;13;sea;false;ocean;0
8239;26;2;17;sea;false;ocean;0
8240;17;60;4;sea;false;ocean;0
8241;70;13;5;sea;false;ocean;0
8242;62;13;4;sea;false;ocean;0
8243;11;3;7;sea;true;ocean;0
8244;26;15;45;sea;true;ocean;0
8245;25;4;1;sea;true;ocean;0
8246;16;54;20;sea;false;ocean;0
8247;71;9;13;sea;true;ocean;0
8248;34;32;3;sea;false;ocean;0
8249;15;35;12;sea;true;ocean;0
8250;40;27;22;sea;true;ocean;0
8251;15;0;76;sea;true;ocean;0
8252;43;4;25;sea;false;ocean;0
8253;2;43;39;sea;true;ocean;0
8254;12;33;10;sea;false;ocean;0
8255;46;0;29;sea;true;ocean;0
8256;26;0;24;sea;false;ocean;0
8257;24;1;24;sea;false;ocean;0
8258;14;30;53;sea;true;ocean;0
8259;26;17;48;sea;true;ocean;0
8260;12;8;61;sea;true;ocean;0
8261;69;9;10;sea;false;ocean;0
8262;2;22;1;sea;true;ocean;0
8263;13;9;60;sea;true;ocean;0
8264;65;0;4;sea;true;ocean;0
8265;16;42;20;sea;false;ocean;0
8266;20;49;4;sea;false;ocean;0
8267;23;19;39;sea;true;ocean;0
8268;19;34;36;sea;false;ocean;0
8269;6;23;2;sea;false;ocean;0
8270;3;15;14;sea;true;ocean;0
8271;17;6;65;sea;false;ocean;0
8272;5;45;29;sea;false;ocean;0
8273;17;16;6;sea;true;ocean;0
8274;36;0;39;sea;false;ocean;0
8275;28;27;23;sea;false;ocean;0
8276;21;7;63;sea;false;ocean;0
8277;41;7;33;sea;false;ocean;0
8278;34;26;7;sea;true;ocean;0
8279;45;12;3;sea;true;ocean;0
8280;40;34;13;sea;false;ocean;0
8281;16;11;67;sea;true;ocean;0
8282;25;60;4;sea;false;ocean;0
8283;40;20;23;sea;true;ocean;0
8284;9;8;42;sea;true;ocean;0
8285;3;44;46;sea;false;ocean;0
8286;33;6;32;sea;true;ocean;0
8287;4;59;21;sea;false;ocean;0
8288;4;13;12;sea;true;ocean;0
8289;3;50;12;sea;false;ocean;0
8290;64;27;1;sea;true;ocean;0
8291;22;53;23;sea;true;ocean;0
8292;11;23;12;sea;false;ocean;0
8293;69;6;7;sea;false;ocean;0
8294;23;13;6;sea;false;ocean;0
8295;0;64;20;sea;true;ocean;0
8296;87;1;0;sea;false;ocean;0
8297;22;43;20;sea;false;ocean;0
8298;25;18;40;sea;true;ocean;0
8299;36;17;16;sea;false;ocean;0
8300;9;3;44;sea;false;ocean;0
8301;3;11;81;sea;true;ocean;0
8302;35;40;23;sea;false;ocean;0
8303;8;12;3;sea;false;ocean;0
8304;5;12;37;sea;false;ocean;0
8305;8;1;26;sea;false;ocean;0
8306;11;73;12;sea;false;ocean;0
8307;68;1;16;sea;true;ocean;0
8308;56;26;11;sea;false;ocean;0
8309;0;39;16;sea;true;ocean;0
8310;31;7;16;sea;true;ocean;0
8311;19;22;12;sea;true;ocean;0
8312;0;75;10;sea;false;ocean;0
8313;2;75;15;sea;true;ocean;0
8314;75;3;6;sea;false;ocean;0
8315;31;5;45;sea;false;ocean;0
8316;28;10;50;sea;false;ocean;0
8317;9;30;44;sea;true;ocean;0
8318;10;16;61;sea;false;ocean;0
8319;6;23;24;sea;false;ocean;0
8320;10;58;13;sea;false;ocean;0
8321;39;4;4;sea;false;ocean;0
8322;53;25;9;sea;false;ocean;0
8323;8;85;4;sea;false;ocean;0
8324;22;45;13;sea;true;ocean;0
8325;36;35;7;sea;false;ocean;0
8326;19;0;51;sea;true;ocean;0
8327;45;15;27;sea;false;ocean;0
8328;30;52;0;sea;false;ocean;0
8329;5;4;74;sea;false;ocean;0
8330;83;10;2;sea;false;ocean;0
8331;34;32;7;sea;false;ocean;0
8332;62;4;27;sea;false;ocean;0
8333;26;15;44;sea;false;ocean;0
8334;29;49;11;sea;false;ocean;0
8335;24;43;20;sea;false;ocean;0
8336;82;1;1;sea;true;ocean;0
8337;29;8;11;sea;true;ocean;0
8338;61;7;9;sea;false;ocean;0
8339;11;35;53;sea;false;ocean;0
8340;2;61;2;sea;false;ocean;0
8341;7;40;49;sea;true;ocean;0
8342;1;8;30;sea;false;ocean;0
8343;0;70;12;sea;false;ocean;0
8344;21;39;7;sea;true;ocean;0
8345;25;20;1;sea;false;ocean;0
8346;12;1;55;sea;true;ocean;0
8347;22;41;34;sea;false;ocean;0
8348;0;36;3;sea;false;ocean;0
8349;23;27;8;sea;true;ocean;0
8350;16;44;4;sea;false;ocean;0
8351;26;22;49;sea;false;ocean;0
8352;14;8;74;sea;true;ocean;0
8353;49;1;10;sea;false;ocean;0
8354;32;20;5;sea;true;ocean;0
8355;15;56;18;sea;false;ocean;0
8356;28;45;24;sea;true;ocean;0
8357;14;13;31;sea;false;ocean;0
8358;50;6;6;sea;false;ocean;0
8359;32;32;4;sea;false;ocean;0
8360;69;3;0;sea;true;ocean;0
8361;16;61;11;sea;false;ocean;0
8362;27;8;24;sea;false;ocean;0
8363;7;7;27;sea;true;ocean;0
8364;7;1;31;sea;false;ocean;0
8365;14;33;41;sea;false;ocean;0
8366;31;44;12;sea;true;ocean;0
8367;3;2;7;sea;true;ocean;0
8368;27;29;16;sea;true;ocean;0
8369;7;25;48;sea;false;ocean;0
8370;0;8;14;sea;true;ocean;0
8371;3;21;54;sea;true;ocean;0
8372;91;3;0;sea;false;ocean;0
8373;49;12;35;sea;false;ocean;0
8374;12;18;18;sea;true;ocean;0
8375;0;16;49;sea;false;ocean;0
8376;70;12;14;sea;true;ocean;0
8377;25;13;20;sea;true;ocean;0
8378;9;33;11;sea;false;ocean;0
8379;23;64;3;sea;true;ocean;0
8380;36;41;21;sea;true;ocean;0
8381;35;14;41;sea;true;ocean;0
8382;11;25;28;sea;true;ocean;0
8383;35;5;11;sea;true;ocean;0
8384;0;17;15;sea;false;ocean;0
8385;30;26;0;sea;false;ocean;0
8386;30;28;4;sea;true;ocean;0
8387;28;22;18;sea;true;ocean;0
8388;22;22;8;sea;true;ocean;0
8389;56;27;3;sea;false;ocean;0
8390;12;47;27;sea;false;ocean;0
8391;31;52;8;sea;true;ocean;0
8392;4;7;13;sea;false;ocean;0
8393;33;6;35;sea;false;ocean;0
8394;19;6;11;sea;false;ocean;0
8395;37;22;27;sea;false;ocean;0
8396;12;59;5;sea;true;ocean;0
8397;39;33;2;sea;false;ocean;0
8398;3;62;16;sea;false;ocean;0
8399;63;28;2;sea;true;ocean;0
8400;9;20;20;sea;false;ocean;0
8401;2;9;64;sea;true;ocean;0
8402;0;15;45;sea;false;ocean;0
8403;31;40;2;sea;true;ocean;0
8404;48;18;28;sea;true;ocean;0
8405;33;8;44;sea;true;ocean;0
8406;42;40;15;sea;false;ocean;0
8407;10;3;4;sea;true;ocean;0
8408;1;1;86;sea;false;ocean;0
8409;5;67;24;sea;false;ocean;0
8410;35;14;45;sea;false;ocean;0
8411;32;1;23;sea;false;ocean;0
8412;13;30;7;sea;true;ocean;0
8413;2;10;87;sea;true;ocean;0
8414;31;47;3;sea;true;ocean;0
8415;23;23;17;sea;false;ocean;0
8416;18;1;32;sea;false;ocean;0
8417;23;35;3;sea;true;ocean;0
8418;22;19;34;sea;false;ocean;0
8419;13;41;14;sea;false;ocean;0
8420;39;57;2;sea;false;ocean;0
8421;0;9;84;sea;true;ocean;0
8422;14;1;24;sea;false;ocean;0
8423;25;10;61;sea;false;ocean;0
8424;54;38;6;sea;false;ocean;0
8425;18;16;44;sea;false;ocean;0
8426;33;6;56;sea;true;ocean;0
8427;6;59;3;sea;true;ocean;0
8428;3;35;44;sea;true;ocean;0
8429;3;28;56;sea;true;ocean;0
8430;71;2;18;sea;true;ocean;0
8431;0;0;42;sea;false;ocean;0
8432;6;89;2;sea;true;ocean;0
8433;21;7;2;sea;true;ocean;0
8434;0;12;56;sea;true;ocean;0
8435;36;12;50;sea;false;ocean;0
8436;21;40;31;sea;true;ocean;0
8437;38;11;41;sea;true;ocean;0
8438;17;40;20;sea;false;ocean;0
8439;34;14;11;sea;false;ocean;0
8440;19;31;36;sea;false;ocean;0
8441;49;25;16;sea;true;ocean;0
8442;34;5;58;sea;true;ocean;0
8443;12;16;25;sea;false;ocean;0
8444;47;39;10;sea;false;ocean;0
8445;25;26;0;sea;false;ocean;0
8446;27;30;32;sea;true;ocean;0
8447;51;37;1;sea;false;ocean;0
8448;1;6;64;sea;false;ocean;0
8449;34;61;2;sea;true;ocean;0
8450;2;8;51;sea;true;ocean;0
8451;33;32;16;sea;true;ocean;0
8452;16;19;4;sea;false;ocean;0
8453;21;14;17;sea;true;ocean;0
8454;3;18;31;sea;false;ocean;0
8455;60;22;8;sea;true;ocean;0
8456;48;42;3;sea;true;ocean;0
8457;5;27;36;sea;true;ocean;0
8458;18;39;27;sea;true;ocean;0
8459;14;28;51;sea;true;ocean;0
8460;0;21;17;sea;false;ocean;0
8461;39;50;7;sea;false;ocean;0
8462;7;0;58;sea;false;ocean;0
8463;65;1;0;sea;false;ocean;0
8464;3;44;39;sea;true;ocean;0
8465;26;69;0;sea;false;ocean;0
8466;16;55;0;sea;false;ocean;0
8467;3;26;41;sea;true;ocean;0
8468;26;9;8;sea;true;ocean;0
8469;14;9;75;sea;false;ocean;0
8470;25;20;24;sea;true;ocean;0
8471;3;13;3;sea;true;ocean;0
8472;21;37;36;sea;false;ocean;0
8473;84;3;9;sea;true;ocean;0
8474;12;31;28;sea;true;ocean;0
8475;0;39;20;sea;true;ocean;0
8476;41;5;15;sea;false;ocean;0
8477;6;0;53;sea;false;ocean;0
8478;1;45;38;sea;true;ocean;0
8479;51;1;39;sea;false;ocean;0
8480;26;12;54;sea;true;ocean;0
8481;19;52;11;sea;false;ocean;0
8482;50;11;2;sea;false;ocean;0
8483;40;7;24;sea;true;ocean;0
8484;65;14;8;sea;false;ocean;0
8485;22;15;33;sea;false;ocean;0
8486;60;0;7;sea;false;ocean;0
8487;23;5;10;sea;true;ocean;0
8488;45;30;9;sea;true;ocean;0
8489;3;24;8;sea;false;ocean;0
8490;48;27;7;sea;true;ocean;0
8491;4;9;10;sea;false;ocean;0
8492;13;52;27;sea;true;ocean;0
8493;69;15;9;sea;false;ocean;0
8494;3;12;73;sea;false;ocean;0
8495;11;41;12;sea;false;ocean;0
8496;47;45;0;sea;false;ocean;0
8497;46;10;41;sea;true;ocean;0
8498;2;62;29;sea;true;ocean;0
8499;34;41;0;sea;false;ocean;0
8500;10;27;20;sea;false;ocean;0
8501;24;1;40;sea;true;ocean;0
8502;21;0;39;sea;false;ocean;0
8503;8;19;36;sea;false;ocean;0
8504;11;17;42;sea;false;ocean;0
8505;22;41;13;sea;false;ocean;0
8506;23;30;45;sea;false;ocean;0
8507;14;1;66;sea;false;ocean;0
8508;4;49;26;sea;false;ocean;0
8509;57;18;21;sea;true;ocean;0
8510;12;64;21;sea;true;ocean;0
8511;22;14;52;sea;true;ocean;0
8512;39;14;2;sea;false;ocean;0
8513;7;18;36;sea;false;ocean;0
8514;42;3;31;sea;true;ocean;0
8515;2;55;29;sea;false;ocean;0
8516;68;12;8;sea;false;ocean;0
8517;19;21;48;sea;true;ocean;0
8518;21;28;17;sea;false;ocean;0
8519;0;32;19;sea;true;ocean;0
8520;57;12;30;sea;true;ocean;0
8521;47;1;43;sea;false;ocean;0
8522;26;29;13;sea;false;ocean;0
8523;16;23;28;sea;false;ocean;0
8524;64;13;3;sea;true;ocean;0
8525;6;28;40;sea;true;ocean;0
8526;20;47;30;sea;true;ocean;0
8527;35;27;25;sea;false;ocean;0
8528;27;8;31;sea;true;ocean;0
8529;42;9;6;sea;false;ocean;0
8530;28;6;22;sea;false;ocean;0
8531;8;12;59;sea;true;ocean;0
8532;18;28;0;sea;true;ocean;0
8533;25;66;4;sea;false;ocean;0
8534;37;0;13;sea;false;ocean;0
8535;58;29;6;sea;true;ocean;0
8536;10;55;11;sea;true;ocean;0
8537;35;29;27;sea;false;ocean;0
8538;16;5;23;sea;true;ocean;0
8539;52;33;6;sea;true;ocean;0
8540;48;18;22;sea;false;ocean;0
8541;0;18;18;sea;true;ocean;0
8542;54;9;4;sea;false;ocean;0
8543;12;11;25;sea;true;ocean;0
8544;9;17;14;sea;false;ocean;0
8545;4;25;38;sea;false;ocean;0
8546;24;5;42;sea;true;ocean;0
8547;24;17;42;sea;true;ocean;0
8548;14;39;37;sea;false;ocean;0
8549;54;24;18;sea;true;ocean;0
8550;12;48;24;sea;true;ocean;0
8551;20;7;61;sea;true;ocean;0
8552;62;2;6;sea;false;ocean;0
8553;39;15;38;sea;false;ocean;0
8554;16;57;6;sea;true;ocean;0
8555;26;62;1;sea;true;ocean;0
8556;60;3;10;sea;true;ocean;0
8557;8;3;87;sea;true;ocean;0
8558;28;3;47;sea;true;ocean;0
8559;2;79;1;sea;true;ocean;0
8560;43;35;21;sea;true;ocean;0
8561;46;0;16;sea;false;ocean;0
8562;39;6;15;sea;false;ocean;0
8563;24;17;33;sea;true;ocean;0
8564;61;12;16;sea;false;ocean;0
8565;13;12;67;sea;false;ocean;0
8566;32;57;7;sea;true;ocean;0
8567;5;48;45;sea;false;ocean;0
8568;36;4;42;sea;true;ocean;0
8569;14;49;14;sea;false;ocean;0
8570;60;26;1;sea;true;ocean;0
8571;2;7;11;sea;false;ocean;0
8572;5;45;5;sea;false;ocean;0
8573;38;4;3;sea;true;ocean;0
8574;4;21;26;sea;true;ocean;0
8575;9;55;7;sea;true;ocean;0
8576;24;42;18;sea;false;ocean;0
8577;2;67;17;sea;false;ocean;0
8578;2;74;4;sea;true;ocean;0
8579;27;27;12;sea;true;ocean;0
8580;62;36;1;sea;false;ocean;0
8581;46;23;7;sea;true;ocean;0
8582;8;32;9;sea;true;ocean;0
8583;30;52;8;sea;false;ocean;0
8584;61;4;26;sea;false;ocean;0
8585;32;4;14;sea;false;ocean;0
8586;71;11;1;sea;true;ocean;0
8587;4;53;8;sea;false;ocean;0
8588;4;26;14;sea;true;ocean;0
8589;24;66;8;sea;false;ocean;0
8590;2;45;16;sea;true;ocean;0
8591;64;16;1;sea;true;ocean;0
8592;20;25;22;sea;false;ocean;0
8593;66;0;25;sea;false;ocean;0
8594;18;1;8;sea;false;ocean;0
8595;45;21;30;sea;true;ocean;0
8596;16;52;4;sea;true;ocean;0
8597;4;9;61;sea;true;ocean;0
8598;65;21;7;sea;false;ocean;0
8599;13;11;41;sea;false;ocean;0
8600;50;1;20;sea;false;ocean;0
8601;6;2;23;sea;false;ocean;0
8602;31;12;30;sea;false;ocean;0
8603;46;25;26;sea;true;ocean;0
8604;58;22;0;sea;true;ocean;0
8605;47;10;35;sea;true;ocean;0
8606;29;26;4;sea;true;ocean;0
8607;9;38;52;sea;true;ocean;0
8608;13;40;45;sea;false;ocean;0
8609;26;1;59;sea;true;ocean;0
8610;39;49;4;sea;false;ocean;0
8611;10;8;71;sea;false;ocean;0
8612;21;22;40;sea;false;ocean;0
8613;14;51;14;sea;true;ocean;0
8614;10;11;6;sea;true;ocean;0
8615;5;30;59;sea;true;ocean;0
8616;11;18;5;sea;true;ocean;0
8617;18;28;28;sea;true;ocean;0
8618;37;42;10;sea;false;ocean;0
8619;2;68;10;sea;true;ocean;0
8620;37;2;16;sea;false;ocean;0
8621;15;33;49;sea;false;ocean;0
8622;27;31;2;sea;false;ocean;0
8623;28;7;59;sea;true;ocean;0
8624;32;46;10;sea;true;ocean;0
8625;48;8;38;sea;true;ocean;0
8626;23;15;31;sea;true;ocean;0
8627;23;20;28;sea;false;ocean;0
8628;45;9;29;sea;true;ocean;0
8629;14;51;29;sea;true;ocean;0
8630;20;6;40;sea;true;ocean;0
8631;0;45;1;sea;true;ocean;0
8632;31;15;18;sea;true;ocean;0
8633;19;45;13;sea;true;ocean;0
8634;76;2;8;sea;true;ocean;0
8635;46;17;6;sea;true;ocean;0
8636;49;26;0;sea;true;ocean;0
8637;14;21;34;sea;false;ocean;0
8638;12;3;41;sea;false;ocean;0
8639;4;2;90;sea;true;ocean;0
8640;8;25;4;sea;false;ocean;0
8641;9;11;24;sea;true;ocean;0
8642;18;51;15;sea;false;ocean;0
8643;1;34;9;sea;false;ocean;0
8644;12;56;11;sea;false;ocean;0
8645;56;4;3;sea;false;ocean;0
8646;4;7;1;sea;false;ocean;0
8647;9;5;11;sea;true;ocean;0
8648;39;49;6;sea;true;ocean;0
8649;45;20;2;sea;false;ocean;0
8650;13;16;24;sea;false;ocean;0
8651;57;20;14;sea;false;ocean;0
8652;40;5;5;sea;false;ocean;0
8653;16;55;18;sea;false;ocean;0
8654;50;18;6;sea;true;ocean;0
8655;31;4;9;sea;true;ocean;0
8656;33;27;19;sea;false;ocean;0
8657;62;8;13;sea;true;ocean;0
8658;9;29;52;sea;false;ocean;0
8659;27;40;8;sea;true;ocean;0
8660;24;18;56;sea;true;ocean;0
8661;0;21;30;sea;true;ocean;0
8662;50;40;4;sea;false;ocean;0
8663;11;19;57;sea;true;ocean;0
8664;23;30;11;sea;false;ocean;0
8665;64;6;29;sea;true;ocean;0
8666;29;35;15;sea;false;ocean;0
8667;11;44;40;sea;false;ocean;0
8668;23;36;30;sea;false;ocean;0
8669;2;23;58;sea;true;ocean;0
8670;0;78;2;sea;false;ocean;0
8671;64;10;17;sea;false;ocean;0
8672;16;3;61;sea;true;ocean;0
8673;52;2;41;sea;true;ocean;0
8674;41;15;28;sea;true;ocean;0
8675;18;11;47;sea;false;ocean;0
8676;52;22;9;sea;true;ocean;0
8677;43;6;42;sea;true;ocean;0
8678;63;18;16;sea;true;ocean;0
8679;13;47;33;sea;false;ocean;0
8680;38;7;17;sea;true;ocean;0
8681;11;3;64;sea;false;ocean;0
8682;5;5;69;sea;true;ocean;0
8683;23;1;39;sea;false;ocean;0
8684;13;3;62;sea;true;ocean;0
8685;56;3;31;sea;false;ocean;0
8686;3;68;9;sea;true;ocean;0
8687;17;54;17;sea;true;ocean;0
8688;30;25;8;sea;true;ocean;0
8689;28;30;21;sea;false;ocean;0
8690;0;23;34;sea;false;ocean;0
8691;9;76;11;sea;true;ocean;0
8692;35;10;8;sea;true;ocean;0
8693;46;41;2;sea;true;ocean;0
8694;55;9;8;sea;false;ocean;0
8695;48;12;26;sea;false;ocean;0
8696;30;13;14;sea;true;ocean;0
8697;20;46;10;sea;true;ocean;0
8698;15;35;7;sea;false;ocean;0
8699;60;7;30;sea;false;ocean;0
8700;26;9;5;sea;false;ocean;0
8701;1;71;26;sea;true;ocean;0
8702;31;18;30;sea;true;ocean;0
8703;20;40;36;sea;false;ocean;0
8704;40;29;3;sea;false;ocean;0
8705;47;9;0;sea;false;ocean;0
8706;84;6;7;sea;false;ocean;0
8707;1;47;34;sea;false;ocean;0
8708;17;14;14;sea;false;ocean;0
8709;6;82;5;sea;false;ocean;0
8710;0;13;68;sea;true;ocean;0
8711;36;13;2;sea;true;ocean;0
8712;8;5;44;sea;true;ocean;0
8713;37;0;58;sea;true;ocean;0
8714;16;35;38;sea;false;ocean;0
8715;47;15;27;sea;true;ocean;0
8716;2;33;11;sea;true;ocean;0
8717;17;22;48;sea;false;ocean;0
8718;31;31;16;sea;false;ocean;0
8719;13;38;5;sea;true;ocean;0
8720;5;34;28;sea;false;ocean;0
8721;1;68;28;sea;false;ocean;0
8722;49;27;6;sea;true;ocean;0
8723;28;48;2;sea;true;ocean;0
8724;21;55;20;sea;true;ocean;0
8725;43;20;14;sea;false;ocean;0
8726;51;22;1;sea;false;ocean;0
8727;56;0;37;sea;false;ocean;0
8728;29;1;32;sea;false;ocean;0
8729;2;19;66;sea;true;ocean;0
8730;22;34;34;sea;false;ocean;0
8731;13;7;22;sea;true;ocean;0
8732;20;41;21;sea;false;ocean;0
8733;8;42;44;sea;false;ocean;0
8734;18;26;28;sea;false;ocean;0
8735;18;52;22;sea;true;ocean;0
8736;23;27;38;sea;false;ocean;0
8737;28;29;11;sea;true;ocean;0
8738;3;45;22;sea;false;ocean;0
8739;1;27;23;sea;false;ocean;0
8740;1;66;2;sea;false;ocean;0
8741;0;6;43;sea;true;ocean;0
8742;52;30;8;sea;false;ocean;0
8743;3;26;6;sea;false;ocean;0
8744;2;66;12;sea;true;ocean;0
8745;47;13;13;sea;false;ocean;0
8746;5;46;43;sea;false;ocean;0
8747;5;15;18;sea;true;ocean;0
8748;3;57;0;sea;true;ocean;0
8749;35;17;37;sea;false;ocean;0
8750;26;6;11;sea;true;ocean;0
8751;17;13;39;sea;false;ocean;0
8752;32;13;30;sea;false;ocean;0
8753;30;14;6;sea;true;ocean;0
8754;73;13;11;sea;true;ocean;0
8755;19;34;11;sea;false;ocean;0
8756;31;28;39;sea;false;ocean;0
8757;13;43;30;sea;false;ocean;0
8758;43;25;14;sea;false;ocean;0
8759;23;4;55;sea;true;ocean;0
8760;45;22;16;sea;false;ocean;0
8761;39;11;19;sea;true;ocean;0
8762;50;17;13;sea;false;ocean;0
8763;0;34;7;sea;true;ocean;0
8764;10;3;36;sea;true;ocean;0
8765;41;18;5;sea;false;ocean;0
8766;70;13;1;sea;true;ocean;0
8767;39;6;1;sea;true;ocean;0
8768;9;38;30;sea;false;ocean;0
8769;33;3;14;sea;false;ocean;0
8770;18;59;15;sea;false;ocean;0
8771;1;28;50;sea;true;ocean;0
8772;72;6;2;sea;true;ocean;0
8773;1;11;16;sea;true;ocean;0
8774;22;41;2;sea;false;ocean;0
8775;31;10;24;sea;false;ocean;0
8776;38;11;33;sea;true;ocean;0
8777;5;45;18;sea;true;ocean;0
8778;40;21;25;sea;true;ocean;0
8779;0;21;40;sea;false;ocean;0
8780;9;54;36;sea;true;ocean;0
8781;5;8;78;sea;false;ocean;0
8782;33;5;31;sea;true;ocean;0
8783;12;41;29;sea;true;ocean;0
8784;10;19;13;sea;false;ocean;0
8785;10;29;44;sea;true;ocean;0
8786;55;7;4;sea;false;ocean;0
8787;14;11;48;sea;true;ocean;0
8788;31;1;13;sea;true;ocean;0
8789;23;4;14;sea;true;ocean;0
8790;42;22;0;sea;true;ocean;0
8791;3;30;6;sea;false;ocean;0
8792;0;41;4;sea;true;ocean;0
8793;26;22;0;sea;false;ocean;0
8794;23;35;16;sea;true;ocean;0
8795;18;20;28;sea;true;ocean;0
8796;11;3;17;sea;false;ocean;0
8797;25;51;3;sea;true;ocean;0
8798;2;35;45;sea;true;ocean;0
8799;45;1;12;sea;true;ocean;0
8800;23;3;26;sea;true;ocean;0
8801;1;64;29;sea;true;ocean;0
8802;60;1;6;sea;true;ocean;0
8803;29;40;13;sea;false;ocean;0
8804;23;59;10;sea;true;ocean;0
8805;17;79;0;sea;false;ocean;0
8806;37;17;43;sea;false;ocean;0
8807;1;18;49;sea;true;ocean;0
8808;4;66;13;sea;true;ocean;0
8809;36;15;20;sea;true;ocean;0
8810;20;14;41;sea;false;ocean;0
8811;14;46;10;sea;false;ocean;0
8812;8;9;51;sea;false;ocean;0
8813;52;12;26;sea;true;ocean;0
8814;8;31;23;sea;true;ocean;0
8815;11;15;40;sea;true;ocean;0
8816;4;25;30;sea;true;ocean;0
8817;49;2;24;sea;true;ocean;0
8818;39;25;15;sea;true;ocean;0
8819;52;14;6;sea;false;ocean;0
8820;35;20;20;sea;false;ocean;0
8821;24;3;55;sea;false;ocean;0
8822;13;21;14;sea;true;ocean;0
8823;39;1;51;sea;false;ocean;0
8824;22;1;0;sea;true;ocean;0
8825;17;55;21;sea;true;ocean;0
8826;44;3;0;sea;false;ocean;0
8827;2;42;23;sea;true;ocean;0
8828;11;15;66;sea;false;ocean;0
8829;32;43;15;sea;false;ocean;0
8830;64;22;3;sea;true;ocean;0
8831;60;6;11;sea;true;ocean;0
8832;16;19;57;sea;true;ocean;0
8833;16;25;38;sea;true;ocean;0
8834;26;54;15;sea;false;ocean;0
8835;0;68;25;sea;true;ocean;0
8836;20;27;12;sea;true;ocean;0
8837;11;14;49;sea;true;ocean;0
8838;40;5;22;sea;false;ocean;0
8839;20;71;4;sea;true;ocean;0
8840;2;34;2;sea;false;ocean;0
8841;1;72;1;sea;false;ocean;0
8842;43;20;3;sea;true;ocean;0
8843;21;15;54;sea;true;ocean;0
8844;57;27;3;sea;true;ocean;0
8845;48;8;22;sea;true;ocean;0
8846;27;17;54;sea;true;ocean;0
8847;11;62;15;sea;true;ocean;0
8848;7;10;34;sea;false;ocean;0
8849;15;39;31;sea;false;ocean;0
8850;23;12;49;sea;true;ocean;0
8851;43;17;21;sea;false;ocean;0
8852;8;6;14;sea;false;ocean;0
8853;0;40;30;sea;true;ocean;0
8854;5;37;54;sea;true;ocean;0
8855;18;51;19;sea;true;ocean;0
8856;7;47;28;sea;true;ocean;0
8857;41;21;37;sea;true;ocean;0
8858;32;9;35;sea;true;ocean;0
8859;72;2;18;sea;true;ocean;0
8860;47;39;3;sea;false;ocean;0
8861;87;6;4;sea;false;ocean;0
8862;52;10;4;sea;true;ocean;0
8863;50;39;4;sea;true;ocean;0
8864;30;21;39;sea;true;ocean;0
8865;44;13;10;sea;true;ocean;0
8866;19;14;44;sea;true;ocean;0
8867;41;55;2;sea;true;ocean;0
8868;17;60;19;sea;true;ocean;0
8869;22;4;67;sea;false;ocean;0
8870;6;77;4;sea;false;ocean;0
8871;18;13;18;sea;true;ocean;0
8872;36;14;5;sea;false;ocean;0
8873;3;4;30;sea;true;ocean;0
8874;34;3;21;sea;true;ocean;0
8875;9;77;6;sea;false;ocean;0
8876;24;25;28;sea;true;ocean;0
8877;16;6;50;sea;false;ocean;0
8878;19;1;35;sea;true;ocean;0
8879;50;43;1;sea;false;ocean;0
8880;16;17;30;sea;false;ocean;0
8881;11;7;31;sea;true;ocean;0
8882;26;36;3;sea;true;ocean;0
8883;57;6;22;sea;false;ocean;0
8884;42;17;38;sea;true;ocean;0
8885;41;10;3;sea;false;ocean;0
8886;13;71;9;sea;false;ocean;0
8887;48;36;3;sea;false;ocean;0
8888;18;11;34;sea;true;ocean;0
8889;4;35;35;sea;true;ocean;0
8890;27;17;26;sea;true;ocean;0
8891;29;41;2;sea;false;ocean;0
8892;33;32;14;sea;true;ocean;0
8893;12;15;56;sea;false;ocean;0
8894;12;3;10;sea;false;ocean;0
8895;4;43;50;sea;true;ocean;0
8896;26;13;41;sea;false;ocean;0
8897;5;43;28;sea;true;ocean;0
8898;34;36;19;sea;false;ocean;0
8899;18;9;13;sea;false;ocean;0
8900;24;46;18;sea;true;ocean;0
8901;19;48;2;sea;true;ocean;0
8902;44;15;34;sea;true;ocean;0
8903;3;2;10;sea;true;ocean;0
8904;29;58;2;sea;false;ocean;0
8905;44;13;20;sea;true;ocean;0
8906;16;35;45;sea;false;ocean;0
8907;40;5;24;sea;true;ocean;0
8908;10;25;26;sea;true;ocean;0
8909;39;13;37;sea;false;ocean;0
8910;1;4;66;sea;true;ocean;0
8911;45;22;30;sea;false;ocean;0
8912;18;64;4;sea;true;ocean;0
8913;47;13;24;sea;true;ocean;0
8914;2;4;16;sea;false;ocean;0
8915;3;44;23;sea;true;ocean;0
8916;13;69;1;sea;true;ocean;0
8917;9;26;30;sea;true;ocean;0
8918;1;36;16;sea;false;ocean;0
8919;46;16;26;sea;true;ocean;0
8920;68;20;0;sea;true;ocean;0
8921;24;13;62;sea;true;ocean;0
8922;4;17;37;sea;true;ocean;0
8923;22;58;3;sea;false;ocean;0
8924;14;3;44;sea;false;ocean;0
8925;56;3;21;sea;true;ocean;0
8926;10;73;5;sea;false;ocean;0
8927;27;0;40;sea;true;ocean;0
8928;17;10;44;sea;false;ocean;0
8929;37;39;12;sea;true;ocean;0
8930;16;26;49;sea;true;ocean;0
8931;2;46;47;sea;true;ocean;0
8932;20;60;19;sea;true;ocean;0
8933;35;52;8;sea;true;ocean;0
8934;3;63;2;sea;true;ocean;0
8935;5;27;29;sea;false;ocean;0
8936;61;19;10;sea;true;ocean;0
8937;8;64;23;sea;true;ocean;0
8938;2;18;76;sea;true;ocean;0
8939;4;78;7;sea;true;ocean;0
8940;35;47;8;sea;false;ocean;0
8941;22;6;26;sea;false;ocean;0
8942;24;23;24;sea;true;ocean;0
8943;45;18;17;sea;false;ocean;0
8944;35;35;9;sea;false;ocean;0
8945;23;44;6;sea;true;ocean;0
8946;59;7;29;sea;true;ocean;0
8947;42;2;0;sea;true;ocean;0
8948;6;1;3;sea;true;ocean;0
8949;37;7;43;sea;true;ocean;0
8950;7;62;28;sea;true;ocean;0
8951;20;1;63;sea;false;ocean;0
8952;63;7;23;sea;true;ocean;0
8953;9;80;7;sea;true;ocean;0
8954;84;10;5;sea;false;ocean;0
8955;39;17;7;sea;true;ocean;0
8956;20;2;55;sea;true;ocean;0
8957;42;11;43;sea;false;ocean;0
8958;8;3;48;sea;false;ocean;0
8959;34;41;5;sea;false;ocean;0
8960;9;3;40;sea;false;ocean;0
8961;66;0;29;sea;false;ocean;0
8962;32;35;14;sea;false;ocean;0
8963;31;34;14;sea;false;ocean;0
8964;53;4;41;sea;true;ocean;0
8965;27;11;17;sea;true;ocean;0
8966;25;51;8;sea;false;ocean;0
8967;18;65;2;sea;true;ocean;0
8968;21;64;9;sea;true;ocean;0
8969;26;17;8;sea;true;ocean;0
8970;17;37;36;sea;true;ocean;0
8971;30;51;9;sea;false;ocean;0
8972;21;65;8;sea;false;ocean;0
8973;14;6;75;sea;true;ocean;0
8974;56;0;32;sea;true;ocean;0
8975;10;2;48;sea;false;ocean;0
8976;16;31;45;sea;true;ocean;0
8977;4;40;39;sea;true;ocean;0
8978;0;20;31;sea;true;ocean;0
8979;15;17;60;sea;true;ocean;0
8980;55;25;12;sea;false;ocean;0
8981;17;21;19;sea;true;ocean;0
8982;24;12;29;sea;false;ocean;0
8983;0;52;42;sea;true;ocean;0
8984;55;11;20;sea;false;ocean;0
8985;13;31;31;sea;false;ocean;0
8986;50;27;21;sea;true;ocean;0
8987;9;65;19;sea;true;ocean;0
8988;50;17;25;sea;true;ocean;0
8989;0;66;12;sea;false;ocean;0
8990;17;17;57;sea;true;ocean;0
8991;33;22;24;sea;false;ocean;0
8992;53;4;1;sea;false;ocean;0
8993;22;73;1;sea;true;ocean;0
8994;4;65;22;sea;false;ocean;0
8995;53;10;32;sea;false;ocean;0
8996;4;39;43;sea;false;ocean;0
8997;4;9;72;sea;false;ocean;0
8998;16;26;0;sea;true;ocean;0
8999;16;18;36;sea;false;ocean;0
9000;16;20;44;sea;false;ocean;0
9001;3;39;50;sea;false;ocean;0
9002;41;51;1;sea;false;ocean;0
9003;48;5;41;sea;false;ocean;0
9004;34;24;0;sea;false;ocean;0
9005;55;24;20;sea;true;ocean;0
9006;22;54;11;sea;false;ocean;0
9007;26;5;14;sea;true;ocean;0
9008;30;39;10;sea;false;ocean;0
9009;44;29;6;sea;false;ocean;0
9010;18;26;16;sea;false;ocean;0
9011;32;16;11;sea;true;ocean;0
9012;65;5;4;sea;true;ocean;0
9013;52;13;25;sea;false;ocean;0
9014;7;78;3;sea;true;ocean;0
9015;17;73;3;sea;true;ocean;0
9016;51;3;15;sea;true;ocean;0
9017;1;15;16;sea;false;ocean;0
9018;4;45;48;sea;true;ocean;0
9019;7;3;85;sea;false;ocean;0
9020;11;34;54;sea;true;ocean;0
9021;29;25;29;sea;false;ocean;0
9022;25;50;14;sea;false;ocean;0
9023;13;4;8;sea;false;ocean;0
9024;26;13;36;sea;true;ocean;0
9025;1;78;3;sea;true;ocean;0
9026;27;44;16;sea;false;ocean;0
9027;28;14;17;sea;false;ocean;0
9028;2;48;32;sea;false;ocean;0
9029;34;57;2;sea;false;ocean;0
9030;18;1;75;sea;false;ocean;0
9031;49;13;15;sea;true;ocean;0
9032;19;19;35;sea;false;ocean;0
9033;10;2;56;sea;true;ocean;0
9034;53;27;5;sea;false;ocean;0
9035;43;8;34;sea;false;ocean;0
9036;39;46;2;sea;true;ocean;0
9037;5;29;24;sea;true;ocean;0
9038;11;14;48;sea;true;ocean;0
9039;5;49;38;sea;true;ocean;0
9040;35;27;0;sea;true;ocean;0
9041;43;7;29;sea;true;ocean;0
9042;2;34;15;sea;true;ocean;0
9043;7;49;21;sea;true;ocean;0
9044;9;0;71;sea;false;ocean;0
9045;40;26;6;sea;false;ocean;0
9046;79;12;3;sea;true;ocean;0
9047;31;2;15;sea;true;ocean;0
9048;39;3;41;sea;true;ocean;0
9049;10;13;69;sea;false;ocean;0
9050;38;23;18;sea;true;ocean;0
9051;29;13;57;sea;true;ocean;0
9052;13;30;49;sea;true;ocean;0
9053;5;35;11;sea;true;ocean;0
9054;32;39;22;sea;false;ocean;0
9055;44;54;1;sea;false;ocean;0
9056;81;10;7;sea;false;ocean;0
9057;84;8;6;sea;false;ocean;0
9058;34;18;3;sea;true;ocean;0
9059;8;63;6;sea;true;ocean;0
9060;56;1;38;sea;true;ocean;0
9061;32;24;22;sea;true;ocean;0
9062;11;0;14;sea;true;ocean;0
9063;45;26;8;sea;true;ocean;0
9064;21;1;42;sea;false;ocean;0
9065;44;17;4;sea;false;ocean;0
9066;7;37;55;sea;false;ocean;0
9067;34;36;28;sea;false;ocean;0
9068;27;39;8;sea;true;ocean;0
9069;52;16;16;sea;true;ocean;0
9070;1;6;74;sea;false;ocean;0
9071;80;11;0;sea;true;ocean;0
9072;53;13;20;sea;true;ocean;0
9073;2;52;35;sea;true;ocean;0
9074;16;11;30;sea;false;ocean;0
9075;21;3;71;sea;true;ocean;0
9076;32;19;40;sea;true;ocean;0
9077;4;43;45;sea;false;ocean;0
9078;62;13;5;sea;true;ocean;0
9079;24;55;12;sea;true;ocean;0
9080;15;11;12;sea;false;ocean;0
9081;6;8;29;sea;true;ocean;0
9082;8;20;48;sea;false;ocean;0
9083;4;54;41;sea;true;ocean;0
9084;0;34;40;sea;true;ocean;0
9085;29;29;37;sea;true;ocean;0
9086;11;10;11;sea;true;ocean;0
9087;19;33;47;sea;false;ocean;0
9088;7;37;15;sea;false;ocean;0
9089;45;28;18;sea;true;ocean;0
9090;28;23;32;sea;true;ocean;0
9091;2;7;62;sea;true;ocean;0
9092;22;10;1;sea;true;ocean;0
9093;10;3;61;sea;true;ocean;0
9094;0;31;40;sea;false;ocean;0
9095;21;27;9;sea;true;ocean;0
9096;21;19;6;sea;true;ocean;0
9097;10;19;31;sea;true;ocean;0
9098;13;44;31;sea;true;ocean;0
9099;4;2;73;sea;true;ocean;0
9100;39;7;46;sea;false;ocean;0
9101;12;61;15;sea;true;ocean;0
9102;41;11;6;sea;true;ocean;0
9103;15;39;43;sea;false;ocean;0
9104;25;28;29;sea;false;ocean;0
9105;66;6;1;sea;true;ocean;0
9106;27;13;41;sea;true;ocean;0
9107;20;3;28;sea;false;ocean;0
9108;36;30;6;sea;true;ocean;0
9109;0;10;75;sea;false;ocean;0
9110;24;30;34;sea;false;ocean;0
9111;10;39;1;sea;false;ocean;0
9112;13;64;2;sea;false;ocean;0
9113;11;4;20;sea;true;ocean;0
9114;0;68;16;sea;true;ocean;0
9115;33;4;6;sea;false;ocean;0
9116;73;4;0;sea;false;ocean;0
9117;32;12;50;sea;true;ocean;0
9118;28;9;6;sea;false;ocean;0
9119;7;12;33;sea;false;ocean;0
9120;23;27;25;sea;true;ocean;0
9121;7;29;26;sea;true;ocean;0
9122;45;40;0;sea;false;ocean;0
9123;47;47;4;sea;true;ocean;0
9124;64;20;0;sea;true;ocean;0
9125;5;18;28;sea;false;ocean;0
9126;56;23;16;sea;true;ocean;0
9127;31;1;34;sea;false;ocean;0
9128;7;62;29;sea;false;ocean;0
9129;33;3;22;sea;true;ocean;0
9130;28;19;42;sea;false;ocean;0
9131;7;14;78;sea;true;ocean;0
9132;44;36;5;sea;false;ocean;0
9133;16;34;8;sea;true;ocean;0
9134;36;51;8;sea;true;ocean;0
9135;50;26;17;sea;false;ocean;0
9136;14;47;21;sea;true;ocean;0
9137;34;16;7;sea;true;ocean;0
9138;43;21;11;sea;true;ocean;0
9139;42;0;13;sea;false;ocean;0
9140;57;20;22;sea;false;ocean;0
9141;78;0;15;sea;false;ocean;0
9142;8;44;0;sea;true;ocean;0
9143;30;9;57;sea;false;ocean;0
9144;61;15;1;sea;true;ocean;0
9145;18;27;22;sea;true;ocean;0
9146;32;28;28;sea;true;ocean;0
9147;46;5;33;sea;false;ocean;0
9148;59;22;6;sea;true;ocean;0
9149;18;4;51;sea;true;ocean;0
9150;20;3;0;sea;true;ocean;0
9151;16;50;13;sea;true;ocean;0
9152;23;60;7;sea;true;ocean;0
9153;4;55;28;sea;false;ocean;0
9154;16;18;26;sea;false;ocean;0
9155;38;2;52;sea;true;ocean;0
9156;2;40;27;sea;true;ocean;0
9157;0;7;4;sea;false;ocean;0
9158;22;2;19;sea;false;ocean;0
9159;70;13;14;sea;false;ocean;0
9160;34;0;65;sea;false;ocean;0
9161;7;52;39;sea;false;ocean;0
9162;40;27;29;sea;false;ocean;0
9163;11;10;8;sea;true;ocean;0
9164;0;5;54;sea;false;ocean;0
9165;16;41;33;sea;false;ocean;0
9166;43;9;12;sea;true;ocean;0
9167;24;14;56;sea;false;ocean;0
9168;32;54;10;sea;false;ocean;0
9169;64;13;8;sea;false;ocean;0
9170;0;12;21;sea;false;ocean;0
9171;41;6;36;sea;true;ocean;0
9172;33;57;2;sea;false;ocean;0
9173;2;17;30;sea;true;ocean;0
9174;24;9;13;sea;false;ocean;0
9175;21;5;69;sea;false;ocean;0
9176;24;2;21;sea;true;ocean;0
9177;16;11;23;sea;true;ocean;0
9178;26;31;14;sea;false;ocean;0
9179;22;39;22;sea;true;ocean;0
9180;50;32;1;sea;true;ocean;0
9181;9;5;37;sea;false;ocean;0
9182;4;68;20;sea;false;ocean;0
9183;43;31;11;sea;false;ocean;0
9184;5;16;62;sea;false;ocean;0
9185;53;27;9;sea;true;ocean;0
9186;16;34;45;sea;true;ocean;0
9187;26;34;12;sea;true;ocean;0
9188;19;6;28;sea;true;ocean;0
9189;48;5;10;sea;true;ocean;0
9190;4;15;20;sea;true;ocean;0
9191;4;50;18;sea;false;ocean;0
9192;39;39;20;sea;true;ocean;0
9193;37;36;13;sea;false;ocean;0
9194;23;16;3;sea;false;ocean;0
9195;8;22;43;sea;false;ocean;0
9196;4;22;60;sea;true;ocean;0
9197;23;18;6;sea;false;ocean;0
9198;55;10;7;sea;true;ocean;0
9199;9;5;61;sea;true;ocean;0
9200;21;30;46;sea;false;ocean;0
9201;15;5;63;sea;true;ocean;0
9202;10;28;15;sea;false;ocean;0
9203;6;85;1;sea;true;ocean;0
9204;63;21;10;sea;true;ocean;0
9205;40;21;13;sea;true;ocean;0
9206;19;6;21;sea;false;ocean;0
9207;59;36;2;sea;true;ocean;0
9208;8;29;24;sea;false;ocean;0
9209;7;6;34;sea;true;ocean;0
9210;61;15;5;sea;false;ocean;0
9211;33;7;6;sea;false;ocean;0
9212;10;16;34;sea;true;ocean;0
9213;44;36;3;sea;true;ocean;0
9214;9;29;12;sea;true;ocean;0
9215;32;6;29;sea;true;ocean;0
9216;42;38;19;sea;false;ocean;0
9217;23;2;12;sea;false;ocean;0
9218;44;32;12;sea;true;ocean;0
9219;12;0;68;sea;false;ocean;0
9220;19;42;25;sea;true;ocean;0
9221;42;12;41;sea;true;ocean;0
9222;16;61;17;sea;true;ocean;0
9223;72;24;2;sea;true;ocean;0
9224;27;3;66;sea;true;ocean;0
9225;26;1;14;sea;false;ocean;0
9226;2;77;4;sea;false;ocean;0
9227;36;43;20;sea;true;ocean;0
9228;30;16;28;sea;true;ocean;0
9229;26;29;9;sea;false;ocean;0
9230;0;27;0;sea;true;ocean;0
9231;42;31;16;sea;true;ocean;0
9232;51;33;5;sea;true;ocean;0
9233;28;44;26;sea;false;ocean;0
9234;53;21;24;sea;true;ocean;0
9235;9;58;30;sea;true;ocean;0
9236;53;16;19;sea;true;ocean;0
9237;27;21;13;sea;false;ocean;0
9238;22;48;25;sea;false;ocean;0
9239;57;34;7;sea;false;ocean;0
9240;16;64;6;sea;false;ocean;0
9241;1;14;13;sea;false;ocean;0
9242;27;41;21;sea;true;ocean;0
9243;30;21;29;sea;true;ocean;0
9244;24;11;22;sea;false;ocean;0
9245;21;10;55;sea;true;ocean;0
9246;29;11;11;sea;false;ocean;0
9247;12;3;54;sea;true;ocean;0
9248;4;6;35;sea;false;ocean;0
9249;4;10;74;sea;true;ocean;0
9250;3;11;48;sea;true;ocean;0
9251;38;28;23;sea;true;ocean;0
9252;52;4;1;sea;true;ocean;0
9253;4;62;26;sea;true;ocean;0
9254;32;2;36;sea;true;ocean;0
9255;24;10;12;sea;false;ocean;0
9256;1;65;32;sea;true;ocean;0
9257;11;46;13;sea;false;ocean;0
9258;46;9;32;sea;true;ocean;0
9259;11;11;68;sea;true;ocean;0
9260;1;8;32;sea;false;ocean;0
9261;12;19;58;sea;true;ocean;0
9262;12;27;19;sea;true;ocean;0
9263;54;7;0;sea;true;ocean;0
9264;94;1;3;sea;false;ocean;0
9265;7;13;72;sea;false;ocean;0
9266;34;11;40;sea;true;ocean;0
9267;7;20;42;sea;true;ocean;0
9268;12;22;27;sea;true;ocean;0
9269;1;22;50;sea;true;ocean;0
9270;17;66;6;sea;false;ocean;0
9271;46;27;20;sea;true;ocean;0
9272;24;8;34;sea;true;ocean;0
9273;10;61;13;sea;true;ocean;0
9274;35;9;13;sea;true;ocean;0
9275;17;50;12;sea;true;ocean;0
9276;46;12;15;sea;false;ocean;0
9277;39;4;15;sea;true;ocean;0
9278;7;18;58;sea;true;ocean;0
9279;2;61;12;sea;true;ocean;0
9280;27;29;26;sea;true;ocean;0
9281;50;6;13;sea;false;ocean;0
9282;11;17;19;sea;false;ocean;0
9283;32;18;47;sea;true;ocean;0
9284;21;70;3;sea;true;ocean;0
9285;17;42;1;sea;true;ocean;0
9286;22;28;40;sea;true;ocean;0
9287;61;23;13;sea;true;ocean;0
9288;2;49;10;sea;false;ocean;0
9289;23;39;8;sea;true;ocean;0
9290;26;34;32;sea;false;ocean;0
9291;45;10;29;sea;true;ocean;0
9292;71;1;6;sea;true;ocean;0
9293;5;6;5;sea;false;ocean;0
9294;6;38;6;sea;true;ocean;0
9295;10;46;10;sea;false;ocean;0
9296;30;5;47;sea;true;ocean;0
9297;29;56;12;sea;true;ocean;0
9298;11;9;52;sea;false;ocean;0
9299;1;60;19;sea;true;ocean;0
9300;45;8;44;sea;true;ocean;0
9301;32;65;1;sea;true;ocean;0
9302;15;10;49;sea;false;ocean;0
9303;41;5;6;sea;false;ocean;0
9304;31;29;0;sea;false;ocean;0
9305;54;5;32;sea;false;ocean;0
9306;3;16;44;sea;false;ocean;0
9307;31;5;63;sea;false;ocean;0
9308;14;44;35;sea;true;ocean;0
9309;46;10;7;sea;true;ocean;0
9310;20;12;9;sea;true;ocean;0
9311;51;20;5;sea;true;ocean;0
9312;14;40;32;sea;true;ocean;0
9313;12;37;47;sea;true;ocean;0
9314;36;24;34;sea;false;ocean;0
9315;13;9;32;sea;false;ocean;0
9316;14;6;50;sea;true;ocean;0
9317;15;17;21;sea;true;ocean;0
9318;6;13;0;sea;true;ocean;0
9319;0;32;22;sea;true;ocean;0
9320;17;27;33;sea;true;ocean;0
9321;69;1;0;sea;true;ocean;0
9322;6;5;75;sea;true;ocean;0
9323;8;20;20;sea;false;ocean;0
9324;42;13;15;sea;true;ocean;0
9325;9;3;86;sea;true;ocean;0
9326;32;31;32;sea;false;ocean;0
9327;11;18;17;sea;true;ocean;0
9328;9;17;50;sea;true;ocean;0
9329;60;10;3;sea;true;ocean;0
9330;32;1;63;sea;false;ocean;0
9331;35;55;6;sea;true;ocean;0
9332;32;10;18;sea;false;ocean;0
9333;16;11;19;sea;true;ocean;0
9334;0;50;43;sea;false;ocean;0
9335;27;50;1;sea;true;ocean;0
9336;0;30;17;sea;true;ocean;0
9337;42;35;0;sea;false;ocean;0
9338;19;22;11;sea;false;ocean;0
9339;2;10;16;sea;false;ocean;0
9340;9;21;42;sea;true;ocean;0
9341;11;20;29;sea;false;ocean;0
9342;52;5;5;sea;true;ocean;0
9343;3;37;56;sea;true;ocean;0
9344;6;6;8;sea;true;ocean;0
9345;74;1;16;sea;true;ocean;0
9346;48;10;11;sea;true;ocean;0
9347;13;23;43;sea;false;ocean;0
9348;26;4;21;sea;false;ocean;0
9349;4;43;44;sea;false;ocean;0
9350;22;5;22;sea;true;ocean;0
9351;12;2;75;sea;true;ocean;0
9352;5;49;35;sea;true;ocean;0
9353;7;41;32;sea;true;ocean;0
9354;16;6;9;sea;false;ocean;0
9355;15;27;14;sea;false;ocean;0
9356;95;2;2;sea;false;ocean;0
9357;23;19;47;sea;false;ocean;0
9358;26;23;6;sea;true;ocean;0
9359;31;1;49;sea;true;ocean;0
9360;39;3;1;sea;false;ocean;0
9361;0;89;0;sea;false;ocean;0
9362;41;22;32;sea;false;ocean;0
9363;7;27;44;sea;true;ocean;0
9364;1;87;1;sea;true;ocean;0
9365;10;15;16;sea;true;ocean;0
9366;51;15;32;sea;true;ocean;0
9367;51;8;38;sea;true;ocean;0
9368;18;28;29;sea;true;ocean;0
9369;8;5;51;sea;false;ocean;0
9370;16;41;18;sea;true;ocean;0
9371;1;36;45;sea;false;ocean;0
9372;32;27;19;sea;true;ocean;0
9373;26;6;59;sea;true;ocean;0
9374;15;26;26;sea;true;ocean;0
9375;63;2;18;sea;true;ocean;0
9376;24;52;2;sea;true;ocean;0
9377;26;30;17;sea;true;ocean;0
9378;25;5;5;sea;true;ocean;0
9379;32;3;60;sea;true;ocean;0
9380;31;24;21;sea;false;ocean;0
9381;13;25;1;sea;true;ocean;0
9382;64;1;33;sea;true;ocean;0
9383;11;52;27;sea;true;ocean;0
9384;10;37;38;sea;true;ocean;0
9385;47;16;8;sea;true;ocean;0
9386;6;36;29;sea;true;ocean;0
9387;4;11;48;sea;false;ocean;0
9388;43;30;2;sea;false;ocean;0
9389;65;4;22;sea;false;ocean;0
9390;27;10;23;sea;true;ocean;0
9391;32;53;11;sea;true;ocean;0
9392;17;9;26;sea;false;ocean;0
9393;11;30;41;sea;true;ocean;0
9394;8;13;78;sea;true;ocean;0
9395;8;0;29;sea;true;ocean;0
9396;8;36;38;sea;true;ocean;0
9397;77;5;3;sea;false;ocean;0
9398;23;20;54;sea;true;ocean;0
9399;34;20;10;sea;true;ocean;0
9400;15;24;3;sea;true;ocean;0
9401;20;52;5;sea;true;ocean;0
9402;34;46;9;sea;true;ocean;0
9403;2;13;79;sea;true;ocean;0
9404;35;49;9;sea;true;ocean;0
9405;20;16;9;sea;false;ocean;0
9406;11;11;41;sea;false;ocean;0
9407;31;3;35;sea;true;ocean;0
9408;22;33;37;sea;true;ocean;0
9409;77;9;9;sea;true;ocean;0
9410;27;3;19;sea;true;ocean;0
9411;17;35;28;sea;true;ocean;0
9412;28;23;29;sea;false;ocean;0
9413;6;35;35;sea;false;ocean;0
9414;15;14;3;sea;true;ocean;0
9415;2;9;46;sea;true;ocean;0
9416;8;22;41;sea;true;ocean;0
9417;4;61;7;sea;false;ocean;0
9418;11;29;20;sea;false;ocean;0
9419;2;14;14;sea;true;ocean;0
9420;7;11;1;sea;true;ocean;0
9421;32;9;19;sea;true;ocean;0
9422;49;21;5;sea;false;ocean;0
9423;28;31;26;sea;true;ocean;0
9424;3;9;87;sea;true;ocean;0
9425;7;56;16;sea;true;ocean;0
9426;41;41;9;sea;true;ocean;0
9427;2;67;16;sea;false;ocean;0
9428;31;39;0;sea;false;ocean;0
9429;0;11;70;sea;true;ocean;0
9430;24;8;12;sea;false;ocean;0
9431;60;11;15;sea;true;ocean;0
9432;7;49;19;sea;true;ocean;0
9433;41;46;0;sea;false;ocean;0
9434;18;40;35;sea;false;ocean;0
9435;23;6;35;sea;true;ocean;0
9436;66;2;23;sea;false;ocean;0
9437;6;74;9;sea;false;ocean;0
9438;32;1;35;sea;false;ocean;0
9439;43;21;23;sea;false;ocean;0
9440;3;26;42;sea;false;ocean;0
9441;30;0;34;sea;true;ocean;0
9442;65;0;28;sea;false;ocean;0
9443;36;45;18;sea;false;ocean;0
9444;41;17;19;sea;false;ocean;0
9445;63;16;1;sea;false;ocean;0
9446;9;75;5;sea;true;ocean;0
9447;32;26;35;sea;false;ocean;0
9448;18;48;2;sea;false;ocean;0
9449;5;14;13;sea;false;ocean;0
9450;6;61;10;sea;false;ocean;0
9451;47;0;43;sea;false;ocean;0
9452;17;25;32;sea;false;ocean;0
9453;75;1;5;sea;false;ocean;0
9454;0;48;16;sea;false;ocean;0
9455;0;22;54;sea;false;ocean;0
9456;0;7;66;sea;true;ocean;0
9457;21;44;6;sea;true;ocean;0
9458;6;27;49;sea;false;ocean;0
9459;52;9;34;sea;false;ocean;0
9460;22;18;42;sea;false;ocean;0
9461;6;14;22;sea;false;ocean;0
9462;17;33;28;sea;false;ocean;0
9463;42;35;22;sea;false;ocean;0
9464;23;53;1;sea;false;ocean;0
9465;21;9;40;sea;false;ocean;0
9466;59;0;18;sea;false;ocean;0
9467;15;25;25;sea;false;ocean;0
9468;25;23;62;lake;false;lakes;0
9469;33;66;23;lake;false;lakes;0
9470;58;24;31;lake;false;lakes;0
9471;61;2;78;lake;false;lakes;0
9472;33;59;53;lake;false;lakes;0
9473;31;2;75;lake;false;lakes;0
9474;13;47;58;lake;false;lakes;0
9475;0;89;56;lake;false;lakes;0
9476;22;42;80;lake;false;lakes;0
9477;35;30;37;lake;false;lakes;0
9478;19;37;88;lake;false;lakes;0
9479;74;35;21;lake;false;lakes;0
9480;84;3;26;lake;false;lakes;0
9481;69;37;27;lake;false;lakes;0
9482;22;85;12;lake;false;lakes;0
9483;100;20;28;lake;false;lakes;0
9484;43;23;75;lake;false;lakes;0
9485;22;118;4;lake;false;lakes;0
9486;102;1;27;lake;false;lakes;0
9487;25;61;62;lake;false;lakes;0
9488;18;22;101;lake;false;lakes;0
9489;71;11;47;lake;false;lakes;0
9490;43;51;42;lake;false;lakes;0
9491;36;101;8;lake;false;lakes;0
9492;8;5;101;lake;false;lakes;0
9493;35;17;80;lake;false;lakes;0
9494;78;5;62;lake;false;lakes;0
9495;79;46;20;lake;false;lakes;0
9496;11;35;89;lake;false;lakes;0
9497;68;16;51;lake;false;lakes;0
9498;50;44;46;lake;false;lakes;0
9499;47;31;54;lake;false;lakes;0
9500;17;56;44;lake;false;lakes;0
9501;49;64;16;lake;false;lakes;0
9502;45;70;20;lake;false;lakes;0
9503;50;76;22;lake;false;lakes;0
9504;113;18;7;lake;false;lakes;0
9505;32;98;18;lake;false;lakes;0
9506;23;17;65;lake;false;lakes;0
