0;0;0;0;land;false;unknown;0
1;226;216;169;land;false;forest;1
2;209;133;250;land;false;plains;1
3;117;154;233;land;false;plains;1
4;240;148;248;land;true;marsh;1
5;230;195;146;land;false;mountain;1
6;155;195;230;land;false;plains;1
7;252;22;242;land;false;mountain;1
8;149;128;245;land;false;hills;1
9;174;206;132;land;false;plains;1
10;203;252;102;land;false;plains;1
11;245;95;224;land;false;marsh;1
12;156;224;219;land;true;marsh;1
13;142;226;199;land;false;hills;1
14;91;188;238;land;false;mountain;1
15;175;195;149;land;false;plains;1
16;135;252;253;land;false;plains;1
17;166;218;185;land;false;mountain;1
18;209;157;143;land;true;mountain;1
19;202;87;248;land;false;mountain;1
20;180;135;236;land;true;mountain;1
21;214;70;223;land;false;forest;1
22;151;212;141;land;true;plains;1
23;237;112;241;land;false;plains;1
24;237;159;115;land;true;marsh;1
25;50;248;209;land;false;mountain;1
26;244;198;211;land;false;forest;1
27;178;154;176;land;true;marsh;1
28;125;218;179;land;true;jungle;1
29;147;205;249;land;true;hills;1
30;116;243;196;land;false;plains;1
31;228;225;248;land;false;hills;1
32;182;191;148;land;true;mountain;1
33;112;224;241;land;false;mountain;1
34;115;228;248;land;true;marsh;1
35;199;197;209;land;false;mountain;1
36;248;229;160;land;true;hills;1
37;98;238;196;land;false;marsh;1
38;197;208;211;land;true;mountain;1
39;234;244;139;land;true;marsh;1
40;245;117;171;land;true;marsh;1
41;202;204;133;land;false;marsh;1
42;205;212;84;land;false;hills;1
43;231;249;229;land;false;hills;1
44;221;221;154;land;false;mountain;1
45;203;250;173;land;false;mountain;1
46;171;218;145;land;true;forest;1
47;221;81;199;land;false;plains;1
48;224;177;224;land;false;mountain;1
49;227;178;109;land;false;jungle;1
50;59;216;236;land;false;plains;1
51;190;163;183;land;false;marsh;1
52;43;254;217;land;true;marsh;1
53;243;219;60;land;false;mountain;1
54;180;233;101;land;false;marsh;1
55;205;183;241;land;false;mountain;1
56;130;128;248;land;true;forest;1
57;201;168;234;land;false;plains;1
58;168;195;205;land;true;mountain;1
59;119;221;188;land;false;mountain;1
60;182;203;162;land;true;mountain;1
61;229;194;227;land;true;marsh;1
62;240;249;185;land;false;forest;1
63;218;239;205;land;false;jungle;1
64;228;180;99;land;true;mountain;1
65;244;120;242;land;false;jungle;1
66;53;247;205;land;false;jungle;1
67;59;227;246;land;false;mountain;1
68;240;117;156;land;true;jungle;1
69;230;205;136;land;false;plains;1
70;250;117;231;land;true;marsh;1
71;231;215;237;land;true;mountain;1
72;218;184;162;land;false;mountain;1
73;148;251;220;land;true;mountain;1
74;171;196;177;land;false;plains;1
75;149;203;163;land;false;mountain;1
76;178;227;147;land;false;hills;1
77;211;173;254;land;true;mountain;1
78;244;248;128;land;true;hills;1
79;134;236;150;land;false;plains;1
80;133;253;192;land;false;marsh;1
81;244;252;99;land;true;jungle;1
82;190;192;139;land;true;mountain;1
83;175;156;170;land;true;marsh;1
84;241;201;103;land;false;marsh;1
85;92;230;200;land;false;mountain;1
86;203;141;182;land;false;plains;1
87;209;179;183;land;false;marsh;1
88;170;172;239;land;false;forest;1
89;170;155;189;land;false;plains;1
90;218;134;206;land;false;plains;1
91;141;200;239;land;false;mountain;1
92;245;156;242;land;true;mountain;1
93;56;233;215;land;true;marsh;1
94;109;203;223;land;true;marsh;1
95;210;199;148;land;false;plains;1
96;212;145;200;land;true;marsh;1
97;243;148;182;land;false;mountain;1
98;220;151;250;land;true;plains;1
99;176;197;159;land;true;marsh;1
100;178;223;164;land;false;plains;1
101;154;215;158;land;false;marsh;1
102;105;247;200;land;false;marsh;1
103;252;215;71;land;true;marsh;1
104;201;183;198;land;false;plains;1
105;173;137;224;land;false;mountain;1
106;238;222;122;land;false;plains;1
107;171;138;223;land;false;mountain;1
108;211;132;236;land;false;plains;1
109;177;251;161;land;false;marsh;1
110;149;124;230;land;false;mountain;1
111;203;57;241;land;false;mountain;1
112;186;222;242;land;true;marsh;1
113;194;155;179;land;false;forest;1
114;190;125;220;land;false;plains;1
115;236;142;190;land;false;forest;1
116;192;241;214;land;false;marsh;1
117;239;175;191;land;false;hills;1
118;80;213;229;land;false;plains;1
119;243;173;213;land;false;forest;1
120;202;174;205;land;false;plains;1
121;207;155;160;land;true;forest;1
122;219;80;227;land;true;marsh;1
123;150;195;169;land;false;mountain;1
124;194;132;224;land;false;marsh;1
125;167;205;206;land;true;mountain;1
126;240;235;198;land;false;plains;1
127;218;169;170;land;true;plains;1
128;201;233;165;land;false;plains;1
129;232;244;229;land;false;hills;1
130;166;149;197;land;true;mountain;1
131;171;116;216;land;true;marsh;1
132;243;194;99;land;false;mountain;1
133;186;184;166;land;false;mountain;1
134;251;139;121;land;false;plains;1
135;183;210;224;land;false;mountain;1
136;245;243;76;land;false;marsh;1
137;233;148;192;land;true;hills;1
138;173;241;231;land;false;marsh;1
139;247;173;199;land;true;marsh;1
140;142;252;248;land;false;plains;1
141;137;215;162;land;false;mountain;1
142;53;239;242;land;false;mountain;1
143;248;97;252;land;true;mountain;1
144;225;99;179;land;false;mountain;1
145;39;238;247;land;true;forest;1
146;248;163;147;land;true;mountain;1
147;197;152;228;land;false;forest;1
148;181;245;122;land;true;mountain;1
149;193;238;132;land;false;hills;1
150;221;115;236;land;true;forest;1
151;195;197;233;land;false;mountain;1
152;141;151;245;land;false;plains;1
153;235;55;222;land;false;plains;1
154;178;245;165;land;false;jungle;1
155;166;174;203;land;false;marsh;1
156;217;110;235;land;true;marsh;1
157;206;175;172;land;false;mountain;1
158;169;142;230;land;false;mountain;1
159;223;246;61;land;true;plains;1
160;252;165;123;land;true;mountain;1
161;149;190;247;land;false;plains;1
162;197;230;206;land;true;hills;1
163;231;90;218;land;false;mountain;1
164;243;169;247;land;false;mountain;1
165;120;233;239;land;false;jungle;1
166;230;230;84;land;true;mountain;1
167;244;211;147;land;true;mountain;1
168;228;56;220;land;true;mountain;1
169;145;206;185;land;false;forest;1
170;172;198;176;land;true;forest;1
171;241;144;152;land;false;marsh;1
172;96;238;204;land;false;hills;1
173;195;241;85;land;true;marsh;1
174;111;220;249;land;true;marsh;1
175;232;109;195;land;false;marsh;1
176;249;123;242;land;true;mountain;1
177;210;209;223;land;true;hills;1
178;247;123;223;land;false;mountain;1
179;234;68;206;land;true;plains;1
180;251;128;241;land;false;forest;1
181;217;235;194;land;false;plains;1
182;142;225;224;land;true;marsh;1
183;251;52;234;land;true;plains;1
184;216;204;133;land;true;hills;1
185;161;155;232;land;false;hills;1
186;165;135;252;land;true;marsh;1
187;64;239;209;land;false;marsh;1
188;232;231;221;land;false;plains;1
189;184;118;235;land;true;forest;1
190;222;201;145;land;true;marsh;1
191;223;206;105;land;false;marsh;1
192;190;245;216;land;false;jungle;1
193;105;198;254;land;false;hills;1
194;158;201;155;land;true;marsh;1
195;244;171;131;land;false;plains;1
196;242;109;231;land;false;mountain;1
197;160;248;117;land;false;plains;1
198;222;221;179;land;false;hills;1
199;242;221;218;land;false;plains;1
200;189;128;238;land;false;plains;1
201;59;231;245;land;true;mountain;1
202;233;150;125;land;false;plains;1
203;251;134;205;land;false;marsh;1
204;230;211;128;land;false;plains;1
205;198;139;244;land;false;mountain;1
206;184;254;135;land;false;marsh;1
207;249;188;192;land;false;plains;1
208;78;234;210;land;false;plains;1
209;67;238;223;land;false;mountain;1
210;209;119;176;land;false;mountain;1
211;117;205;208;land;false;marsh;1
212;191;170;246;land;false;mountain;1
213;229;130;181;land;false;marsh;1
214;168;242;227;land;false;mountain;1
215;200;147;216;land;false;plains;1
216;242;167;144;land;false;mountain;1
217;225;252;193;land;false;mountain;1
218;90;203;246;land;false;plains;1
219;98;205;244;land;false;forest;1
220;213;107;182;land;false;hills;1
221;243;6;253;land;true;mountain;1
222;192;168;198;land;false;plains;1
223;180;241;178;land;true;marsh;1
224;242;243;240;land;true;mountain;1
225;39;242;229;land;false;hills;1
226;181;159;199;land;false;jungle;1
227;227;207;174;land;false;plains;1
228;216;221;85;land;false;marsh;1
229;222;182;150;land;false;hills;1
230;228;96;218;land;false;plains;1
231;120;230;211;land;true;marsh;1
232;248;79;186;land;false;plains;1
233;215;188;209;land;false;jungle;1
234;214;247;151;land;true;mountain;1
235;208;248;75;land;false;marsh;1
236;195;68;247;land;false;plains;1
237;252;251;202;land;false;plains;1
238;231;117;235;land;true;mountain;1
239;216;82;207;land;false;mountain;1
240;236;161;231;land;false;hills;1
241;160;213;250;land;false;plains;1
242;232;114;204;land;false;plains;1
243;253;112;249;land;false;plains;1
244;226;58;225;land;false;plains;1
245;220;127;215;land;true;mountain;1
246;247;228;180;land;false;marsh;1
247;250;84;239;land;false;marsh;1
248;233;231;69;land;false;mountain;1
249;234;191;138;land;false;mountain;1
250;250;228;153;land;true;mountain;1
251;176;175;166;land;false;mountain;1
252;121;223;247;land;false;jungle;1
253;217;198;189;land;false;plains;1
254;135;179;220;land;false;marsh;1
255;131;239;244;land;true;forest;1
256;214;187;138;land;true;marsh;1
257;147;241;224;land;true;forest;1
258;200;145;216;land;false;plains;1
259;166;185;192;land;false;jungle;1
260;194;213;220;land;false;hills;1
261;207;236;223;land;false;marsh;1
262;183;191;203;land;true;forest;1
263;191;166;240;land;false;plains;1
264;196;158;150;land;false;jungle;1
265;219;197;198;land;false;hills;1
266;222;217;189;land;false;mountain;1
267;238;221;178;land;false;marsh;1
268;242;150;215;land;false;jungle;1
269;247;210;186;land;false;marsh;1
270;105;200;250;land;false;plains;1
271;246;162;117;land;false;marsh;1
272;149;149;221;land;false;plains;1
273;214;204;228;land;false;hills;1
274;100;175;247;land;false;plains;1
275;170;207;210;land;true;marsh;1
276;137;185;246;land;false;plains;1
277;212;228;81;land;false;plains;1
278;148;210;214;land;true;marsh;1
279;129;122;252;land;false;mountain;1
280;151;217;204;land;false;plains;1
281;199;214;231;land;true;marsh;1
282;4;246;251;land;false;forest;1
283;187;193;144;land;false;plains;1
284;180;110;230;land;true;marsh;1
285;190;225;86;land;false;jungle;1
286;187;251;173;land;false;marsh;1
287;235;165;146;land;false;plains;1
288;208;54;251;land;true;urban;1
289;205;245;130;land;false;mountain;1
290;171;251;97;land;false;plains;1
291;63;228;240;land;false;plains;1
292;137;221;184;land;true;forest;1
293;186;201;154;land;false;mountain;1
294;116;252;181;land;false;hills;1
295;235;189;137;land;false;hills;1
296;199;246;213;land;false;plains;1
297;142;179;246;land;true;marsh;1
298;140;180;245;land;false;plains;1
299;194;227;231;land;false;plains;1
300;157;222;172;land;false;hills;1
301;99;170;238;land;true;mountain;1
302;155;243;154;land;true;mountain;1
303;182;231;115;land;false;marsh;1
304;168;230;183;land;true;marsh;1
305;187;161;177;land;false;mountain;1
306;230;125;177;land;false;plains;1
307;232;197;120;land;false;marsh;1
308;86;232;196;land;false;mountain;1
309;146;214;222;land;true;marsh;1
310;235;218;222;land;true;marsh;1
311;224;146;253;land;false;plains;1
312;245;92;247;land;true;forest;1
313;201;253;49;land;false;jungle;1
314;153;175;227;land;false;plains;1
315;177;89;247;land;false;marsh;1
316;181;153;200;land;false;plains;1
317;213;231;106;land;false;urban;1
318;229;222;182;land;false;marsh;1
319;191;176;157;land;false;marsh;1
320;142;176;183;land;false;plains;1
321;245;177;227;land;true;marsh;1
322;218;187;216;land;false;hills;1
323;208;185;122;land;true;marsh;1
324;237;219;173;land;false;mountain;1
325;226;189;219;land;true;marsh;1
326;240;184;179;land;false;mountain;1
327;208;156;219;land;true;hills;1
328;238;254;219;land;false;plains;1
329;33;219;253;land;false;plains;1
330;43;225;248;land;false;mountain;1
331;165;195;233;land;false;hills;1
332;222;101;200;land;false;hills;1
333;201;92;228;land;false;mountain;1
334;239;235;55;land;false;mountain;1
335;165;139;231;land;true;mountain;1
336;143;204;211;land;false;marsh;1
337;146;206;216;land;false;mountain;1
338;128;213;207;land;false;mountain;1
339;164;243;163;land;false;mountain;1
340;239;187;168;land;true;urban;1
341;202;236;196;land;false;hills;1
342;150;204;176;land;false;forest;1
343;141;184;222;land;true;mountain;1
344;135;174;209;land;false;plains;1
345;191;118;236;land;false;hills;1
346;245;150;234;land;false;marsh;1
347;191;213;166;land;false;forest;1
348;226;170;209;land;false;mountain;1
349;249;246;216;land;false;plains;1
350;220;149;226;land;false;mountain;1
351;167;225;152;land;false;mountain;1
352;230;152;141;land;false;jungle;1
353;164;101;240;land;false;plains;1
354;162;184;156;land;false;mountain;1
355;248;203;159;land;true;plains;1
356;214;184;192;land;false;plains;1
357;147;203;245;land;false;marsh;1
358;68;226;216;land;false;forest;1
359;228;61;214;land;false;marsh;1
360;202;220;167;land;false;marsh;1
361;237;217;143;land;false;marsh;1
362;245;172;216;land;false;plains;1
363;212;151;188;land;false;mountain;1
364;200;226;78;land;false;mountain;1
365;162;222;241;land;true;marsh;1
366;231;104;230;land;false;plains;1
367;222;134;160;land;false;mountain;1
368;128;201;180;land;true;marsh;1
369;212;178;254;land;false;forest;1
370;197;147;202;land;false;marsh;1
371;162;224;190;land;false;hills;1
372;165;213;223;land;true;mountain;1
373;234;181;192;land;false;jungle;1
374;233;249;38;land;true;marsh;1
375;177;214;149;land;false;mountain;1
376;189;104;224;land;true;hills;1
377;170;199;168;land;false;plains;1
378;152;220;190;land;false;mountain;1
379;254;240;216;land;false;mountain;1
380;213;152;169;land;true;marsh;1
381;211;177;208;land;false;mountain;1
382;107;231;201;land;true;mountain;1
383;206;148;164;land;false;jungle;1
384;216;124;218;land;false;hills;1
385;182;221;172;land;false;mountain;1
386;172;252;223;land;false;hills;1
387;219;239;166;land;false;marsh;1
388;197;119;210;land;false;jungle;1
389;150;205;209;land;true;mountain;1
390;173;229;206;land;false;hills;1
391;213;224;247;land;false;plains;1
392;241;254;217;land;false;mountain;1
393;180;154;212;land;false;mountain;1
394;80;220;221;land;false;mountain;1
395;166;240;147;land;false;forest;1
396;252;161;190;land;true;mountain;1
397;253;240;92;land;true;marsh;1
398;163;142;213;land;true;marsh;1
399;147;245;192;land;false;mountain;1
400;244;156;199;land;false;hills;1
401;121;241;176;land;false;marsh;1
402;219;178;229;land;false;marsh;1
403;88;163;254;land;true;forest;1
404;206;162;212;land;false;plains;1
405;157;162;220;land;true;jungle;1
406;239;248;116;land;false;hills;1
407;254;177;108;land;false;jungle;1
408;254;111;176;land;false;desert;1
409;177;120;242;land;false;plains;1
410;234;169;240;land;false;plains;1
411;12;241;253;land;false;mountain;1
412;115;222;212;land;false;mountain;1
413;92;249;201;land;false;plains;1
414;142;242;132;land;false;mountain;1
415;77;240;218;land;true;marsh;1
416;152;193;173;land;false;marsh;1
417;171;145;246;land;false;plains;1
418;164;247;213;land;true;mountain;1
419;217;229;95;land;false;plains;1
420;190;150;243;land;true;jungle;1
421;100;232;182;land;false;plains;1
422;244;213;243;land;false;hills;1
423;179;212;182;land;false;plains;1
424;234;109;195;land;true;marsh;1
425;140;247;244;land;false;mountain;1
426;133;254;183;land;false;marsh;1
427;208;210;116;land;false;hills;1
428;137;168;242;land;false;hills;1
429;221;186;119;land;false;forest;1
430;247;84;250;land;false;marsh;1
431;175;124;233;land;false;plains;1
432;140;237;138;land;false;marsh;1
433;88;203;240;land;false;marsh;1
434;94;225;244;land;true;marsh;1
435;242;162;205;land;false;forest;1
436;224;169;177;land;false;plains;1
437;237;225;176;land;false;jungle;1
438;207;231;153;land;false;hills;1
439;246;74;226;land;false;plains;1
440;246;209;194;land;false;mountain;1
441;95;228;202;land;false;hills;1
442;210;141;155;land;false;jungle;1
443;226;102;251;land;false;marsh;1
444;221;175;233;land;false;plains;1
445;225;252;124;land;true;mountain;1
446;113;216;207;land;true;forest;1
447;175;156;174;land;true;marsh;1
448;77;193;239;land;false;plains;1
449;132;236;226;land;false;plains;1
450;243;119;173;land;false;plains;1
451;173;237;159;land;false;marsh;1
452;219;169;243;land;false;marsh;1
453;48;251;228;land;false;plains;1
454;237;220;97;land;false;forest;1
455;144;231;242;land;false;plains;1
456;209;188;180;land;true;jungle;1
457;183;181;145;land;false;marsh;1
458;123;160;233;land;false;mountain;1
459;142;232;230;land;false;jungle;1
460;105;250;221;land;false;hills;1
461;143;173;220;land;false;plains;1
462;252;219;221;land;false;jungle;1
463;18;253;240;land;false;mountain;1
464;133;250;148;land;false;mountain;1
465;252;243;95;land;false;hills;1
466;236;17;251;land;false;mountain;1
467;246;57;230;land;false;plains;1
468;236;105;234;land;false;mountain;1
469;218;54;239;land;false;marsh;1
470;151;143;214;land;false;hills;1
471;112;191;249;land;true;marsh;1
472;231;133;166;land;true;marsh;1
473;201;153;236;land;false;mountain;1
474;147;174;186;land;false;marsh;1
475;195;246;208;land;false;marsh;1
476;216;246;166;land;true;mountain;1
477;242;221;64;land;false;marsh;1
478;230;77;209;land;false;marsh;1
479;252;245;90;land;false;plains;1
480;200;152;149;land;false;plains;1
481;199;186;218;land;false;plains;1
482;248;55;203;land;false;hills;1
483;220;244;46;land;true;marsh;1
484;248;231;132;land;false;plains;1
485;199;205;105;land;true;marsh;1
486;249;254;173;land;false;marsh;1
487;235;103;163;land;true;marsh;1
488;133;207;237;land;true;urban;1
489;241;210;94;land;true;mountain;1
490;196;207;242;land;false;plains;1
491;116;185;218;land;true;marsh;1
492;145;234;123;land;false;marsh;1
493;148;247;233;land;false;hills;1
494;221;230;74;land;true;hills;1
495;131;242;170;land;false;hills;1
496;116;243;154;land;true;mountain;1
497;147;168;235;land;false;mountain;1
498;248;232;144;land;false;hills;1
499;174;187;152;land;false;jungle;1
500;107;230;216;land;false;mountain;1
501;162;214;208;land;false;marsh;1
502;195;228;160;land;false;jungle;1
503;201;186;246;land;false;plains;1
504;254;158;188;land;false;mountain;1
505;47;229;238;land;false;mountain;1
506;185;202;128;land;true;mountain;1
507;207;93;243;land;false;forest;1
508;112;180;253;land;true;marsh;1
509;210;170;180;land;false;jungle;1
510;131;254;230;land;false;mountain;1
511;182;96;236;land;true;forest;1
512;240;235;74;land;false;mountain;1
513;250;124;223;land;true;mountain;1
514;93;234;181;land;false;mountain;1
515;208;237;76;land;true;plains;1
516;243;209;221;land;false;mountain;1
517;164;189;160;land;false;marsh;1
518;147;191;183;land;false;mountain;1
519;224;112;247;land;false;mountain;1
520;252;119;239;land;false;plains;1
521;98;211;196;land;false;plains;1
522;213;207;176;land;false;mountain;1
523;250;198;231;land;true;plains;1
524;168;163;224;land;true;mountain;1
525;168;252;222;land;false;hills;1
526;247;240;94;land;true;marsh;1
527;228;112;194;land;false;mountain;1
528;140;246;194;land;true;mountain;1
529;252;127;144;land;false;hills;1
530;134;197;173;land;false;plains;1
531;213;198;179;land;false;plains;1
532;246;81;200;land;false;forest;1
533;193;220;93;land;false;jungle;1
534;186;210;148;land;false;mountain;1
535;188;233;132;land;false;plains;1
536;64;221;254;land;true;mountain;1
537;184;235;209;land;false;forest;1
538;244;227;171;land;true;marsh;1
539;250;170;136;land;false;mountain;1
540;225;177;112;land;true;mountain;1
541;252;214;129;land;true;marsh;1
542;246;181;203;land;false;hills;1
543;211;95;214;land;false;jungle;1
544;206;200;183;land;false;plains;1
545;167;248;212;land;false;plains;1
546;139;218;239;land;true;mountain;1
547;241;249;236;land;false;marsh;1
548;245;181;232;land;false;mountain;1
549;236;254;58;land;true;hills;1
550;198;209;162;land;false;marsh;1
551;197;171;208;land;false;hills;1
552;98;233;237;land;true;mountain;1
553;27;252;233;land;false;plains;1
554;185;143;190;land;false;marsh;1
555;240;98;249;land;false;plains;1
556;243;144;192;land;false;marsh;1
557;150;132;249;land;false;hills;1
558;201;200;164;land;true;plains;1
559;222;92;188;land;false;jungle;1
560;253;105;207;land;false;mountain;1
561;162;226;188;land;false;forest;1
562;223;199;207;land;false;jungle;1
563;238;229;220;land;true;forest;1
564;172;175;171;land;false;hills;1
565;250;160;229;land;false;plains;1
566;91;217;253;land;true;hills;1
567;218;238;198;land;true;mountain;1
568;220;150;174;land;false;forest;1
569;236;137;200;land;false;plains;1
570;252;121;203;land;false;plains;1
571;238;74;203;land;false;plains;1
572;133;201;188;land;false;plains;1
573;152;189;225;land;false;mountain;1
574;201;110;220;land;false;mountain;1
575;53;215;240;land;false;marsh;1
576;243;126;134;land;false;mountain;1
577;249;194;149;land;false;marsh;1
578;179;182;251;land;true;mountain;1
579;180;115;210;land;false;mountain;1
580;212;216;104;land;false;marsh;1
581;252;160;145;land;false;mountain;1
582;147;239;170;land;true;marsh;1
583;187;218;192;land;false;plains;1
584;208;104;246;land;false;plains;1
585;196;251;125;land;true;urban;1
586;143;176;254;land;false;mountain;1
587;237;182;253;land;false;marsh;1
588;209;249;101;land;false;forest;1
589;212;224;126;land;false;plains;1
590;248;170;169;land;true;marsh;1
591;237;152;176;land;false;mountain;1
592;221;197;232;land;true;marsh;1
593;207;242;170;land;false;forest;1
594;213;58;236;land;true;marsh;1
595;214;182;185;land;false;plains;1
596;161;245;215;land;true;plains;1
597;164;100;238;land;false;mountain;1
598;224;251;199;land;false;hills;1
599;127;234;140;land;false;marsh;1
600;210;181;202;land;false;plains;1
601;229;231;94;land;true;mountain;1
602;213;172;137;land;false;mountain;1
603;213;242;236;land;true;mountain;1
604;145;229;219;land;false;mountain;1
605;156;183;213;land;false;marsh;1
606;83;201;248;land;true;forest;1
607;209;153;145;land;true;mountain;1
608;191;244;190;land;false;urban;1
609;158;219;204;land;false;plains;1
610;142;130;238;land;false;plains;1
611;102;204;230;land;true;jungle;1
612;238;84;201;land;false;plains;1
613;246;172;124;land;true;marsh;1
614;212;107;207;land;true;mountain;1
615;241;197;109;land;true;marsh;1
616;247;161;164;land;true;hills;1
617;132;242;221;land;false;mountain;1
618;160;233;135;land;false;jungle;1
619;234;63;228;land;false;forest;1
620;242;179;195;land;false;hills;1
621;214;216;117;land;false;plains;1
622;213;216;146;land;false;marsh;1
623;230;165;213;land;false;mountain;1
624;200;223;124;land;false;plains;1
625;239;245;225;land;true;plains;1
626;227;199;173;land;false;plains;1
627;200;110;236;land;false;mountain;1
628;51;253;249;land;true;mountain;1
629;206;162;250;land;false;hills;1
630;197;236;241;land;false;forest;1
631;208;132;179;land;false;forest;1
632;196;147;244;land;false;mountain;1
633;210;239;138;land;false;marsh;1
634;224;228;138;land;false;hills;1
635;232;248;254;land;true;mountain;1
636;190;202;180;land;true;mountain;1
637;226;209;81;land;true;hills;1
638;171;233;240;land;false;hills;1
639;171;158;252;land;false;mountain;1
640;143;194;243;land;true;marsh;1
641;203;162;198;land;false;mountain;1
642;232;175;249;land;true;plains;1
643;172;91;244;land;false;marsh;1
644;253;234;119;land;false;jungle;1
645;128;244;205;land;true;mountain;1
646;197;191;152;land;false;forest;1
647;134;168;234;land;true;mountain;1
648;218;159;209;land;false;mountain;1
649;131;253;145;land;false;mountain;1
650;212;156;178;land;false;forest;1
651;223;193;229;land;true;mountain;1
652;164;91;247;land;false;marsh;1
653;247;120;214;land;false;plains;1
654;128;191;195;land;true;mountain;1
655;187;230;126;land;false;mountain;1
656;207;231;240;land;false;plains;1
657;194;120;235;land;true;mountain;1
658;221;95;254;land;true;mountain;1
659;163;172;244;land;false;mountain;1
660;234;179;205;land;true;mountain;1
661;164;94;247;land;true;marsh;1
662;159;240;204;land;false;plains;1
663;115;191;224;land;true;marsh;1
664;246;102;186;land;false;forest;1
665;248;250;12;land;false;hills;1
666;141;164;205;land;false;plains;1
667;148;217;164;land;false;forest;1
668;215;169;193;land;false;plains;1
669;175;101;244;land;false;hills;1
670;78;223;248;land;false;mountain;1
671;242;90;208;land;false;plains;1
672;217;171;204;land;false;marsh;1
673;165;165;247;land;false;mountain;1
674;154;175;201;land;true;urban;1
675;254;203;231;land;false;plains;1
676;169;144;246;land;true;marsh;1
677;191;209;138;land;false;mountain;1
678;148;204;229;land;false;plains;1
679;228;167;132;land;false;marsh;1
680;202;251;247;land;true;plains;1
681;249;200;197;land;true;forest;1
682;237;220;251;land;false;mountain;1
683;216;242;246;land;true;plains;1
684;161;215;199;land;false;forest;1
685;134;213;236;land;false;mountain;1
686;168;239;137;land;true;mountain;1
687;182;239;172;land;false;jungle;1
688;237;114;201;land;false;jungle;1
689;139;232;148;land;false;mountain;1
690;175;249;240;land;false;mountain;1
691;192;228;242;land;true;mountain;1
692;185;162;220;land;false;mountain;1
693;222;211;240;land;false;hills;1
694;18;232;251;land;false;plains;1
695;218;251;115;land;false;mountain;1
696;234;220;72;land;true;mountain;1
697;113;232;234;land;false;hills;1
698;239;224;76;land;false;mountain;1
699;124;251;185;land;true;mountain;1
700;199;205;222;land;false;jungle;1
701;125;236;152;land;false;plains;1
702;224;164;211;land;true;marsh;1
703;205;118;223;land;false;plains;1
704;191;221;129;land;false;plains;1
705;245;254;170;land;false;plains;1
706;248;69;239;land;false;mountain;1
707;253;152;118;land;false;mountain;1
708;91;241;235;land;true;marsh;1
709;238;237;87;land;false;plains;1
710;163;236;128;land;false;marsh;1
711;251;45;216;land;false;marsh;1
712;165;206;209;land;false;plains;1
713;208;206;94;land;false;mountain;1
714;246;136;158;land;false;forest;1
715;148;230;163;land;true;marsh;1
716;162;181;229;land;false;marsh;1
717;239;76;193;land;false;mountain;1
718;225;217;75;land;true;mountain;1
719;193;231;116;land;false;marsh;1
720;121;214;227;land;false;jungle;1
721;176;217;162;land;true;jungle;1
722;213;77;211;land;true;mountain;1
723;177;218;175;land;false;marsh;1
724;239;194;140;land;true;plains;1
725;152;205;154;land;false;jungle;1
726;114;240;159;land;false;plains;1
727;160;210;241;land;true;mountain;1
728;245;239;172;land;false;mountain;1
729;235;208;98;land;false;mountain;1
730;148;195;158;land;true;marsh;1
731;233;230;205;land;false;marsh;1
732;187;237;186;land;false;hills;1
733;147;146;246;land;true;marsh;1
734;246;208;64;land;false;plains;1
735;229;251;147;land;false;mountain;1
736;81;206;239;land;false;hills;1
737;222;148;202;land;false;jungle;1
738;148;182;236;land;false;mountain;1
739;240;125;156;land;true;mountain;1
740;116;237;203;land;false;marsh;1
741;164;194;171;land;false;marsh;1
742;249;226;238;land;false;forest;1
743;160;175;237;land;true;mountain;1
744;172;197;249;land;false;plains;1
745;188;191;222;land;false;marsh;1
746;215;221;190;land;false;plains;1
747;250;245;36;land;true;mountain;1
748;107;254;170;land;false;mountain;1
749;240;188;88;land;false;mountain;1
750;200;170;174;land;false;forest;1
751;236;158;181;land;false;plains;1
752;182;118;242;land;true;urban;1
753;167;233;222;land;true;mountain;1
754;154;210;245;land;false;marsh;1
755;131;223;240;land;false;forest;1
756;250;62;189;land;false;forest;1
757;253;199;238;land;false;plains;1
758;200;115;222;land;false;mountain;1
759;239;238;82;land;false;plains;1
760;179;103;227;land;false;marsh;1
761;169;253;98;land;false;jungle;1
762;244;62;216;land;true;mountain;1
763;160;208;197;land;false;forest;1
764;176;144;225;land;false;hills;1
765;249;218;225;land;false;marsh;1
766;188;171;222;land;false;plains;1
767;251;164;143;land;true;forest;1
768;236;121;242;land;true;mountain;1
769;124;189;233;land;false;plains;1
770;233;233;74;land;true;marsh;1
771;217;224;109;land;false;plains;1
772;221;197;185;land;false;jungle;1
773;227;221;147;land;false;hills;1
774;139;175;195;land;true;jungle;1
775;191;234;115;land;false;forest;1
776;174;168;163;land;false;mountain;1
777;234;112;247;land;true;marsh;1
778;211;226;152;land;true;forest;1
779;248;230;64;land;false;mountain;1
780;220;140;208;land;true;marsh;1
781;245;77;181;land;true;jungle;1
782;230;219;205;land;false;forest;1
783;92;247;218;land;true;mountain;1
784;232;202;74;land;false;marsh;1
785;250;210;245;land;false;marsh;1
786;228;183;192;land;false;marsh;1
787;132;233;240;land;false;jungle;1
788;209;229;243;land;false;mountain;1
789;240;86;253;land;false;plains;1
790;138;220;202;land;false;mountain;1
791;198;228;176;land;false;plains;1
792;111;223;171;land;false;hills;1
793;179;124;215;land;true;mountain;1
794;240;145;136;land;true;mountain;1
795;224;75;233;land;false;hills;1
796;245;90;212;land;false;forest;1
797;231;191;109;land;false;marsh;1
798;125;235;173;land;true;plains;1
799;221;134;197;land;false;mountain;1
800;253;222;217;land;false;mountain;1
801;156;153;242;land;true;marsh;1
802;185;128;235;land;false;plains;1
803;218;154;253;land;false;hills;1
804;240;201;185;land;false;mountain;1
805;229;234;101;land;true;forest;1
806;245;16;248;land;false;mountain;1
807;125;241;225;land;false;marsh;1
808;161;211;143;land;true;mountain;1
809;105;199;229;land;false;marsh;1
810;150;233;123;land;false;marsh;1
811;212;150;195;land;true;mountain;1
812;222;197;143;land;false;plains;1
813;193;192;200;land;true;forest;1
814;237;82;219;land;true;forest;1
815;212;127;183;land;false;plains;1
816;192;244;100;land;false;marsh;1
817;232;177;111;land;false;marsh;1
818;249;200;74;land;true;forest;1
819;96;167;242;land;false;mountain;1
820;164;204;144;land;false;plains;1
821;209;162;138;land;false;marsh;1
822;199;172;197;land;true;mountain;1
823;210;207;161;land;false;plains;1
824;125;242;186;land;false;hills;1
825;244;177;225;land;false;mountain;1
826;178;207;245;land;true;plains;1
827;163;207;232;land;false;mountain;1
828;133;134;235;land;false;plains;1
829;207;215;143;land;false;mountain;1
830;228;187;136;land;false;marsh;1
831;172;222;206;land;false;mountain;1
832;117;230;243;land;false;mountain;1
833;163;231;137;land;true;marsh;1
834;175;219;189;land;false;mountain;1
835;248;240;226;land;false;jungle;1
836;40;252;229;land;false;mountain;1
837;234;235;111;land;false;plains;1
838;192;221;192;land;false;marsh;1
839;207;189;153;land;false;plains;1
840;139;232;198;land;false;hills;1
841;172;225;139;land;false;jungle;1
842;168;194;222;land;false;plains;1
843;207;154;220;land;false;plains;1
844;196;215;119;land;false;jungle;1
845;201;113;206;land;false;mountain;1
846;220;188;201;land;false;mountain;1
847;214;98;199;land;false;hills;1
848;251;50;243;land;false;plains;1
849;242;83;236;land;false;jungle;1
850;199;218;249;land;false;hills;1
851;234;165;166;land;true;hills;1
852;164;239;179;land;false;marsh;1
853;204;203;183;land;false;plains;1
854;218;250;134;land;false;marsh;1
855;117;185;218;land;false;marsh;1
856;168;234;212;land;false;hills;1
857;218;40;249;land;true;urban;1
858;209;199;148;land;false;marsh;1
859;222;173;194;land;false;mountain;1
860;132;238;135;land;false;mountain;1
861;191;150;227;land;false;mountain;1
862;254;216;79;land;false;plains;1
863;76;207;239;land;false;marsh;1
864;91;171;250;land;true;mountain;1
865;195;204;165;land;true;plains;1
866;244;243;102;land;true;plains;1
867;194;125;247;land;false;hills;1
868;213;118;239;land;false;jungle;1
869;242;117;163;land;false;marsh;1
870;253;107;250;land;false;plains;1
871;246;216;149;land;false;mountain;1
872;194;221;139;land;false;mountain;1
873;153;247;127;land;true;marsh;1
874;235;156;193;land;false;mountain;1
875;241;211;234;land;true;marsh;1
876;60;206;235;land;false;hills;1
877;178;236;190;land;false;hills;1
878;156;203;220;land;false;mountain;1
879;150;244;207;land;false;marsh;1
880;188;163;160;land;false;marsh;1
881;239;92;216;land;false;mountain;1
882;214;104;231;land;true;hills;1
883;253;161;199;land;true;mountain;1
884;180;193;233;land;false;hills;1
885;217;250;153;land;false;mountain;1
886;238;224;133;land;false;hills;1
887;188;138;246;land;false;marsh;1
888;143;221;243;land;true;mountain;1
889;235;113;186;land;true;mountain;1
890;124;201;241;land;false;plains;1
891;236;98;237;land;false;mountain;1
892;246;151;162;land;true;marsh;1
893;211;200;229;land;false;mountain;1
894;148;166;239;land;false;mountain;1
895;117;247;209;land;false;marsh;1
896;222;81;216;land;false;mountain;1
897;111;229;191;land;false;hills;1
898;186;246;200;land;false;plains;1
899;31;227;254;land;true;hills;1
900;160;205;175;land;false;plains;1
901;239;225;82;land;true;mountain;1
902;143;155;238;land;false;hills;1
903;181;129;204;land;true;mountain;1
904;97;237;172;land;true;marsh;1
905;150;132;241;land;false;marsh;1
906;254;239;37;land;false;marsh;1
907;194;184;186;land;false;plains;1
908;230;195;251;land;false;plains;1
909;214;173;141;land;true;mountain;1
910;230;158;116;land;false;hills;1
911;180;224;102;land;false;hills;1
912;236;237;62;land;true;marsh;1
913;102;241;239;land;false;mountain;1
914;247;154;169;land;false;mountain;1
915;179;138;184;land;false;forest;1
916;217;228;123;land;false;plains;1
917;136;252;154;land;true;mountain;1
918;146;160;227;land;false;marsh;1
919;238;113;196;land;true;marsh;1
920;203;162;158;land;false;plains;1
921;161;214;164;land;true;mountain;1
922;234;129;171;land;false;marsh;1
923;133;232;184;land;false;marsh;1
924;199;212;132;land;true;marsh;1
925;213;194;208;land;false;plains;1
926;193;247;240;land;false;plains;1
927;89;232;226;land;false;forest;1
928;231;250;246;land;true;plains;1
929;252;222;126;land;false;plains;1
930;203;243;75;land;true;plains;1
931;211;225;91;land;false;forest;1
932;243;247;75;land;true;marsh;1
933;83;191;234;land;false;marsh;1
934;250;221;93;land;true;mountain;1
935;250;67;195;land;false;mountain;1
936;222;121;205;land;false;jungle;1
937;229;214;125;land;false;jungle;1
938;100;249;168;land;false;mountain;1
939;237;84;193;land;true;marsh;1
940;212;179;247;land;false;plains;1
941;94;177;250;land;true;forest;1
942;209;246;197;land;false;hills;1
943;242;112;250;land;false;plains;1
944;235;220;160;land;false;marsh;1
945;115;159;240;land;false;jungle;1
946;110;189;221;land;false;marsh;1
947;214;148;246;land;false;plains;1
948;131;237;148;land;false;mountain;1
949;124;161;252;land;false;mountain;1
950;170;109;249;land;false;plains;1
951;104;208;226;land;false;hills;1
952;98;254;183;land;false;plains;1
953;214;177;218;land;true;marsh;1
954;161;147;200;land;true;jungle;1
955;226;34;247;land;true;marsh;1
956;244;175;104;land;true;hills;1
957;113;251;214;land;true;mountain;1
958;196;184;158;land;false;plains;1
959;148;237;201;land;false;marsh;1
960;159;186;187;land;false;plains;1
961;236;186;218;land;false;plains;1
962;143;229;181;land;false;forest;1
963;205;164;250;land;false;forest;1
964;207;254;40;land;true;marsh;1
965;220;221;231;land;false;mountain;1
966;87;207;214;land;false;mountain;1
967;141;241;142;land;false;mountain;1
968;112;226;164;land;true;marsh;1
969;167;174;172;land;false;mountain;1
970;234;148;201;land;false;forest;1
971;229;253;240;land;false;plains;1
972;191;216;135;land;true;mountain;1
973;184;220;152;land;false;jungle;1
974;214;226;244;land;false;hills;1
975;170;244;227;land;false;jungle;1
976;229;188;97;land;false;marsh;1
977;251;191;74;land;false;jungle;1
978;226;149;227;land;false;mountain;1
979;172;232;189;land;false;mountain;1
980;218;128;192;land;false;plains;1
981;96;254;184;land;true;marsh;1
982;24;249;228;land;true;forest;1
983;159;159;233;land;false;forest;1
984;182;141;235;land;false;mountain;1
985;141;230;246;land;true;marsh;1
986;227;98;176;land;true;mountain;1
987;242;233;131;land;false;plains;1
988;225;218;222;land;true;marsh;1
989;246;188;220;land;false;hills;1
990;138;252;125;land;true;mountain;1
991;191;206;180;land;false;forest;1
992;162;186;208;land;false;mountain;1
993;219;130;218;land;false;plains;1
994;221;237;129;land;false;plains;1
995;161;191;206;land;false;mountain;1
996;252;172;227;land;false;hills;1
997;113;162;234;land;false;plains;1
998;146;228;154;land;false;mountain;1
999;252;153;134;land;false;marsh;1
1000;169;104;228;land;true;plains;1
1001;78;233;210;land;false;mountain;1
1002;187;198;202;land;true;mountain;1
1003;210;124;231;land;false;marsh;1
1004;237;200;108;land;false;marsh;1
1005;246;246;173;land;false;mountain;1
1006;241;211;254;land;false;plains;1
1007;248;199;142;land;true;marsh;1
1008;153;252;197;land;true;mountain;1
1009;240;242;177;land;false;jungle;1
1010;239;159;185;land;false;plains;1
1011;141;226;166;land;false;hills;1
1012;245;32;233;land;false;plains;1
1013;243;212;171;land;false;mountain;1
1014;202;204;164;land;true;mountain;1
1015;248;62;218;land;true;plains;1
1016;210;220;107;land;false;mountain;1
1017;145;225;224;land;false;plains;1
1018;231;241;171;land;false;mountain;1
1019;179;241;85;land;true;marsh;1
1020;123;254;193;land;false;marsh;1
1021;153;185;177;land;false;hills;1
1022;254;233;240;land;false;forest;1
1023;246;237;169;land;true;jungle;1
1024;237;111;197;land;false;mountain;1
1025;185;235;96;land;false;forest;1
1026;168;191;196;land;false;plains;1
1027;175;89;243;land;true;marsh;1
1028;144;246;231;land;false;hills;1
1029;232;175;214;land;false;mountain;1
1030;176;193;189;land;false;hills;1
1031;95;213;193;land;true;mountain;1
1032;244;166;175;land;false;plains;1
1033;133;184;197;land;true;marsh;1
1034;198;149;182;land;false;mountain;1
1035;202;236;173;land;false;mountain;1
1036;244;232;230;land;false;mountain;1
1037;101;240;186;land;false;forest;1
1038;206;215;86;land;false;forest;1
1039;141;235;126;land;true;marsh;1
1040;238;151;223;land;false;plains;1
1041;142;250;158;land;false;marsh;1
1042;239;221;180;land;true;mountain;1
1043;77;246;248;land;false;marsh;1
1044;54;249;231;land;true;mountain;1
1045;208;218;225;land;false;mountain;1
1046;249;187;195;land;false;hills;1
1047;174;251;132;land;true;marsh;1
1048;243;50;232;land;true;marsh;1
1049;162;185;227;land;false;marsh;1
1050;205;227;154;land;true;marsh;1
1051;135;150;239;land;false;jungle;1
1052;197;130;233;land;false;marsh;1
1053;137;188;253;land;false;mountain;1
1054;60;252;239;land;true;mountain;1
1055;201;152;184;land;false;jungle;1
1056;231;178;217;land;false;mountain;1
1057;251;231;162;land;false;plains;1
1058;195;167;176;land;false;mountain;1
1059;201;115;206;land;false;hills;1
1060;253;220;146;land;true;mountain;1
1061;111;152;254;land;true;plains;1
1062;246;206;60;land;false;mountain;1
1063;236;106;199;land;false;mountain;1
1064;126;234;215;land;false;forest;1
1065;192;169;236;land;false;mountain;1
1066;170;242;149;land;false;forest;1
1067;204;240;201;land;false;jungle;1
1068;199;184;235;land;true;marsh;1
1069;252;99;241;land;true;mountain;1
1070;236;95;183;land;false;plains;1
1071;234;71;246;land;false;marsh;1
1072;200;222;202;land;false;jungle;1
1073;185;122;202;land;true;mountain;1
1074;225;151;239;land;true;plains;1
1075;238;248;189;land;true;mountain;1
1076;243;59;238;land;true;marsh;1
1077;167;235;99;land;false;mountain;1
1078;254;109;169;land;false;marsh;1
1079;222;142;205;land;true;forest;1
1080;65;219;235;land;false;forest;1
1081;227;192;216;land;true;mountain;1
1082;241;150;245;land;false;mountain;1
1083;140;149;253;land;true;marsh;1
1084;121;185;232;land;false;mountain;1
1085;185;139;254;land;true;marsh;1
1086;219;230;216;land;false;marsh;1
1087;164;164;179;land;false;plains;1
1088;109;211;198;land;false;forest;1
1089;184;99;244;land;false;mountain;1
1090;233;198;211;land;true;forest;1
1091;245;127;239;land;true;marsh;1
1092;170;141;212;land;true;mountain;1
1093;118;248;245;land;false;jungle;1
1094;125;222;254;land;false;marsh;1
1095;100;218;228;land;false;hills;1
1096;252;170;91;land;false;plains;1
1097;140;167;245;land;false;plains;1
1098;226;164;193;land;false;plains;1
1099;244;181;125;land;false;mountain;1
1100;246;182;243;land;false;jungle;1
1101;238;247;86;land;true;mountain;1
1102;233;236;232;land;false;plains;1
1103;191;222;190;land;true;plains;1
1104;218;221;141;land;false;plains;1
1105;142;211;199;land;true;hills;1
1106;251;219;254;land;true;mountain;1
1107;232;109;187;land;true;marsh;1
1108;245;20;245;land;false;plains;1
1109;236;120;148;land;false;marsh;1
1110;235;199;112;land;true;marsh;1
1111;228;109;247;land;true;plains;1
1112;38;243;252;land;false;hills;1
1113;225;55;243;land;true;marsh;1
1114;165;155;246;land;false;plains;1
1115;175;187;226;land;true;mountain;1
1116;190;154;185;land;false;mountain;1
1117;184;122;249;land;true;hills;1
1118;123;230;209;land;false;marsh;1
1119;226;165;179;land;true;plains;1
1120;120;234;160;land;false;plains;1
1121;151;223;157;land;true;marsh;1
1122;213;92;254;land;false;marsh;1
1123;220;188;148;land;false;hills;1
1124;227;246;90;land;false;plains;1
1125;248;200;226;land;true;marsh;1
1126;217;118;247;land;false;plains;1
1127;248;144;221;land;true;marsh;1
1128;102;181;224;land;false;plains;1
1129;215;166;205;land;false;marsh;1
1130;188;217;129;land;true;hills;1
1131;238;68;227;land;true;marsh;1
1132;213;227;133;land;false;hills;1
1133;246;232;131;land;false;marsh;1
1134;183;226;94;land;false;marsh;1
1135;244;249;17;land;false;forest;1
1136;177;193;176;land;true;forest;1
1137;245;165;245;land;true;forest;1
1138;77;214;228;land;false;hills;1
1139;108;168;248;land;false;plains;1
1140;219;215;106;land;false;mountain;1
1141;254;77;174;land;false;mountain;1
1142;211;163;248;land;true;marsh;1
1143;146;128;249;land;false;plains;1
1144;194;171;203;land;false;forest;1
1145;215;173;192;land;false;plains;1
1146;150;218;217;land;true;forest;1
1147;250;80;201;land;false;plains;1
1148;206;190;193;land;false;mountain;1
1149;211;205;161;land;false;hills;1
1150;122;173;247;land;false;marsh;1
1151;174;237;149;land;true;mountain;1
1152;237;150;229;land;false;forest;1
1153;147;236;124;land;false;hills;1
1154;105;233;197;land;false;mountain;1
1155;190;149;175;land;true;marsh;1
1156;118;214;203;land;true;marsh;1
1157;190;222;124;land;false;hills;1
1158;171;181;226;land;true;plains;1
1159;84;254;180;land;false;forest;1
1160;231;230;162;land;false;plains;1
1161;239;147;133;land;true;marsh;1
1162;218;125;165;land;false;hills;1
1163;109;236;234;land;false;jungle;1
1164;169;167;225;land;true;marsh;1
1165;231;229;118;land;true;plains;1
1166;253;197;90;land;false;jungle;1
1167;249;151;245;land;false;marsh;1
1168;241;136;198;land;false;plains;1
1169;134;214;242;land;true;hills;1
1170;164;157;199;land;true;jungle;1
1171;175;184;252;land;false;jungle;1
1172;193;176;242;land;false;plains;1
1173;132;136;236;land;false;mountain;1
1174;167;224;125;land;true;marsh;1
1175;253;146;243;land;false;forest;1
1176;254;254;87;land;false;plains;1
1177;157;190;169;land;false;mountain;1
1178;225;194;161;land;true;marsh;1
1179;213;251;55;land;false;mountain;1
1180;30;245;252;land;false;marsh;1
1181;101;252;217;land;false;forest;1
1182;156;120;254;land;true;mountain;1
1183;83;253;200;land;false;marsh;1
1184;240;218;96;land;false;mountain;1
1185;225;174;120;land;true;marsh;1
1186;66;222;217;land;false;marsh;1
1187;118;176;251;land;true;mountain;1
1188;179;210;189;land;true;mountain;1
1189;73;219;247;land;false;hills;1
1190;84;248;190;land;false;mountain;1
1191;198;219;162;land;false;mountain;1
1192;237;204;81;land;false;mountain;1
1193;232;253;56;land;false;hills;1
1194;238;244;227;land;false;hills;1
1195;200;85;218;land;false;mountain;1
1196;192;119;200;land;false;plains;1
1197;99;209;247;land;false;mountain;1
1198;165;147;244;land;false;hills;1
1199;154;138;230;land;false;marsh;1
1200;229;178;192;land;false;plains;1
1201;187;237;82;land;true;marsh;1
1202;251;234;193;land;true;marsh;1
1203;210;171;127;land;false;plains;1
1204;208;223;120;land;true;mountain;1
1205;106;173;232;land;true;mountain;1
1206;253;252;232;land;true;marsh;1
1207;224;220;84;land;true;forest;1
1208;222;206;119;land;false;marsh;1
1209;67;249;186;land;false;mountain;1
1210;90;236;228;land;false;marsh;1
1211;232;136;224;land;false;plains;1
1212;16;254;237;land;true;mountain;1
1213;236;184;164;land;false;mountain;1
1214;147;237;125;land;true;jungle;1
1215;212;225;122;land;false;hills;1
1216;172;117;241;land;false;plains;1
1217;196;243;248;land;false;plains;1
1218;237;153;250;land;false;marsh;1
1219;203;160;218;land;false;plains;1
1220;220;200;243;land;true;marsh;1
1221;225;145;220;land;false;marsh;1
1222;230;208;123;land;false;mountain;1
1223;209;249;161;land;true;marsh;1
1224;90;204;229;land;false;marsh;1
1225;65;201;253;land;true;mountain;1
1226;238;235;161;land;false;mountain;1
1227;213;196;136;land;false;plains;1
1228;213;186;115;land;false;mountain;1
1229;215;215;123;land;true;mountain;1
1230;233;207;172;land;false;plains;1
1231;233;111;246;land;false;mountain;1
1232;175;170;199;land;false;mountain;1
1233;127;131;254;land;true;mountain;1
1234;173;246;174;land;false;plains;1
1235;147;144;236;land;false;jungle;1
1236;131;216;155;land;false;marsh;1
1237;187;215;204;land;false;hills;1
1238;229;222;75;land;false;marsh;1
1239;220;226;250;land;false;mountain;1
1240;253;254;208;land;true;urban;1
1241;127;234;174;land;false;hills;1
1242;69;185;249;land;true;forest;1
1243;196;225;223;land;false;forest;1
1244;210;204;142;land;false;plains;1
1245;254;187;80;land;false;mountain;1
1246;245;178;124;land;false;marsh;1
1247;161;100;254;land;false;hills;1
1248;153;243;216;land;false;hills;1
1249;206;227;141;land;false;plains;1
1250;238;241;50;land;true;marsh;1
1251;240;145;129;land;true;mountain;1
1252;124;251;254;land;true;marsh;1
1253;210;198;188;land;true;marsh;1
1254;237;222;215;land;false;hills;1
1255;218;220;132;land;false;plains;1
1256;225;240;151;land;false;hills;1
1257;235;221;87;land;true;forest;1
1258;191;235;130;land;false;hills;1
1259;207;137;251;land;true;marsh;1
1260;207;156;225;land;false;plains;1
1261;235;235;241;land;false;plains;1
1262;253;245;243;land;true;mountain;1
1263;254;174;77;land;true;marsh;1
1264;205;146;240;land;true;mountain;1
1265;248;234;23;land;false;plains;1
1266;192;108;247;land;false;marsh;1
1267;120;161;241;land;false;marsh;1
1268;138;249;240;land;false;hills;1
1269;225;174;182;land;false;marsh;1
1270;145;215;158;land;true;marsh;1
1271;144;224;221;land;true;marsh;1
1272;231;67;245;land;false;mountain;1
1273;189;199;252;land;true;mountain;1
1274;238;236;44;land;true;plains;1
1275;190;201;165;land;false;marsh;1
1276;223;179;111;land;false;marsh;1
1277;179;247;84;land;true;marsh;1
1278;233;192;224;land;false;mountain;1
1279;209;101;199;land;true;forest;1
1280;88;232;182;land;false;hills;1
1281;207;254;113;land;false;hills;1
1282;132;150;248;land;false;mountain;1
1283;106;214;247;land;false;plains;1
1284;222;121;221;land;false;plains;1
1285;246;244;160;land;false;mountain;1
1286;59;216;251;land;false;marsh;1
1287;108;178;229;land;false;jungle;1
1288;144;248;245;land;false;jungle;1
1289;238;154;161;land;false;mountain;1
1290;204;93;250;land;false;plains;1
1291;233;139;129;land;true;mountain;1
1292;149;223;142;land;true;marsh;1
1293;86;237;192;land;true;forest;1
1294;215;243;180;land;false;mountain;1
1295;146;196;251;land;false;plains;1
1296;180;103;219;land;true;marsh;1
1297;226;252;137;land;true;plains;1
1298;140;113;248;land;false;mountain;1
1299;123;192;239;land;false;mountain;1
1300;216;67;247;land;false;mountain;1
1301;169;218;150;land;true;mountain;1
1302;43;237;244;land;false;marsh;1
1303;189;88;233;land;true;mountain;1
1304;197;185;176;land;false;jungle;1
1305;254;207;225;land;false;jungle;1
1306;187;226;214;land;false;plains;1
1307;230;233;68;land;true;marsh;1
1308;244;197;139;land;false;plains;1
1309;223;206;103;land;false;hills;1
1310;195;234;144;land;false;marsh;1
1311;175;170;158;land;false;plains;1
1312;160;229;117;land;false;mountain;1
1313;225;220;118;land;true;mountain;1
1314;212;191;198;land;false;jungle;1
1315;182;136;211;land;false;mountain;1
1316;218;81;242;land;true;mountain;1
1317;218;71;223;land;true;mountain;1
1318;155;240;230;land;false;hills;1
1319;65;235;230;land;false;forest;1
1320;249;125;240;land;false;mountain;1
1321;141;135;240;land;false;plains;1
1322;240;239;104;land;true;mountain;1
1323;188;246;72;land;false;plains;1
1324;135;230;202;land;false;plains;1
1325;198;251;80;land;false;plains;1
1326;252;247;117;land;false;marsh;1
1327;234;105;202;land;true;marsh;1
1328;215;151;184;land;false;plains;1
1329;221;235;65;land;false;plains;1
1330;247;89;208;land;true;marsh;1
1331;232;250;218;land;false;marsh;1
1332;204;106;252;land;false;hills;1
1333;157;247;205;land;true;mountain;1
1334;220;217;221;land;false;plains;1
1335;240;209;125;land;false;plains;1
1336;147;230;132;land;false;mountain;1
1337;93;183;229;land;false;forest;1
1338;224;149;188;land;true;marsh;1
1339;194;182;135;land;false;mountain;1
1340;194;141;198;land;false;plains;1
1341;200;138;198;land;true;marsh;1
1342;250;155;236;land;false;forest;1
1343;209;130;194;land;false;hills;1
1344;99;207;240;land;false;mountain;1
1345;147;225;153;land;false;marsh;1
1346;236;247;85;land;false;plains;1
1347;227;206;111;land;true;marsh;1
1348;248;205;181;land;false;hills;1
1349;247;216;184;land;true;hills;1
1350;185;206;230;land;false;mountain;1
1351;209;203;237;land;false;hills;1
1352;227;144;224;land;false;jungle;1
1353;155;227;127;land;true;mountain;1
1354;249;207;183;land;false;jungle;1
1355;153;161;214;land;false;plains;1
1356;222;111;225;land;false;marsh;1
1357;186;136;216;land;false;marsh;1
1358;173;149;188;land;true;hills;1
1359;251;172;179;land;false;plains;1
1360;190;200;123;land;true;marsh;1
1361;194;161;162;land;false;plains;1
1362;214;181;211;land;false;plains;1
1363;223;114;243;land;false;plains;1
1364;237;177;248;land;true;plains;1
1365;173;182;199;land;true;marsh;1
1366;221;51;251;land;false;mountain;1
1367;168;219;243;land;false;forest;1
1368;172;222;158;land;true;mountain;1
1369;63;204;239;land;false;marsh;1
1370;229;226;210;land;true;mountain;1
1371;207;208;225;land;false;mountain;1
1372;190;214;190;land;false;mountain;1
1373;237;120;192;land;false;forest;1
1374;201;244;227;land;true;mountain;1
1375;121;191;202;land;false;hills;1
1376;242;114;167;land;false;mountain;1
1377;199;228;229;land;true;mountain;1
1378;155;231;177;land;true;marsh;1
1379;209;202;178;land;true;marsh;1
1380;124;224;207;land;false;hills;1
1381;233;194;116;land;true;marsh;1
1382;253;206;57;land;false;plains;1
1383;243;224;37;land;true;marsh;1
1384;212;248;91;land;false;hills;1
1385;238;167;105;land;true;marsh;1
1386;17;254;246;land;false;marsh;1
1387;223;252;38;land;false;plains;1
1388;8;240;254;land;true;marsh;1
1389;253;184;229;land;true;mountain;1
1390;72;235;226;land;false;plains;1
1391;78;196;230;land;false;mountain;1
1392;113;202;207;land;false;mountain;1
1393;150;238;217;land;false;mountain;1
1394;214;159;180;land;false;mountain;1
1395;142;208;247;land;false;forest;1
1396;251;242;208;land;false;marsh;1
1397;231;118;231;land;false;plains;1
1398;201;198;172;land;false;plains;1
1399;154;150;203;land;false;forest;1
1400;229;89;204;land;false;marsh;1
1401;91;223;234;land;false;hills;1
1402;165;218;168;land;false;jungle;1
1403;135;240;133;land;false;plains;1
1404;93;225;186;land;false;mountain;1
1405;92;233;196;land;false;plains;1
1406;231;44;233;land;false;marsh;1
1407;192;248;242;land;true;jungle;1
1408;250;220;243;land;false;plains;1
1409;238;231;58;land;false;hills;1
1410;115;241;195;land;false;mountain;1
1411;222;115;207;land;false;jungle;1
1412;225;215;205;land;false;hills;1
1413;214;235;66;land;false;mountain;1
1414;215;181;174;land;false;forest;1
1415;246;222;75;land;false;mountain;1
1416;166;162;241;land;false;hills;1
1417;212;113;178;land;true;mountain;1
1418;247;63;236;land;false;plains;1
1419;214;254;207;land;false;forest;1
1420;162;230;193;land;false;marsh;1
1421;230;198;240;land;false;hills;1
1422;192;116;196;land;false;marsh;1
1423;147;151;212;land;false;jungle;1
1424;231;47;246;land;false;jungle;1
1425;156;183;231;land;false;mountain;1
1426;215;153;222;land;false;mountain;1
1427;164;186;238;land;true;plains;1
1428;207;193;245;land;true;marsh;1
1429;138;232;250;land;false;marsh;1
1430;238;239;39;land;false;mountain;1
1431;242;84;204;land;false;mountain;1
1432;203;136;222;land;false;mountain;1
1433;221;107;237;land;false;plains;1
1434;206;184;136;land;false;plains;1
1435;158;185;189;land;true;plains;1
1436;234;88;216;land;false;plains;1
1437;101;246;158;land;true;marsh;1
1438;236;245;45;land;false;hills;1
1439;237;232;232;land;true;marsh;1
1440;228;210;216;land;false;mountain;1
1441;176;77;250;land;false;mountain;1
1442;158;230;231;land;true;marsh;1
1443;136;130;251;land;false;plains;1
1444;242;211;236;land;true;mountain;1
1445;191;144;174;land;false;plains;1
1446;138;193;170;land;false;plains;1
1447;251;246;128;land;true;hills;1
1448;160;214;225;land;false;marsh;1
1449;176;96;251;land;false;mountain;1
1450;117;235;213;land;true;marsh;1
1451;226;75;204;land;false;hills;1
1452;240;122;186;land;false;mountain;1
1453;183;158;197;land;true;mountain;1
1454;127;188;214;land;true;marsh;1
1455;122;210;232;land;false;plains;1
1456;214;244;244;land;false;forest;1
1457;252;33;228;land;false;marsh;1
1458;235;202;114;land;false;hills;1
1459;184;253;213;land;true;marsh;1
1460;197;204;241;land;true;marsh;1
1461;215;238;191;land;true;mountain;1
1462;114;249;181;land;true;marsh;1
1463;152;150;230;land;true;marsh;1
1464;172;206;180;land;true;mountain;1
1465;205;225;171;land;false;mountain;1
1466;199;162;169;land;false;mountain;1
1467;180;254;122;land;true;mountain;1
1468;136;232;177;land;true;mountain;1
1469;155;215;232;land;true;marsh;1
1470;150;242;169;land;true;mountain;1
1471;219;128;182;land;false;plains;1
1472;238;160;123;land;false;forest;1
1473;235;216;63;land;false;forest;1
1474;165;183;225;land;false;hills;1
1475;163;151;194;land;false;mountain;1
1476;248;223;84;land;false;hills;1
1477;123;186;215;land;false;marsh;1
1478;216;214;188;land;true;plains;1
1479;167;235;174;land;false;jungle;1
1480;244;237;194;land;true;marsh;1
1481;179;188;224;land;false;mountain;1
1482;136;171;241;land;false;plains;1
1483;249;55;227;land;false;hills;1
1484;155;227;230;land;false;mountain;1
1485;247;127;219;land;true;forest;1
1486;254;184;146;land;false;hills;1
1487;236;128;192;land;true;hills;1
1488;188;104;251;land;false;hills;1
1489;199;231;73;land;false;mountain;1
1490;183;251;109;land;false;marsh;1
1491;190;213;135;land;false;plains;1
1492;75;216;217;land;true;mountain;1
1493;88;239;239;land;false;marsh;1
1494;206;207;164;land;false;plains;1
1495;182;77;254;land;false;mountain;1
1496;158;244;203;land;true;plains;1
1497;229;91;239;land;true;mountain;1
1498;209;212;137;land;false;plains;1
1499;218;84;225;land;false;plains;1
1500;241;230;181;land;true;marsh;1
1501;209;198;191;land;false;plains;1
1502;201;249;110;land;false;marsh;1
1503;213;162;169;land;false;forest;1
1504;209;235;135;land;true;mountain;1
1505;207;187;151;land;false;mountain;1
1506;190;170;237;land;false;hills;1
1507;250;250;109;land;true;marsh;1
1508;253;126;231;land;true;hills;1
1509;233;201;101;land;true;mountain;1
1510;149;220;219;land;false;hills;1
1511;202;141;241;land;false;mountain;1
1512;254;106;213;land;false;mountain;1
1513;250;155;154;land;false;hills;1
1514;97;170;254;land;true;mountain;1
1515;209;149;208;land;true;marsh;1
1516;244;220;136;land;false;plains;1
1517;117;194;198;land;false;plains;1
1518;201;70;244;land;false;forest;1
1519;205;214;162;land;true;marsh;1
1520;193;121;187;land;false;forest;1
1521;73;253;198;land;false;plains;1
1522;236;153;164;land;true;mountain;1
1523;165;239;229;land;false;plains;1
1524;219;234;188;land;false;jungle;1
1525;196;207;119;land;false;plains;1
1526;220;210;218;land;false;plains;1
1527;210;159;224;land;false;forest;1
1528;201;202;121;land;false;plains;1
1529;150;248;162;land;true;mountain;1
1530;236;137;218;land;true;mountain;1
1531;101;224;176;land;true;mountain;1
1532;217;213;101;land;false;mountain;1
1533;231;187;230;land;true;marsh;1
1534;224;236;239;land;true;mountain;1
1535;123;235;253;land;false;forest;1
1536;201;145;217;land;false;hills;1
1537;152;229;173;land;false;mountain;1
1538;242;211;208;land;false;mountain;1
1539;131;229;197;land;false;hills;1
1540;187;210;122;land;false;plains;1
1541;178;126;210;land;true;hills;1
1542;210;195;194;land;false;mountain;1
1543;183;248;197;land;false;jungle;1
1544;245;152;183;land;false;jungle;1
1545;238;76;254;land;false;jungle;1
1546;169;182;217;land;false;mountain;1
1547;224;150;158;land;false;plains;1
1548;132;232;151;land;true;hills;1
1549;127;146;249;land;false;marsh;1
1550;199;231;81;land;true;plains;1
1551;156;152;210;land;false;hills;1
1552;209;178;199;land;false;forest;1
1553;181;122;227;land;false;marsh;1
1554;228;231;138;land;false;forest;1
1555;229;227;91;land;false;mountain;1
1556;139;240;155;land;false;mountain;1
1557;223;122;252;land;true;mountain;1
1558;242;166;180;land;false;marsh;1
1559;252;48;221;land;false;mountain;1
1560;196;150;184;land;false;marsh;1
1561;239;224;193;land;false;hills;1
1562;128;152;221;land;true;marsh;1
1563;134;249;248;land;false;plains;1
1564;194;242;249;land;true;mountain;1
1565;249;154;106;land;true;marsh;1
1566;209;179;174;land;false;mountain;1
1567;213;148;200;land;true;marsh;1
1568;233;109;172;land;false;hills;1
1569;166;241;172;land;true;marsh;1
1570;227;222;89;land;false;desert;1
1571;83;242;184;land;false;plains;1
1572;135;229;169;land;true;marsh;1
1573;190;238;249;land;false;plains;1
1574;184;245;235;land;false;jungle;1
1575;245;227;98;land;true;mountain;1
1576;195;226;154;land;false;plains;1
1577;249;164;153;land;false;marsh;1
1578;193;191;142;land;true;marsh;1
1579;248;196;118;land;true;mountain;1
1580;155;154;207;land;false;plains;1
1581;109;142;252;land;false;jungle;1
1582;208;234;141;land;false;mountain;1
1583;208;177;153;land;true;marsh;1
1584;201;229;143;land;true;jungle;1
1585;106;179;250;land;true;forest;1
1586;233;228;219;land;true;mountain;1
1587;194;245;163;land;true;plains;1
1588;214;151;180;land;true;marsh;1
1589;209;200;229;land;false;marsh;1
1590;77;235;197;land;true;marsh;1
1591;107;229;174;land;false;mountain;1
1592;162;164;214;land;true;marsh;1
1593;76;228;251;land;true;marsh;1
1594;223;215;179;land;false;marsh;1
1595;206;146;219;land;true;mountain;1
1596;203;155;212;land;false;jungle;1
1597;197;222;194;land;true;mountain;1
1598;196;131;236;land;false;plains;1
1599;40;241;220;land;false;hills;1
1600;233;191;247;land;false;forest;1
1601;252;218;239;land;false;mountain;1
1602;178;205;165;land;true;forest;1
1603;247;241;23;land;true;marsh;1
1604;181;168;251;land;false;plains;1
1605;159;150;207;land;false;marsh;1
1606;150;251;194;land;true;marsh;1
1607;249;245;118;land;false;forest;1
1608;181;243;201;land;false;mountain;1
1609;239;243;241;land;false;forest;1
1610;216;164;159;land;false;marsh;1
1611;170;239;202;land;true;plains;1
1612;215;188;111;land;true;marsh;1
1613;190;136;229;land;false;marsh;1
1614;186;231;198;land;false;plains;1
1615;189;242;140;land;false;marsh;1
1616;237;219;95;land;true;mountain;1
1617;212;229;101;land;false;jungle;1
1618;252;188;176;land;false;forest;1
1619;183;205;223;land;false;plains;1
1620;186;182;194;land;false;plains;1
1621;221;238;144;land;false;jungle;1
1622;226;213;232;land;false;mountain;1
1623;238;124;226;land;true;marsh;1
1624;141;230;170;land;false;plains;1
1625;250;113;179;land;true;marsh;1
1626;242;234;183;land;true;mountain;1
1627;219;249;35;land;false;hills;1
1628;244;192;210;land;false;marsh;1
1629;163;187;236;land;true;marsh;1
1630;131;214;195;land;false;hills;1
1631;214;172;183;land;false;plains;1
1632;193;188;179;land;true;marsh;1
1633;247;215;87;land;false;mountain;1
1634;243;228;45;land;true;marsh;1
1635;215;185;236;land;false;forest;1
1636;221;164;236;land;false;mountain;1
1637;171;240;172;land;false;marsh;1
1638;253;204;241;land;false;hills;1
1639;106;235;165;land;false;mountain;1
1640;195;253;211;land;true;hills;1
1641;184;181;151;land;false;plains;1
1642;77;232;243;land;false;hills;1
1643;169;247;205;land;false;mountain;1
1644;111;206;241;land;false;marsh;1
1645;189;155;185;land;true;mountain;1
1646;145;237;219;land;true;marsh;1
1647;253;210;51;land;false;mountain;1
1648;185;242;224;land;true;marsh;1
1649;220;180;154;land;false;forest;1
1650;192;222;234;land;true;marsh;1
1651;219;212;233;land;false;plains;1
1652;88;233;231;land;true;jungle;1
1653;230;201;205;land;true;mountain;1
1654;166;162;246;land;true;mountain;1
1655;33;229;243;land;true;hills;1
1656;227;235;88;land;false;mountain;1
1657;164;173;186;land;true;jungle;1
1658;217;245;253;land;true;marsh;1
1659;84;234;230;land;false;marsh;1
1660;193;186;170;land;true;marsh;1
1661;153;131;244;land;true;marsh;1
1662;173;243;138;land;true;forest;1
1663;211;248;204;land;false;mountain;1
1664;208;190;136;land;false;mountain;1
1665;120;176;218;land;true;plains;1
1666;184;191;140;land;false;jungle;1
1667;228;111;216;land;false;jungle;1
1668;60;216;235;land;true;mountain;1
1669;184;125;202;land;true;marsh;1
1670;100;240;224;land;true;plains;1
1671;15;240;248;land;true;marsh;1
1672;236;130;135;land;false;mountain;1
1673;156;190;201;land;false;marsh;1
1674;164;202;166;land;false;forest;1
1675;166;166;234;land;false;plains;1
1676;119;153;253;land;false;mountain;1
1677;221;212;171;land;true;hills;1
1678;112;228;198;land;true;marsh;1
1679;170;215;142;land;true;jungle;1
1680;177;148;224;land;false;plains;1
1681;138;252;213;land;true;hills;1
1682;112;160;241;land;false;marsh;1
1683;238;147;182;land;false;mountain;1
1684;193;242;149;land;false;marsh;1
1685;248;80;185;land;false;forest;1
1686;216;152;219;land;false;mountain;1
1687;114;141;253;land;true;hills;1
1688;153;250;177;land;false;mountain;1
1689;241;131;201;land;false;mountain;1
1690;250;101;183;land;false;plains;1
1691;253;232;30;land;true;marsh;1
1692;69;198;234;land;false;marsh;1
1693;167;202;178;land;false;mountain;1
1694;231;253;39;land;false;marsh;1
1695;221;251;116;land;false;forest;1
1696;212;209;208;land;true;mountain;1
1697;140;228;166;land;true;marsh;1
1698;155;130;218;land;true;marsh;1
1699;250;241;135;land;false;forest;1
1700;215;235;103;land;false;plains;1
1701;92;244;183;land;true;mountain;1
1702;197;203;124;land;false;mountain;1
1703;211;214;159;land;false;mountain;1
1704;229;86;202;land;false;jungle;1
1705;114;247;146;land;true;plains;1
1706;74;213;219;land;false;hills;1
1707;230;71;253;land;true;plains;1
1708;132;144;231;land;false;plains;1
1709;211;201;93;land;false;hills;1
1710;250;137;175;land;false;marsh;1
1711;88;185;250;land;false;plains;1
1712;182;219;197;land;true;plains;1
1713;183;231;249;land;false;plains;1
1714;228;156;217;land;false;hills;1
1715;239;85;244;land;false;mountain;1
1716;230;29;243;land;true;mountain;1
1717;183;248;123;land;true;forest;1
1718;217;149;239;land;false;hills;1
1719;244;137;194;land;true;mountain;1
1720;171;215;118;land;true;marsh;1
1721;173;156;209;land;true;hills;1
1722;224;233;148;land;false;forest;1
1723;248;58;239;land;true;marsh;1
1724;210;77;229;land;true;marsh;1
1725;135;241;161;land;true;hills;1
1726;152;186;206;land;false;mountain;1
1727;217;135;173;land;false;plains;1
1728;206;187;206;land;true;mountain;1
1729;175;204;229;land;true;hills;1
1730;209;97;199;land;true;mountain;1
1731;254;153;107;land;false;plains;1
1732;46;243;212;land;true;mountain;1
1733;230;69;228;land;false;jungle;1
1734;160;177;184;land;true;mountain;1
1735;248;184;120;land;false;hills;1
1736;233;146;236;land;true;mountain;1
1737;237;156;203;land;false;marsh;1
1738;215;134;240;land;false;hills;1
1739;208;200;203;land;true;marsh;1
1740;177;233;170;land;false;mountain;1
1741;206;163;159;land;true;marsh;1
1742;120;246;202;land;true;plains;1
1743;135;227;249;land;false;plains;1
1744;179;133;198;land;true;hills;1
1745;250;195;119;land;false;plains;1
1746;91;174;247;land;false;mountain;1
1747;127;251;145;land;false;hills;1
1748;166;183;158;land;true;plains;1
1749;117;216;226;land;true;forest;1
1750;176;223;197;land;true;mountain;1
1751;250;91;218;land;false;hills;1
1752;182;210;216;land;true;marsh;1
1753;245;27;235;land;false;mountain;1
1754;181;153;172;land;false;plains;1
1755;231;244;206;land;true;mountain;1
1756;236;63;217;land;true;mountain;1
1757;239;172;124;land;true;hills;1
1758;114;244;157;land;false;mountain;1
1759;233;241;236;land;true;mountain;1
1760;230;219;90;land;true;mountain;1
1761;238;183;250;land;false;marsh;1
1762;146;210;225;land;false;mountain;1
1763;222;177;162;land;false;forest;1
1764;211;106;205;land;false;plains;1
1765;222;245;92;land;false;hills;1
1766;242;221;176;land;false;jungle;1
1767;254;243;203;land;false;plains;1
1768;201;222;119;land;false;forest;1
1769;118;205;188;land;false;plains;1
1770;248;80;186;land;false;mountain;1
1771;170;245;111;land;false;mountain;1
1772;205;164;238;land;false;mountain;1
1773;163;219;169;land;true;mountain;1
1774;244;109;178;land;false;marsh;1
1775;218;164;169;land;false;plains;1
1776;208;177;151;land;true;marsh;1
1777;163;144;215;land;true;jungle;1
1778;230;200;199;land;false;mountain;1
1779;253;119;174;land;true;jungle;1
1780;194;222;200;land;false;plains;1
1781;228;139;172;land;true;plains;1
1782;171;209;218;land;false;mountain;1
1783;170;143;252;land;false;plains;1
1784;201;165;238;land;true;mountain;1
1785;121;218;214;land;false;marsh;1
1786;195;135;183;land;true;jungle;1
1787;163;254;241;land;true;marsh;1
1788;189;103;220;land;false;plains;1
1789;203;166;250;land;false;plains;1
1790;193;196;144;land;true;marsh;1
1791;230;203;129;land;false;marsh;1
1792;201;170;198;land;false;plains;1
1793;157;223;123;land;true;mountain;1
1794;119;212;192;land;true;marsh;1
1795;246;70;186;land;false;hills;1
1796;177;157;232;land;false;forest;1
1797;213;233;129;land;true;forest;1
1798;27;254;245;land;true;marsh;1
1799;210;207;221;land;false;mountain;1
1800;42;224;247;land;true;mountain;1
1801;231;51;224;land;true;marsh;1
1802;186;240;177;land;false;plains;1
1803;244;179;191;land;true;mountain;1
1804;174;141;251;land;false;plains;1
1805;88;247;253;land;true;jungle;1
1806;218;236;117;land;false;mountain;1
1807;225;178;230;land;false;marsh;1
1808;237;172;211;land;false;plains;1
1809;179;152;222;land;true;marsh;1
1810;157;231;202;land;false;marsh;1
1811;187;197;159;land;false;mountain;1
1812;244;121;230;land;false;plains;1
1813;143;226;220;land;false;mountain;1
1814;239;123;169;land;false;jungle;1
1815;250;187;104;land;false;marsh;1
1816;236;199;130;land;false;plains;1
1817;170;243;96;land;false;plains;1
1818;225;209;85;land;true;marsh;1
1819;143;254;170;land;false;marsh;1
1820;217;236;205;land;false;plains;1
1821;248;25;253;land;true;hills;1
1822;157;123;228;land;true;marsh;1
1823;133;187;183;land;false;marsh;1
1824;176;250;109;land;false;mountain;1
1825;248;171;93;land;false;jungle;1
1826;252;240;120;land;false;marsh;1
1827;135;180;240;land;false;plains;1
1828;182;253;247;land;false;hills;1
1829;186;248;247;land;false;forest;1
1830;248;54;232;land;false;mountain;1
1831;239;233;158;land;false;plains;1
1832;146;178;197;land;false;hills;1
1833;207;127;198;land;false;hills;1
1834;151;252;245;land;true;mountain;1
1835;138;248;239;land;true;hills;1
1836;253;221;114;land;false;plains;1
1837;179;250;226;land;true;marsh;1
1838;245;113;144;land;true;mountain;1
1839;241;208;56;land;true;hills;1
1840;111;241;179;land;true;mountain;1
1841;196;237;247;land;false;mountain;1
1842;205;211;128;land;false;mountain;1
1843;188;224;96;land;false;marsh;1
1844;228;154;152;land;false;forest;1
1845;170;180;170;land;false;marsh;1
1846;254;235;55;land;false;hills;1
1847;202;186;195;land;false;mountain;1
1848;242;167;225;land;false;plains;1
1849;170;186;202;land;false;marsh;1
1850;209;135;176;land;false;hills;1
1851;127;245;218;land;false;forest;1
1852;235;172;205;land;true;plains;1
1853;37;238;252;land;false;marsh;1
1854;193;166;214;land;true;marsh;1
1855;237;126;157;land;false;jungle;1
1856;235;55;244;land;false;plains;1
1857;201;234;214;land;false;hills;1
1858;82;206;230;land;false;hills;1
1859;142;220;221;land;false;plains;1
1860;246;236;58;land;false;mountain;1
1861;218;117;194;land;false;mountain;1
1862;210;177;143;land;false;mountain;1
1863;242;226;193;land;false;plains;1
1864;114;234;206;land;true;marsh;1
1865;235;209;127;land;false;jungle;1
1866;167;235;134;land;false;marsh;1
1867;237;31;248;land;true;mountain;1
1868;77;216;239;land;false;plains;1
1869;183;218;143;land;true;marsh;1
1870;209;181;195;land;false;mountain;1
1871;230;132;192;land;true;mountain;1
1872;191;126;195;land;false;mountain;1
1873;194;194;145;land;true;marsh;1
1874;150;209;171;land;true;hills;1
1875;204;230;112;land;false;marsh;1
1876;183;82;253;land;false;mountain;1
1877;237;121;247;land;false;mountain;1
1878;202;199;219;land;false;plains;1
1879;210;195;236;land;true;marsh;1
1880;235;164;200;land;false;marsh;1
1881;204;217;172;land;false;marsh;1
1882;131;240;201;land;false;mountain;1
1883;228;242;68;land;false;marsh;1
1884;175;219;226;land;true;marsh;1
1885;251;86;190;land;false;forest;1
1886;208;209;237;land;false;hills;1
1887;244;150;223;land;false;mountain;1
1888;232;46;231;land;true;marsh;1
1889;237;75;216;land;true;forest;1
1890;227;130;190;land;false;plains;1
1891;129;204;173;land;false;plains;1
1892;221;237;66;land;false;mountain;1
1893;226;250;128;land;true;marsh;1
1894;245;218;82;land;true;marsh;1
1895;218;210;81;land;true;marsh;1
1896;223;218;112;land;false;marsh;1
1897;174;119;236;land;true;mountain;1
1898;199;174;233;land;true;marsh;1
1899;254;102;167;land;true;plains;1
1900;160;158;240;land;false;mountain;1
1901;157;142;251;land;false;plains;1
1902;116;238;199;land;false;mountain;1
1903;252;249;22;land;false;mountain;1
1904;125;247;156;land;true;mountain;1
1905;202;157;242;land;true;marsh;1
1906;147;218;197;land;false;jungle;1
1907;142;230;135;land;false;mountain;1
1908;181;126;196;land;false;marsh;1
1909;80;231;209;land;true;forest;1
1910;126;197;247;land;true;marsh;1
1911;162;215;143;land;true;forest;1
1912;153;240;167;land;false;marsh;1
1913;219;175;133;land;true;marsh;1
1914;191;178;149;land;false;plains;1
1915;175;131;204;land;true;marsh;1
1916;130;247;212;land;true;marsh;1
1917;131;176;208;land;false;hills;1
1918;182;191;197;land;false;plains;1
1919;149;234;173;land;false;jungle;1
1920;250;103;149;land;false;mountain;1
1921;221;128;236;land;false;hills;1
1922;199;252;183;land;true;marsh;1
1923;240;108;201;land;false;jungle;1
1924;161;123;224;land;false;mountain;1
1925;155;220;185;land;false;plains;1
1926;198;135;236;land;false;hills;1
1927;187;254;101;land;false;mountain;1
1928;217;137;168;land;false;marsh;1
1929;63;242;232;land;false;hills;1
1930;236;229;36;land;false;marsh;1
1931;235;249;113;land;true;mountain;1
1932;220;250;108;land;false;mountain;1
1933;122;201;216;land;false;mountain;1
1934;222;203;243;land;true;mountain;1
1935;138;184;221;land;true;marsh;1
1936;183;206;131;land;false;marsh;1
1937;167;238;187;land;true;hills;1
1938;104;166;232;land;false;marsh;1
1939;220;147;227;land;false;hills;1
1940;213;254;112;land;true;mountain;1
1941;179;189;153;land;false;mountain;1
1942;138;251;138;land;false;jungle;1
1943;231;183;211;land;true;mountain;1
1944;234;122;240;land;false;jungle;1
1945;203;187;202;land;false;marsh;1
1946;171;174;233;land;false;hills;1
1947;209;242;109;land;false;plains;1
1948;230;250;65;land;false;mountain;1
1949;165;179;222;land;false;hills;1
1950;136;228;190;land;true;mountain;1
1951;211;158;204;land;false;marsh;1
1952;140;230;236;land;true;jungle;1
1953;252;49;236;land;false;marsh;1
1954;167;121;219;land;false;mountain;1
1955;187;162;204;land;true;plains;1
1956;235;248;144;land;true;plains;1
1957;209;108;197;land;true;plains;1
1958;98;207;244;land;false;mountain;1
1959;155;228;212;land;false;plains;1
1960;231;61;249;land;false;plains;1
1961;122;251;249;land;false;plains;1
1962;232;212;69;land;true;hills;1
1963;84;193;232;land;true;marsh;1
1964;247;163;183;land;false;hills;1
1965;200;233;126;land;true;marsh;1
1966;240;212;109;land;true;mountain;1
1967;219;104;226;land;true;mountain;1
1968;238;81;197;land;true;marsh;1
1969;249;36;245;land;true;marsh;1
1970;253;153;127;land;true;mountain;1
1971;246;143;126;land;true;urban;1
1972;235;140;141;land;false;hills;1
1973;137;157;212;land;true;marsh;1
1974;110;236;157;land;false;marsh;1
1975;172;154;183;land;false;marsh;1
1976;169;191;189;land;true;jungle;1
1977;109;200;216;land;true;mountain;1
1978;232;180;109;land;false;plains;1
1979;195;160;206;land;false;marsh;1
1980;230;184;130;land;true;mountain;1
1981;208;173;210;land;true;marsh;1
1982;241;210;149;land;true;forest;1
1983;239;169;206;land;false;forest;1
1984;141;228;204;land;false;plains;1
1985;219;174;232;land;false;marsh;1
1986;159;170;173;land;false;plains;1
1987;84;180;246;land;false;jungle;1
1988;244;179;185;land;false;forest;1
1989;234;153;225;land;false;jungle;1
1990;228;252;238;land;false;mountain;1
1991;212;117;200;land;false;plains;1
1992;224;108;177;land;false;marsh;1
1993;249;104;166;land;false;jungle;1
1994;128;220;203;land;true;forest;1
1995;130;202;200;land;false;plains;1
1996;244;214;225;land;false;hills;1
1997;178;172;219;land;true;marsh;1
1998;217;224;79;land;false;plains;1
1999;214;217;239;land;false;plains;1
2000;237;109;162;land;false;plains;1
2001;214;206;195;land;false;plains;1
2002;247;169;191;land;false;mountain;1
2003;84;222;212;land;false;mountain;1
2004;108;216;226;land;true;marsh;1
2005;245;93;186;land;false;plains;1
2006;208;244;162;land;false;forest;1
2007;212;253;226;land;false;plains;1
2008;194;242;217;land;true;marsh;1
2009;187;186;156;land;true;hills;1
2010;213;247;151;land;true;marsh;1
2011;195;226;127;land;false;marsh;1
2012;230;191;123;land;false;marsh;1
2013;195;243;102;land;false;marsh;1
2014;170;152;182;land;false;mountain;1
2015;181;239;237;land;false;plains;1
2016;245;60;254;land;false;plains;1
2017;127;197;220;land;false;mountain;1
2018;169;145;227;land;true;forest;1
2019;218;204;123;land;true;mountain;1
2020;225;254;71;land;false;mountain;1
2021;136;235;193;land;false;hills;1
2022;190;194;133;land;false;forest;1
2023;217;235;251;land;false;forest;1
2024;198;200;242;land;false;plains;1
2025;157;226;138;land;true;marsh;1
2026;147;194;253;land;false;mountain;1
2027;237;254;212;land;true;plains;1
2028;210;133;163;land;false;plains;1
2029;225;244;64;land;false;plains;1
2030;113;227;174;land;false;mountain;1
2031;223;198;146;land;true;marsh;1
2032;190;182;225;land;true;hills;1
2033;214;145;253;land;false;mountain;1
2034;145;174;240;land;false;plains;1
2035;155;203;223;land;true;mountain;1
2036;192;233;180;land;false;mountain;1
2037;182;161;192;land;true;plains;1
2038;250;23;253;land;false;plains;1
2039;177;158;229;land;true;marsh;1
2040;205;137;239;land;false;plains;1
2041;226;92;190;land;true;mountain;1
2042;242;130;206;land;false;hills;1
2043;198;190;134;land;false;plains;1
2044;189;154;223;land;true;marsh;1
2045;102;197;212;land;false;mountain;1
2046;223;87;211;land;true;marsh;1
2047;134;206;230;land;false;marsh;1
2048;132;161;248;land;true;hills;1
2049;161;197;196;land;true;mountain;1
2050;211;112;244;land;false;forest;1
2051;251;115;200;land;false;plains;1
2052;220;226;119;land;false;plains;1
2053;152;173;234;land;true;mountain;1
2054;171;156;229;land;false;mountain;1
2055;221;103;187;land;true;mountain;1
2056;172;130;214;land;true;mountain;1
2057;172;155;193;land;true;mountain;1
2058;229;194;252;land;false;mountain;1
2059;158;166;198;land;false;hills;1
2060;200;204;114;land;false;mountain;1
2061;79;233;229;land;true;forest;1
2062;212;225;246;land;false;marsh;1
2063;229;199;214;land;true;urban;1
2064;247;219;135;land;true;urban;1
2065;220;195;179;land;true;plains;1
2066;163;155;227;land;false;plains;1
2067;55;230;250;land;true;marsh;1
2068;249;126;182;land;true;forest;1
2069;219;222;199;land;false;plains;1
2070;147;207;226;land;false;hills;1
2071;216;235;67;land;true;marsh;1
2072;254;125;200;land;false;plains;1
2073;219;222;72;land;true;plains;1
2074;230;166;221;land;false;mountain;1
2075;254;106;144;land;false;plains;1
2076;232;224;88;land;true;marsh;1
2077;236;173;199;land;false;mountain;1
2078;155;247;241;land;false;mountain;1
2079;164;251;89;land;false;plains;1
2080;225;196;165;land;true;marsh;1
2081;249;158;164;land;true;marsh;1
2082;70;191;245;land;false;hills;1
2083;250;48;236;land;false;plains;1
2084;153;226;229;land;false;plains;1
2085;132;250;137;land;true;mountain;1
2086;116;143;251;land;false;hills;1
2087;151;230;156;land;false;plains;1
2088;62;244;222;land;true;jungle;1
2089;92;227;248;land;false;plains;1
2090;252;194;169;land;true;mountain;1
2091;137;243;146;land;false;plains;1
2092;160;126;240;land;true;marsh;1
2093;226;253;141;land;true;hills;1
2094;158;166;243;land;true;marsh;1
2095;226;141;222;land;false;mountain;1
2096;252;182;157;land;false;jungle;1
2097;224;251;39;land;false;plains;1
2098;228;239;245;land;true;mountain;1
2099;185;200;209;land;true;marsh;1
2100;220;233;229;land;true;mountain;1
2101;218;143;219;land;false;forest;1
2102;193;209;158;land;false;marsh;1
2103;249;72;219;land;true;marsh;1
2104;163;202;244;land;false;marsh;1
2105;77;227;202;land;false;plains;1
2106;238;122;204;land;true;mountain;1
2107;249;13;253;land;true;forest;1
2108;218;216;115;land;true;plains;1
2109;165;242;212;land;false;forest;1
2110;228;228;80;land;false;plains;1
2111;200;201;194;land;true;mountain;1
2112;231;179;164;land;false;plains;1
2113;58;243;224;land;true;urban;1
2114;228;229;235;land;true;plains;1
2115;182;160;210;land;false;plains;1
2116;230;107;222;land;false;marsh;1
2117;217;224;86;land;false;jungle;1
2118;212;157;250;land;true;hills;1
2119;225;129;220;land;false;mountain;1
2120;121;220;239;land;true;marsh;1
2121;245;138;126;land;true;marsh;1
2122;159;231;231;land;false;marsh;1
2123;221;207;84;land;false;hills;1
2124;211;198;121;land;true;marsh;1
2125;132;137;244;land;false;mountain;1
2126;62;191;252;land;true;plains;1
2127;205;246;172;land;false;plains;1
2128;129;182;218;land;false;marsh;1
2129;123;247;139;land;false;plains;1
2130;143;246;169;land;false;mountain;1
2131;152;184;167;land;false;plains;1
2132;239;58;205;land;false;mountain;1
2133;212;243;129;land;false;mountain;1
2134;180;179;232;land;true;marsh;1
2135;252;130;172;land;false;hills;1
2136;182;211;239;land;false;plains;1
2137;206;231;157;land;false;mountain;1
2138;149;144;235;land;false;mountain;1
2139;163;197;186;land;false;hills;1
2140;221;152;225;land;true;mountain;1
2141;217;223;129;land;true;marsh;1
2142;252;202;223;land;false;forest;1
2143;247;115;160;land;true;mountain;1
2144;242;154;200;land;false;plains;1
2145;169;157;195;land;false;jungle;1
2146;202;204;114;land;false;plains;1
2147;164;177;180;land;true;mountain;1
2148;113;245;236;land;true;mountain;1
2149;200;212;178;land;false;forest;1
2150;207;214;123;land;true;marsh;1
2151;235;253;97;land;false;marsh;1
2152;84;234;221;land;false;hills;1
2153;159;153;195;land;false;mountain;1
2154;133;151;242;land;false;plains;1
2155;250;247;64;land;false;mountain;1
2156;129;180;205;land;false;mountain;1
2157;249;133;156;land;true;forest;1
2158;198;212;220;land;false;hills;1
2159;184;137;209;land;true;marsh;1
2160;125;161;225;land;false;plains;1
2161;204;73;249;land;true;marsh;1
2162;230;251;187;land;false;plains;1
2163;146;242;161;land;false;jungle;1
2164;226;160;232;land;false;mountain;1
2165;229;235;184;land;false;mountain;1
2166;220;224;176;land;false;forest;1
2167;236;125;181;land;false;mountain;1
2168;245;245;62;land;false;jungle;1
2169;204;229;213;land;false;forest;1
2170;228;203;118;land;true;mountain;1
2171;216;173;135;land;true;marsh;1
2172;248;13;250;land;true;mountain;1
2173;219;105;210;land;false;marsh;1
2174;220;163;200;land;true;marsh;1
2175;179;244;127;land;false;marsh;1
2176;215;169;148;land;true;marsh;1
2177;169;153;206;land;false;plains;1
2178;178;203;133;land;false;plains;1
2179;124;149;245;land;false;mountain;1
2180;242;138;187;land;true;mountain;1
2181;42;243;233;land;true;mountain;1
2182;174;132;249;land;false;hills;1
2183;144;153;215;land;false;mountain;1
2184;254;218;190;land;false;plains;1
2185;188;138;179;land;true;jungle;1
2186;212;132;200;land;false;marsh;1
2187;170;241;94;land;false;mountain;1
2188;161;235;165;land;false;hills;1
2189;253;94;174;land;false;hills;1
2190;164;224;215;land;false;jungle;1
2191;115;159;235;land;false;forest;1
2192;229;134;244;land;false;plains;1
2193;172;245;168;land;false;mountain;1
2194;225;233;149;land;true;mountain;1
2195;231;174;143;land;true;mountain;1
2196;235;198;149;land;false;jungle;1
2197;218;140;220;land;false;marsh;1
2198;247;217;233;land;true;mountain;1
2199;247;54;253;land;true;marsh;1
2200;102;201;228;land;true;marsh;1
2201;89;241;230;land;false;plains;1
2202;75;243;239;land;false;plains;1
2203;187;174;228;land;true;plains;1
2204;127;193;215;land;false;hills;1
2205;118;214;204;land;false;marsh;1
2206;239;206;195;land;false;hills;1
2207;136;237;251;land;false;mountain;1
2208;116;239;183;land;false;plains;1
2209;202;231;153;land;false;plains;1
2210;95;218;222;land;false;marsh;1
2211;233;153;186;land;false;mountain;1
2212;223;94;241;land;false;mountain;1
2213;139;243;238;land;false;plains;1
2214;227;108;190;land;false;plains;1
2215;225;246;114;land;true;plains;1
2216;240;199;216;land;false;plains;1
2217;166;134;253;land;false;forest;1
2218;82;239;221;land;false;mountain;1
2219;207;251;122;land;true;urban;1
2220;247;180;120;land;false;mountain;1
2221;113;165;253;land;false;plains;1
2222;222;222;246;land;false;plains;1
2223;86;174;246;land;false;plains;1
2224;84;238;234;land;false;mountain;1
2225;187;157;227;land;true;mountain;1
2226;126;166;241;land;false;mountain;1
2227;144;189;229;land;true;marsh;1
2228;136;154;226;land;false;plains;1
2229;198;152;224;land;false;forest;1
2230;245;226;247;land;true;jungle;1
2231;176;170;217;land;false;plains;1
2232;200;151;197;land;false;mountain;1
2233;243;124;186;land;false;mountain;1
2234;174;188;172;land;false;marsh;1
2235;247;109;178;land;false;mountain;1
2236;230;238;132;land;true;marsh;1
2237;169;116;252;land;false;plains;1
2238;245;229;29;land;true;hills;1
2239;142;123;253;land;true;forest;1
2240;163;219;151;land;true;forest;1
2241;197;125;204;land;false;marsh;1
2242;223;176;235;land;false;mountain;1
2243;201;195;160;land;false;mountain;1
2244;98;254;186;land;true;marsh;1
2245;247;254;231;land;true;plains;1
2246;126;197;230;land;false;marsh;1
2247;229;217;59;land;true;mountain;1
2248;201;182;241;land;true;marsh;1
2249;96;233;187;land;true;mountain;1
2250;239;88;205;land;false;marsh;1
2251;142;201;180;land;false;mountain;1
2252;149;160;232;land;true;marsh;1
2253;178;81;242;land;false;mountain;1
2254;211;253;134;land;false;mountain;1
2255;233;250;33;land;true;mountain;1
2256;36;252;216;land;true;mountain;1
2257;100;193;249;land;false;jungle;1
2258;199;127;179;land;false;hills;1
2259;235;127;213;land;false;plains;1
2260;211;93;240;land;false;hills;1
2261;128;251;210;land;true;marsh;1
2262;241;163;172;land;false;plains;1
2263;155;124;222;land;false;mountain;1
2264;164;180;192;land;true;hills;1
2265;198;248;122;land;false;hills;1
2266;91;211;236;land;false;plains;1
2267;198;185;151;land;false;mountain;1
2268;233;184;242;land;false;hills;1
2269;253;202;86;land;false;marsh;1
2270;221;62;236;land;false;forest;1
2271;254;211;70;land;false;jungle;1
2272;237;244;104;land;false;mountain;1
2273;254;239;182;land;true;urban;1
2274;203;186;219;land;false;jungle;1
2275;186;193;145;land;false;forest;1
2276;134;192;191;land;true;plains;1
2277;135;173;207;land;false;plains;1
2278;106;224;175;land;false;forest;1
2279;248;130;234;land;true;mountain;1
2280;207;206;152;land;false;hills;1
2281;81;254;248;land;true;mountain;1
2282;228;144;207;land;false;plains;1
2283;244;201;77;land;true;mountain;1
2284;242;212;88;land;true;marsh;1
2285;200;211;150;land;false;mountain;1
2286;238;127;237;land;true;marsh;1
2287;155;206;140;land;true;plains;1
2288;248;246;95;land;false;mountain;1
2289;235;170;210;land;true;plains;1
2290;161;125;253;land;false;jungle;1
2291;168;195;204;land;true;marsh;1
2292;235;189;101;land;false;mountain;1
2293;197;207;147;land;false;marsh;1
2294;149;189;228;land;false;marsh;1
2295;50;214;244;land;true;jungle;1
2296;249;113;205;land;true;hills;1
2297;207;181;247;land;false;hills;1
2298;214;249;187;land;false;marsh;1
2299;189;238;196;land;false;plains;1
2300;145;187;203;land;true;mountain;1
2301;117;192;232;land;true;marsh;1
2302;186;230;140;land;true;marsh;1
2303;236;188;171;land;true;marsh;1
2304;95;250;195;land;false;marsh;1
2305;249;186;133;land;true;marsh;1
2306;170;228;220;land;true;jungle;1
2307;125;189;194;land;false;plains;1
2308;235;237;175;land;false;forest;1
2309;177;235;207;land;false;mountain;1
2310;237;211;54;land;true;jungle;1
2311;242;143;245;land;false;plains;1
2312;231;159;245;land;true;marsh;1
2313;239;219;92;land;false;hills;1
2314;248;75;253;land;false;plains;1
2315;170;208;156;land;true;marsh;1
2316;211;214;196;land;false;plains;1
2317;129;241;246;land;false;marsh;1
2318;246;156;224;land;false;mountain;1
2319;240;225;69;land;false;forest;1
2320;225;218;143;land;false;mountain;1
2321;200;107;238;land;false;mountain;1
2322;160;121;230;land;false;mountain;1
2323;131;248;182;land;false;hills;1
2324;246;237;61;land;false;mountain;1
2325;180;226;175;land;false;plains;1
2326;152;230;219;land;true;hills;1
2327;198;138;171;land;false;jungle;1
2328;138;249;239;land;false;marsh;1
2329;158;226;135;land;false;forest;1
2330;249;166;140;land;true;mountain;1
2331;114;219;212;land;true;hills;1
2332;236;212;109;land;true;marsh;1
2333;233;227;214;land;true;mountain;1
2334;182;243;235;land;false;forest;1
2335;246;193;77;land;false;hills;1
2336;195;250;208;land;false;plains;1
2337;96;185;236;land;false;marsh;1
2338;197;203;248;land;true;mountain;1
2339;210;250;126;land;false;mountain;1
2340;37;242;230;land;false;mountain;1
2341;197;215;101;land;true;marsh;1
2342;169;196;186;land;true;mountain;1
2343;133;249;239;land;true;marsh;1
2344;162;220;194;land;true;marsh;1
2345;201;88;243;land;false;mountain;1
2346;172;252;100;land;false;mountain;1
2347;237;190;240;land;false;mountain;1
2348;129;221;217;land;true;mountain;1
2349;251;35;245;land;true;marsh;1
2350;188;250;101;land;false;mountain;1
2351;172;237;166;land;false;marsh;1
2352;144;130;253;land;false;plains;1
2353;250;246;75;land;true;marsh;1
2354;206;157;169;land;false;plains;1
2355;117;252;202;land;true;urban;1
2356;192;251;110;land;false;marsh;1
2357;188;233;126;land;true;mountain;1
2358;96;215;241;land;true;forest;1
2359;221;238;181;land;true;marsh;1
2360;206;222;240;land;false;plains;1
2361;196;193;119;land;false;plains;1
2362;230;205;155;land;false;hills;1
2363;180;218;246;land;false;hills;1
2364;250;145;251;land;false;plains;1
2365;144;169;201;land;false;hills;1
2366;212;246;64;land;true;mountain;1
2367;238;77;251;land;false;hills;1
2368;228;127;211;land;false;mountain;1
2369;246;86;205;land;true;plains;1
2370;157;243;182;land;false;plains;1
2371;223;224;160;land;false;marsh;1
2372;128;242;186;land;true;marsh;1
2373;252;248;113;land;false;mountain;1
2374;202;231;130;land;false;mountain;1
2375;249;219;169;land;true;marsh;1
2376;165;107;238;land;false;mountain;1
2377;225;245;121;land;true;jungle;1
2378;187;206;157;land;false;plains;1
2379;186;135;243;land;true;mountain;1
2380;113;250;196;land;true;forest;1
2381;245;138;118;land;true;jungle;1
2382;203;136;229;land;true;marsh;1
2383;214;243;184;land;false;forest;1
2384;239;83;241;land;true;marsh;1
2385;248;167;247;land;false;plains;1
2386;194;243;83;land;false;mountain;1
2387;189;251;235;land;true;marsh;1
2388;247;215;173;land;true;plains;1
2389;219;163;228;land;false;plains;1
2390;209;204;167;land;false;plains;1
2391;174;238;123;land;false;marsh;1
2392;58;243;252;land;false;hills;1
2393;225;249;30;land;true;marsh;1
2394;143;242;143;land;true;marsh;1
2395;240;125;218;land;false;jungle;1
2396;183;223;221;land;false;marsh;1
2397;218;253;139;land;false;mountain;1
2398;206;226;73;land;false;mountain;1
2399;229;176;163;land;false;jungle;1
2400;98;239;193;land;true;marsh;1
2401;204;208;121;land;true;marsh;1
2402;251;207;167;land;true;marsh;1
2403;250;91;176;land;false;hills;1
2404;190;165;158;land;false;marsh;1
2405;252;160;128;land;true;marsh;1
2406;151;247;135;land;false;marsh;1
2407;214;205;248;land;false;forest;1
2408;238;223;104;land;false;mountain;1
2409;106;202;198;land;false;plains;1
2410;68;220;252;land;true;marsh;1
2411;195;191;164;land;true;marsh;1
2412;238;188;208;land;true;hills;1
2413;152;148;230;land;false;marsh;1
2414;157;207;228;land;false;plains;1
2415;156;246;210;land;false;hills;1
2416;111;157;245;land;false;mountain;1
2417;198;163;163;land;true;marsh;1
2418;227;224;218;land;false;marsh;1
2419;253;132;236;land;true;marsh;1
2420;199;154;183;land;false;hills;1
2421;139;228;191;land;false;marsh;1
2422;194;161;251;land;false;marsh;1
2423;218;208;82;land;false;jungle;1
2424;223;42;244;land;false;plains;1
2425;127;141;237;land;true;marsh;1
2426;248;166;186;land;false;plains;1
2427;182;166;239;land;true;marsh;1
2428;189;169;195;land;false;mountain;1
2429;131;175;202;land;true;marsh;1
2430;127;247;208;land;false;marsh;1
2431;162;108;238;land;true;marsh;1
2432;203;242;130;land;false;marsh;1
2433;190;192;175;land;true;marsh;1
2434;206;115;245;land;true;mountain;1
2435;181;98;229;land;false;marsh;1
2436;235;162;199;land;false;plains;1
2437;220;136;182;land;false;marsh;1
2438;148;234;229;land;false;jungle;1
2439;144;227;212;land;false;marsh;1
2440;247;163;152;land;false;jungle;1
2441;168;145;231;land;false;mountain;1
2442;235;101;228;land;true;jungle;1
2443;231;137;139;land;false;marsh;1
2444;196;252;190;land;false;mountain;1
2445;97;233;213;land;false;plains;1
2446;225;241;48;land;true;mountain;1
2447;253;136;118;land;true;plains;1
2448;198;211;210;land;true;marsh;1
2449;203;241;219;land;false;mountain;1
2450;208;157;222;land;true;plains;1
2451;141;236;152;land;false;hills;1
2452;166;148;241;land;false;plains;1
2453;203;175;242;land;false;hills;1
2454;211;210;170;land;false;plains;1
2455;139;219;227;land;false;mountain;1
2456;210;207;233;land;true;forest;1
2457;244;223;219;land;true;plains;1
2458;119;175;212;land;true;mountain;1
2459;201;228;125;land;false;marsh;1
2460;185;157;225;land;true;mountain;1
2461;210;151;142;land;false;marsh;1
2462;103;170;248;land;true;plains;1
2463;246;183;200;land;false;mountain;1
2464;208;233;250;land;false;plains;1
2465;209;149;178;land;false;mountain;1
2466;138;194;183;land;false;plains;1
2467;106;178;218;land;false;hills;1
2468;232;204;103;land;false;mountain;1
2469;166;210;236;land;false;plains;1
2470;117;235;230;land;false;plains;1
2471;189;237;174;land;true;mountain;1
2472;143;231;237;land;false;marsh;1
2473;159;157;198;land;false;hills;1
2474;172;200;194;land;false;plains;1
2475;191;168;250;land;false;marsh;1
2476;95;228;194;land;false;hills;1
2477;156;250;114;land;false;jungle;1
2478;172;159;237;land;false;plains;1
2479;238;212;198;land;false;plains;1
2480;153;176;222;land;true;mountain;1
2481;125;165;232;land;false;plains;1
2482;92;198;212;land;true;forest;1
2483;242;244;236;land;true;mountain;1
2484;161;150;206;land;false;plains;1
2485;166;208;192;land;false;plains;1
2486;122;160;250;land;false;plains;1
2487;202;199;144;land;false;mountain;1
2488;184;184;200;land;true;mountain;1
2489;243;223;43;land;false;plains;1
2490;28;226;247;land;true;marsh;1
2491;247;245;131;land;true;hills;1
2492;166;152;210;land;true;marsh;1
2493;237;206;130;land;false;jungle;1
2494;135;186;244;land;false;hills;1
2495;158;164;208;land;true;marsh;1
2496;219;235;242;land;false;hills;1
2497;253;153;249;land;false;plains;1
2498;236;157;223;land;false;marsh;1
2499;220;235;176;land;true;marsh;1
2500;239;175;250;land;false;mountain;1
2501;229;209;128;land;false;mountain;1
2502;163;191;224;land;true;mountain;1
2503;172;152;236;land;false;marsh;1
2504;172;158;235;land;true;mountain;1
2505;189;166;179;land;false;plains;1
2506;151;116;238;land;true;mountain;1
2507;247;119;212;land;false;plains;1
2508;243;124;217;land;false;plains;1
2509;254;233;47;land;true;mountain;1
2510;209;236;173;land;true;marsh;1
2511;178;111;231;land;false;plains;1
2512;142;212;214;land;false;plains;1
2513;245;241;243;land;true;marsh;1
2514;187;241;184;land;true;marsh;1
2515;231;222;90;land;false;mountain;1
2516;219;191;237;land;false;mountain;1
2517;124;249;157;land;false;marsh;1
2518;251;42;248;land;false;plains;1
2519;147;207;223;land;false;plains;1
2520;147;129;233;land;false;plains;1
2521;178;251;195;land;true;hills;1
2522;240;205;96;land;false;hills;1
2523;243;63;209;land;false;mountain;1
2524;201;181;190;land;false;forest;1
2525;134;197;224;land;false;jungle;1
2526;223;244;183;land;false;plains;1
2527;197;249;110;land;true;urban;1
2528;230;151;198;land;true;marsh;1
2529;183;140;210;land;false;hills;1
2530;157;183;233;land;false;plains;1
2531;47;224;247;land;false;jungle;1
2532;71;243;233;land;false;mountain;1
2533;155;214;227;land;false;plains;1
2534;252;249;219;land;true;mountain;1
2535;128;251;142;land;false;marsh;1
2536;224;196;145;land;false;mountain;1
2537;238;224;145;land;false;mountain;1
2538;250;251;215;land;false;marsh;1
2539;203;121;209;land;true;mountain;1
2540;131;246;221;land;false;plains;1
2541;244;232;46;land;false;plains;1
2542;185;239;124;land;false;hills;1
2543;250;8;249;land;false;marsh;1
2544;82;249;192;land;false;plains;1
2545;108;219;176;land;false;forest;1
2546;251;160;239;land;true;marsh;1
2547;173;190;245;land;false;plains;1
2548;187;215;211;land;false;marsh;1
2549;250;135;144;land;false;plains;1
2550;240;204;69;land;false;mountain;1
2551;243;108;231;land;true;mountain;1
2552;142;198;171;land;false;plains;1
2553;72;248;196;land;false;marsh;1
2554;83;235;217;land;true;mountain;1
2555;105;239;183;land;false;jungle;1
2556;161;207;190;land;false;mountain;1
2557;199;140;172;land;false;plains;1
2558;244;219;202;land;true;plains;1
2559;242;221;209;land;false;mountain;1
2560;181;79;243;land;true;marsh;1
2561;208;254;120;land;false;mountain;1
2562;157;223;142;land;true;marsh;1
2563;194;236;139;land;false;mountain;1
2564;242;138;206;land;false;mountain;1
2565;169;168;246;land;false;plains;1
2566;174;246;95;land;false;mountain;1
2567;196;77;241;land;false;mountain;1
2568;201;237;121;land;false;hills;1
2569;223;253;230;land;true;plains;1
2570;208;157;170;land;false;marsh;1
2571;244;193;221;land;false;hills;1
2572;204;249;209;land;false;jungle;1
2573;146;179;228;land;false;plains;1
2574;203;244;120;land;true;forest;1
2575;224;253;150;land;false;hills;1
2576;195;235;244;land;false;plains;1
2577;119;215;248;land;false;mountain;1
2578;178;185;245;land;false;plains;1
2579;141;227;248;land;false;plains;1
2580;194;130;253;land;true;marsh;1
2581;205;209;210;land;false;marsh;1
2582;86;235;249;land;false;mountain;1
2583;232;202;146;land;false;marsh;1
2584;224;229;55;land;false;plains;1
2585;150;213;216;land;false;jungle;1
2586;246;161;222;land;false;hills;1
2587;234;146;224;land;false;mountain;1
2588;192;248;97;land;false;hills;1
2589;56;226;226;land;false;hills;1
2590;223;163;115;land;true;mountain;1
2591;159;222;125;land;false;mountain;1
2592;246;88;182;land;false;hills;1
2593;147;242;251;land;false;marsh;1
2594;200;230;220;land;true;marsh;1
2595;204;250;230;land;false;plains;1
2596;204;163;174;land;true;forest;1
2597;249;175;239;land;false;mountain;1
2598;219;221;152;land;false;forest;1
2599;34;245;250;land;true;hills;1
2600;188;117;217;land;true;marsh;1
2601;156;123;243;land;false;plains;1
2602;188;234;94;land;false;mountain;1
2603;196;235;102;land;true;mountain;1
2604;243;186;157;land;true;mountain;1
2605;253;19;250;land;true;marsh;1
2606;172;245;127;land;true;hills;1
2607;145;191;209;land;false;hills;1
2608;233;251;86;land;false;marsh;1
2609;60;230;253;land;true;forest;1
2610;182;183;243;land;false;marsh;1
2611;197;220;189;land;false;plains;1
2612;245;125;229;land;true;marsh;1
2613;235;30;238;land;false;plains;1
2614;122;138;251;land;true;marsh;1
2615;240;148;233;land;false;hills;1
2616;231;231;75;land;false;plains;1
2617;251;197;90;land;false;mountain;1
2618;38;250;215;land;false;marsh;1
2619;252;204;79;land;true;mountain;1
2620;217;96;193;land;true;forest;1
2621;216;234;51;land;false;jungle;1
2622;147;249;157;land;false;hills;1
2623;44;246;227;land;true;hills;1
2624;194;251;164;land;false;plains;1
2625;220;242;96;land;false;mountain;1
2626;238;194;105;land;false;mountain;1
2627;243;129;189;land;false;marsh;1
2628;254;141;137;land;true;mountain;1
2629;131;140;245;land;true;plains;1
2630;190;156;186;land;false;mountain;1
2631;238;242;193;land;false;plains;1
2632;131;205;171;land;false;marsh;1
2633;171;196;182;land;true;mountain;1
2634;193;204;192;land;false;mountain;1
2635;107;206;215;land;false;hills;1
2636;196;197;214;land;false;plains;1
2637;48;234;232;land;true;marsh;1
2638;123;211;209;land;false;plains;1
2639;209;98;213;land;false;mountain;1
2640;137;199;229;land;true;forest;1
2641;87;250;197;land;true;mountain;1
2642;238;206;167;land;false;forest;1
2643;145;211;235;land;true;marsh;1
2644;127;235;141;land;true;marsh;1
2645;198;124;221;land;true;marsh;1
2646;223;239;157;land;true;marsh;1
2647;190;247;251;land;false;hills;1
2648;130;162;215;land;true;jungle;1
2649;248;214;254;land;false;marsh;1
2650;146;249;126;land;true;mountain;1
2651;212;202;197;land;true;marsh;1
2652;165;233;240;land;true;plains;1
2653;146;192;194;land;true;forest;1
2654;229;123;215;land;true;mountain;1
2655;241;209;230;land;false;mountain;1
2656;201;194;166;land;true;hills;1
2657;144;191;194;land;false;hills;1
2658;248;183;140;land;true;hills;1
2659;204;239;187;land;true;marsh;1
2660;166;252;107;land;false;forest;1
2661;217;199;163;land;true;marsh;1
2662;243;114;169;land;false;marsh;1
2663;213;227;140;land;false;hills;1
2664;127;221;189;land;true;hills;1
2665;216;135;226;land;true;mountain;1
2666;229;92;202;land;false;plains;1
2667;224;251;93;land;true;marsh;1
2668;190;102;215;land;false;jungle;1
2669;196;77;238;land;false;plains;1
2670;246;15;251;land;false;mountain;1
2671;183;128;238;land;false;plains;1
2672;245;247;129;land;false;plains;1
2673;241;185;124;land;true;marsh;1
2674;212;125;230;land;false;plains;1
2675;107;241;226;land;false;hills;1
2676;162;200;179;land;false;desert;1
2677;249;72;180;land;false;plains;1
2678;238;238;152;land;false;plains;1
2679;193;173;234;land;true;marsh;1
2680;201;237;206;land;false;mountain;1
2681;220;234;103;land;false;marsh;1
2682;198;213;96;land;false;plains;1
2683;228;38;246;land;false;jungle;1
2684;234;239;237;land;false;hills;1
2685;210;65;238;land;false;plains;1
2686;249;246;167;land;false;mountain;1
2687;240;248;226;land;false;marsh;1
2688;122;214;214;land;false;plains;1
2689;100;177;236;land;true;marsh;1
2690;249;132;198;land;true;mountain;1
2691;206;243;92;land;true;urban;1
2692;229;167;221;land;false;marsh;1
2693;199;201;205;land;false;marsh;1
2694;165;220;253;land;false;mountain;1
2695;227;130;208;land;true;marsh;1
2696;248;159;210;land;true;marsh;1
2697;254;119;179;land;false;marsh;1
2698;249;130;157;land;true;mountain;1
2699;236;213;85;land;true;mountain;1
2700;214;73;233;land;true;mountain;1
2701;253;174;246;land;false;marsh;1
2702;253;88;194;land;true;marsh;1
2703;243;193;130;land;true;mountain;1
2704;253;213;45;land;true;marsh;1
2705;244;247;13;land;false;mountain;1
2706;144;241;137;land;false;mountain;1
2707;128;244;221;land;false;plains;1
2708;179;113;243;land;true;forest;1
2709;170;201;149;land;false;plains;1
2710;152;126;236;land;false;mountain;1
2711;202;245;140;land;false;mountain;1
2712;253;100;207;land;false;marsh;1
2713;235;34;235;land;true;marsh;1
2714;247;97;253;land;false;hills;1
2715;143;241;234;land;false;marsh;1
2716;200;143;231;land;true;marsh;1
2717;104;237;225;land;false;marsh;1
2718;142;238;218;land;false;mountain;1
2719;235;167;213;land;false;mountain;1
2720;137;190;174;land;false;marsh;1
2721;146;248;226;land;false;hills;1
2722;252;148;230;land;false;mountain;1
2723;199;194;150;land;true;marsh;1
2724;215;198;190;land;true;mountain;1
2725;189;105;209;land;false;marsh;1
2726;243;186;136;land;true;hills;1
2727;190;187;201;land;true;marsh;1
2728;242;186;153;land;false;plains;1
2729;225;164;135;land;true;mountain;1
2730;198;238;117;land;false;plains;1
2731;237;239;213;land;true;mountain;1
2732;247;233;135;land;true;mountain;1
2733;70;243;194;land;false;forest;1
2734;178;181;163;land;false;mountain;1
2735;121;227;193;land;false;mountain;1
2736;226;223;206;land;true;forest;1
2737;239;55;212;land;false;plains;1
2738;239;170;98;land;true;forest;1
2739;169;234;185;land;true;mountain;1
2740;179;161;248;land;false;mountain;1
2741;238;253;133;land;false;mountain;1
2742;217;185;161;land;false;hills;1
2743;238;227;229;land;true;marsh;1
2744;234;206;90;land;true;mountain;1
2745;174;173;200;land;true;marsh;1
2746;229;144;205;land;true;mountain;1
2747;183;180;197;land;true;forest;1
2748;217;131;161;land;false;mountain;1
2749;139;240;254;land;true;marsh;1
2750;172;237;179;land;false;mountain;1
2751;82;232;253;land;true;mountain;1
2752;254;156;166;land;true;forest;1
2753;217;238;202;land;true;mountain;1
2754;239;82;233;land;true;marsh;1
2755;131;225;170;land;true;mountain;1
2756;158;223;220;land;true;marsh;1
2757;136;158;248;land;true;mountain;1
2758;191;195;237;land;true;marsh;1
2759;225;179;172;land;false;jungle;1
2760;221;188;158;land;false;mountain;1
2761;203;217;213;land;true;mountain;1
2762;178;194;232;land;true;urban;1
2763;221;188;122;land;false;mountain;1
2764;254;118;206;land;false;jungle;1
2765;200;246;166;land;false;jungle;1
2766;202;254;139;land;false;hills;1
2767;245;165;250;land;false;hills;1
2768;205;237;93;land;false;mountain;1
2769;214;193;253;land;false;hills;1
2770;226;43;247;land;true;plains;1
2771;211;222;109;land;true;hills;1
2772;235;232;172;land;true;marsh;1
2773;197;160;227;land;true;marsh;1
2774;204;241;60;land;false;hills;1
2775;248;130;174;land;false;marsh;1
2776;130;158;252;land;false;marsh;1
2777;211;134;200;land;true;plains;1
2778;250;249;129;land;false;plains;1
2779;139;207;167;land;false;mountain;1
2780;173;220;130;land;true;plains;1
2781;200;248;210;land;false;marsh;1
2782;236;221;138;land;false;mountain;1
2783;251;142;144;land;false;mountain;1
2784;176;207;146;land;true;marsh;1
2785;244;163;128;land;true;forest;1
2786;178;248;120;land;false;hills;1
2787;212;85;250;land;false;marsh;1
2788;242;187;227;land;true;mountain;1
2789;176;205;232;land;false;hills;1
2790;175;175;254;land;false;plains;1
2791;249;239;226;land;true;mountain;1
2792;208;203;201;land;false;hills;1
2793;187;185;183;land;false;marsh;1
2794;111;180;236;land;true;marsh;1
2795;102;221;178;land;true;marsh;1
2796;138;212;210;land;false;plains;1
2797;250;211;232;land;false;mountain;1
2798;226;230;146;land;false;marsh;1
2799;196;229;174;land;true;forest;1
2800;225;240;201;land;false;marsh;1
2801;143;238;236;land;false;marsh;1
2802;121;229;231;land;false;mountain;1
2803;246;112;238;land;false;plains;1
2804;168;250;84;land;false;mountain;1
2805;252;47;207;land;false;mountain;1
2806;241;117;189;land;false;plains;1
2807;247;53;217;land;false;hills;1
2808;120;250;148;land;true;mountain;1
2809;82;246;220;land;false;hills;1
2810;220;166;115;land;false;marsh;1
2811;158;210;169;land;false;plains;1
2812;236;133;253;land;true;forest;1
2813;71;239;240;land;true;plains;1
2814;188;247;159;land;true;jungle;1
2815;181;146;174;land;true;marsh;1
2816;152;239;245;land;false;hills;1
2817;187;245;193;land;false;mountain;1
2818;205;215;223;land;false;hills;1
2819;209;191;209;land;true;mountain;1
2820;250;234;239;land;true;mountain;1
2821;55;246;219;land;true;mountain;1
2822;209;238;240;land;false;mountain;1
2823;168;234;156;land;false;marsh;1
2824;213;196;128;land;true;mountain;1
2825;234;139;186;land;true;plains;1
2826;246;231;185;land;false;marsh;1
2827;214;126;188;land;true;marsh;1
2828;229;179;223;land;true;mountain;1
2829;254;55;193;land;false;marsh;1
2830;226;179;193;land;false;plains;1
2831;205;139;193;land;true;mountain;1
2832;238;203;99;land;true;marsh;1
2833;233;58;249;land;false;plains;1
2834;175;211;211;land;true;mountain;1
2835;218;249;61;land;false;marsh;1
2836;174;183;184;land;true;marsh;1
2837;153;211;145;land;true;marsh;1
2838;254;221;154;land;false;marsh;1
2839;149;244;250;land;false;plains;1
2840;231;79;204;land;false;hills;1
2841;228;164;124;land;false;marsh;1
2842;221;150;225;land;false;marsh;1
2843;120;202;202;land;false;plains;1
2844;131;244;246;land;true;marsh;1
2845;167;203;163;land;true;mountain;1
2846;89;216;225;land;true;forest;1
2847;114;189;252;land;true;mountain;1
2848;231;204;238;land;true;mountain;1
2849;200;193;153;land;true;mountain;1
2850;234;156;249;land;false;jungle;1
2851;206;191;149;land;true;marsh;1
2852;250;117;148;land;false;mountain;1
2853;218;172;130;land;true;marsh;1
2854;104;170;250;land;true;marsh;1
2855;183;165;186;land;false;mountain;1
2856;125;149;243;land;false;marsh;1
2857;177;201;251;land;false;hills;1
2858;198;125;221;land;false;forest;1
2859;235;153;253;land;true;hills;1
2860;154;150;208;land;true;hills;1
2861;197;106;236;land;false;plains;1
2862;210;220;134;land;true;plains;1
2863;191;183;132;land;false;hills;1
2864;237;231;196;land;false;forest;1
2865;247;146;132;land;false;marsh;1
2866;244;82;202;land;false;hills;1
2867;195;161;236;land;true;plains;1
2868;238;117;240;land;false;mountain;1
2869;254;122;250;land;false;mountain;1
2870;178;190;235;land;true;jungle;1
2871;210;166;136;land;false;hills;1
2872;155;217;161;land;true;marsh;1
2873;232;218;156;land;false;mountain;1
2874;188;245;182;land;true;plains;1
2875;215;215;157;land;false;marsh;1
2876;188;183;141;land;false;plains;1
2877;230;189;104;land;true;plains;1
2878;208;193;171;land;true;forest;1
2879;170;199;197;land;true;marsh;1
2880;240;196;214;land;true;marsh;1
2881;179;176;232;land;false;mountain;1
2882;236;156;242;land;true;forest;1
2883;151;231;209;land;false;forest;1
2884;215;251;251;land;false;mountain;1
2885;233;59;232;land;false;plains;1
2886;253;34;239;land;false;mountain;1
2887;209;147;145;land;false;mountain;1
2888;254;254;173;land;false;hills;1
2889;189;236;211;land;true;marsh;1
2890;194;123;202;land;true;forest;1
2891;219;248;75;land;true;marsh;1
2892;219;251;186;land;true;mountain;1
2893;118;235;174;land;false;mountain;1
2894;225;99;216;land;false;mountain;1
2895;246;79;231;land;false;mountain;1
2896;232;148;172;land;true;mountain;1
2897;230;235;246;land;true;marsh;1
2898;243;165;231;land;false;marsh;1
2899;241;174;199;land;true;marsh;1
2900;140;217;218;land;false;jungle;1
2901;218;217;70;land;false;hills;1
2902;182;205;118;land;true;marsh;1
2903;178;240;236;land;true;hills;1
2904;248;79;182;land;false;forest;1
2905;160;123;242;land;false;forest;1
2906;254;27;232;land;false;plains;1
2907;205;125;182;land;false;hills;1
2908;179;119;204;land;true;mountain;1
2909;211;81;223;land;false;plains;1
2910;235;38;253;land;false;hills;1
2911;217;239;144;land;false;marsh;1
2912;145;138;232;land;false;marsh;1
2913;181;242;157;land;false;jungle;1
2914;133;160;239;land;false;forest;1
2915;212;155;140;land;true;marsh;1
2916;153;218;209;land;false;mountain;1
2917;195;190;239;land;false;hills;1
2918;183;208;154;land;true;mountain;1
2919;154;144;250;land;true;jungle;1
2920;111;236;220;land;true;urban;1
2921;191;178;250;land;true;mountain;1
2922;171;231;226;land;false;marsh;1
2923;252;220;182;land;false;plains;1
2924;250;174;214;land;false;plains;1
2925;113;223;169;land;false;plains;1
2926;153;226;198;land;false;jungle;1
2927;205;206;228;land;true;marsh;1
2928;152;169;244;land;false;marsh;1
2929;210;219;101;land;true;plains;1
2930;129;208;209;land;true;marsh;1
2931;207;247;213;land;false;plains;1
2932;113;230;182;land;true;marsh;1
2933;169;174;197;land;false;marsh;1
2934;222;148;134;land;false;forest;1
2935;229;86;215;land;true;mountain;1
2936;204;221;204;land;false;jungle;1
2937;241;225;230;land;false;plains;1
2938;140;182;207;land;false;marsh;1
2939;231;202;123;land;true;mountain;1
2940;171;179;182;land;false;plains;1
2941;252;98;155;land;false;forest;1
2942;149;215;181;land;true;marsh;1
2943;163;157;218;land;false;desert;1
2944;129;191;227;land;false;plains;1
2945;140;246;224;land;false;marsh;1
2946;192;206;244;land;true;marsh;1
2947;247;112;164;land;false;forest;1
2948;46;210;251;land;false;hills;1
2949;163;253;208;land;true;marsh;1
2950;166;192;206;land;false;mountain;1
2951;232;103;176;land;true;hills;1
2952;206;222;229;land;true;mountain;1
2953;236;246;148;land;false;jungle;1
2954;217;169;123;land;true;marsh;1
2955;245;240;240;land;true;forest;1
2956;211;158;154;land;true;forest;1
2957;200;171;149;land;false;plains;1
2958;216;166;187;land;false;marsh;1
2959;203;95;211;land;true;hills;1
2960;77;199;248;land;false;marsh;1
2961;193;217;163;land;true;hills;1
2962;237;126;250;land;true;mountain;1
2963;241;141;237;land;false;plains;1
2964;245;185;181;land;false;marsh;1
2965;143;251;126;land;false;forest;1
2966;38;249;222;land;true;marsh;1
2967;232;248;158;land;false;plains;1
2968;221;79;201;land;true;urban;1
2969;145;248;136;land;false;marsh;1
2970;246;166;241;land;false;mountain;1
2971;195;205;195;land;true;plains;1
2972;215;154;185;land;false;mountain;1
2973;100;235;212;land;false;plains;1
2974;250;171;235;land;false;plains;1
2975;190;222;123;land;false;marsh;1
2976;237;164;137;land;true;mountain;1
2977;223;157;219;land;false;marsh;1
2978;145;150;231;land;false;plains;1
2979;191;199;143;land;true;hills;1
2980;192;167;248;land;false;marsh;1
2981;243;251;14;land;true;forest;1
2982;182;177;244;land;false;marsh;1
2983;198;171;186;land;false;marsh;1
2984;252;219;54;land;true;mountain;1
2985;145;202;246;land;false;plains;1
2986;221;171;136;land;false;plains;1
2987;252;213;53;land;true;marsh;1
2988;210;183;252;land;false;plains;1
2989;152;183;199;land;true;marsh;1
2990;137;196;227;land;true;marsh;1
2991;190;215;122;land;false;marsh;1
2992;219;86;210;land;false;mountain;1
2993;251;229;165;land;true;mountain;1
2994;121;217;188;land;false;jungle;1
2995;189;132;252;land;true;mountain;1
2996;187;210;153;land;false;plains;1
2997;99;254;236;land;false;jungle;1
2998;178;140;192;land;true;mountain;1
2999;222;116;182;land;false;marsh;1
3000;138;137;229;land;true;mountain;1
3001;73;239;210;land;false;plains;1
3002;150;164;216;land;true;marsh;1
3003;224;207;93;land;false;plains;1
3004;178;129;196;land;true;marsh;1
3005;168;235;244;land;false;forest;1
3006;193;241;95;land;true;marsh;1
3007;231;235;142;land;true;urban;1
3008;192;206;140;land;true;mountain;1
3009;231;164;133;land;false;jungle;1
3010;216;203;216;land;false;hills;1
3011;173;174;233;land;false;mountain;1
3012;168;127;226;land;true;mountain;1
3013;201;220;210;land;false;hills;1
3014;167;137;208;land;false;mountain;1
3015;197;221;198;land;false;marsh;1
3016;181;232;124;land;true;mountain;1
3017;216;105;224;land;false;marsh;1
3018;206;208;224;land;false;marsh;1
3019;153;221;183;land;false;plains;1
3020;46;241;251;land;false;hills;1
3021;201;243;130;land;false;forest;1
3022;220;165;160;land;true;marsh;1
3023;241;186;99;land;true;marsh;1
3024;244;105;201;land;false;marsh;1
3025;161;216;232;land;true;marsh;1
3026;215;240;157;land;false;mountain;1
3027;195;112;195;land;true;hills;1
3028;226;147;168;land;true;hills;1
3029;176;252;227;land;false;marsh;1
3030;196;200;188;land;false;hills;1
3031;181;254;246;land;false;jungle;1
3032;194;203;158;land;true;forest;1
3033;242;178;216;land;true;forest;1
3034;248;184;161;land;false;hills;1
3035;208;139;200;land;false;plains;1
3036;226;61;244;land;false;mountain;1
3037;137;223;155;land;false;mountain;1
3038;227;245;111;land;false;plains;1
3039;96;171;249;land;false;mountain;1
3040;214;214;238;land;false;jungle;1
3041;169;230;203;land;false;plains;1
3042;224;66;229;land;false;forest;1
3043;123;186;217;land;false;forest;1
3044;160;249;96;land;false;hills;1
3045;246;155;217;land;true;marsh;1
3046;213;196;170;land;false;mountain;1
3047;224;196;92;land;false;plains;1
3048;31;240;246;land;true;hills;1
3049;196;214;102;land;false;mountain;1
3050;139;166;212;land;false;marsh;1
3051;119;247;201;land;true;mountain;1
3052;234;221;189;land;false;marsh;1
3053;100;192;240;land;false;hills;1
3054;200;192;141;land;false;mountain;1
3055;173;233;116;land;true;forest;1
3056;185;218;252;land;true;mountain;1
3057;154;166;209;land;false;plains;1
3058;245;199;137;land;false;hills;1
3059;246;196;138;land;true;marsh;1
3060;86;210;253;land;false;plains;1
3061;174;193;238;land;true;plains;1
3062;157;203;179;land;false;plains;1
3063;250;223;182;land;false;jungle;1
3064;214;203;205;land;false;marsh;1
3065;171;202;132;land;true;jungle;1
3066;231;232;192;land;false;plains;1
3067;133;235;175;land;true;mountain;1
3068;194;221;159;land;true;marsh;1
3069;176;234;175;land;true;marsh;1
3070;245;145;137;land;false;marsh;1
3071;251;127;227;land;false;plains;1
3072;231;213;171;land;false;marsh;1
3073;166;182;235;land;true;mountain;1
3074;171;149;236;land;false;jungle;1
3075;176;205;195;land;true;mountain;1
3076;225;243;199;land;false;mountain;1
3077;235;110;199;land;false;plains;1
3078;146;172;252;land;false;hills;1
3079;220;241;188;land;false;hills;1
3080;220;248;40;land;true;mountain;1
3081;208;174;137;land;false;hills;1
3082;144;203;222;land;false;marsh;1
3083;175;234;144;land;false;hills;1
3084;243;70;205;land;false;hills;1
3085;202;210;213;land;true;mountain;1
3086;174;197;191;land;true;hills;1
3087;155;185;245;land;false;hills;1
3088;114;178;236;land;false;mountain;1
3089;158;133;247;land;true;marsh;1
3090;53;244;235;land;false;plains;1
3091;135;187;221;land;false;plains;1
3092;248;187;146;land;false;mountain;1
3093;197;200;124;land;true;marsh;1
3094;147;237;124;land;true;mountain;1
3095;220;235;189;land;false;plains;1
3096;64;253;188;land;true;marsh;1
3097;193;116;223;land;false;hills;1
3098;202;141;169;land;false;mountain;1
3099;225;163;143;land;true;plains;1
3100;251;190;200;land;true;marsh;1
3101;213;212;199;land;true;mountain;1
3102;177;219;128;land;true;forest;1
3103;178;117;237;land;true;hills;1
3104;175;216;178;land;false;jungle;1
3105;135;135;247;land;false;mountain;1
3106;189;213;148;land;true;marsh;1
3107;131;133;240;land;false;forest;1
3108;254;96;168;land;true;mountain;1
3109;243;251;109;land;false;plains;1
3110;237;177;110;land;false;plains;1
3111;228;226;89;land;false;mountain;1
3112;229;91;210;land;true;marsh;1
3113;248;235;55;land;false;jungle;1
3114;207;82;230;land;false;hills;1
3115;197;244;210;land;false;plains;1
3116;209;164;231;land;false;forest;1
3117;225;131;228;land;false;mountain;1
3118;202;145;200;land;false;mountain;1
3119;249;248;21;land;false;jungle;1
3120;155;223;206;land;false;mountain;1
3121;162;181;174;land;true;marsh;1
3122;252;132;214;land;true;marsh;1
3123;240;211;93;land;false;mountain;1
3124;156;207;191;land;true;mountain;1
3125;170;245;204;land;true;marsh;1
3126;78;226;207;land;true;marsh;1
3127;188;208;221;land;true;marsh;1
3128;174;145;236;land;false;jungle;1
3129;189;184;214;land;false;plains;1
3130;118;224;249;land;true;marsh;1
3131;251;59;249;land;false;mountain;1
3132;186;239;238;land;false;mountain;1
3133;187;134;240;land;false;hills;1
3134;236;130;166;land;false;marsh;1
3135;251;210;193;land;true;mountain;1
3136;208;175;247;land;true;marsh;1
3137;191;200;219;land;false;hills;1
3138;244;193;192;land;false;hills;1
3139;171;163;252;land;true;mountain;1
3140;175;229;115;land;true;marsh;1
3141;221;142;143;land;false;mountain;1
3142;182;227;98;land;true;marsh;1
3143;254;143;182;land;true;hills;1
3144;216;177;249;land;true;marsh;1
3145;183;183;218;land;true;mountain;1
3146;217;243;186;land;true;marsh;1
3147;196;226;178;land;true;marsh;1
3148;221;133;233;land;false;marsh;1
3149;112;222;167;land;false;mountain;1
3150;198;155;182;land;true;marsh;1
3151;240;199;100;land;false;hills;1
3152;210;137;172;land;true;marsh;1
3153;183;232;219;land;true;hills;1
3154;226;240;58;land;false;hills;1
3155;162;241;135;land;true;mountain;1
3156;254;145;116;land;false;mountain;1
3157;214;117;242;land;true;marsh;1
3158;178;127;228;land;true;marsh;1
3159;185;245;207;land;true;mountain;1
3160;187;183;205;land;false;mountain;1
3161;243;95;250;land;false;mountain;1
3162;164;236;128;land;false;hills;1
3163;226;188;117;land;false;hills;1
3164;241;209;200;land;false;hills;1
3165;223;210;71;land;false;hills;1
3166;201;169;166;land;true;marsh;1
3167;134;207;194;land;false;mountain;1
3168;98;207;199;land;false;mountain;1
3169;237;200;253;land;true;marsh;1
3170;218;253;200;land;true;marsh;1
3171;207;209;234;land;true;marsh;1
3172;136;235;197;land;true;mountain;1
3173;227;145;168;land;false;mountain;1
3174;200;164;215;land;true;marsh;1
3175;173;202;129;land;false;hills;1
3176;182;204;243;land;false;hills;1
3177;218;238;81;land;true;hills;1
3178;195;252;207;land;true;marsh;1
3179;229;184;207;land;false;hills;1
3180;198;97;249;land;false;mountain;1
3181;167;137;222;land;false;hills;1
3182;170;239;131;land;true;marsh;1
3183;173;189;216;land;false;hills;1
3184;233;168;142;land;false;mountain;1
3185;242;134;169;land;false;hills;1
3186;182;241;153;land;false;mountain;1
3187;231;101;193;land;false;mountain;1
3188;195;252;79;land;false;mountain;1
3189;235;166;239;land;true;hills;1
3190;176;148;216;land;true;marsh;1
3191;252;194;146;land;false;hills;1
3192;187;200;226;land;false;hills;1
3193;134;163;212;land;false;hills;1
3194;231;252;183;land;true;marsh;1
3195;206;194;119;land;false;hills;1
3196;234;149;123;land;false;hills;1
3197;172;247;230;land;false;mountain;1
3198;142;197;176;land;true;hills;1
3199;243;140;239;land;false;mountain;1
3200;254;239;29;land;false;hills;1
3201;251;152;111;land;true;marsh;1
3202;177;226;148;land;false;hills;1
3203;130;224;176;land;false;mountain;1
3204;208;148;154;land;false;mountain;1
3205;144;233;248;land;true;hills;1
3206;219;165;184;land;false;mountain;1
3207;239;126;138;land;false;mountain;1
3208;205;163;177;land;true;marsh;1
3209;199;160;200;land;false;mountain;1
3210;232;243;177;land;false;hills;1
3211;245;251;151;land;false;mountain;1
3212;254;220;172;land;false;hills;1
3213;132;158;245;land;false;hills;1
3214;243;197;147;land;false;mountain;1
3215;226;111;215;land;false;hills;1
3216;213;80;229;land;true;mountain;1
3217;217;237;166;land;false;mountain;1
3218;210;237;144;land;false;hills;1
3219;252;177;126;land;false;mountain;1
3220;250;221;136;land;true;marsh;1
3221;174;161;182;land;false;hills;1
3222;254;219;165;land;false;jungle;1
3223;85;180;239;land;true;marsh;1
3224;154;245;108;land;false;hills;1
3225;249;144;161;land;false;hills;1
3226;178;124;222;land;false;mountain;1
3227;216;206;229;land;false;hills;1
3228;240;197;192;land;false;mountain;1
3229;191;204;171;land;true;marsh;1
3230;38;237;239;land;false;hills;1
3231;132;181;195;land;false;hills;1
3232;131;174;239;land;false;mountain;1
3233;167;182;254;land;false;mountain;1
3234;220;139;176;land;true;marsh;1
3235;185;152;180;land;false;hills;1
3236;181;248;159;land;false;hills;1
3237;248;182;93;land;false;hills;1
3238;174;223;111;land;true;mountain;1
3239;186;232;97;land;false;mountain;1
3240;232;252;188;land;false;mountain;1
3241;216;196;212;land;false;hills;1
3242;230;138;163;land;true;mountain;1
3243;174;223;122;land;false;mountain;1
3244;181;183;139;land;true;marsh;1
3245;160;137;252;land;false;mountain;1
3246;178;89;254;land;false;hills;1
3247;235;97;200;land;false;mountain;1
3248;163;241;110;land;false;hills;1
3249;210;143;225;land;false;hills;1
3250;229;234;205;land;false;mountain;1
3251;86;223;221;land;true;marsh;1
3252;180;132;191;land;false;mountain;1
3253;253;210;84;land;false;hills;1
3254;251;37;244;land;false;hills;1
3255;205;93;234;land;false;hills;1
3256;185;162;247;land;false;hills;1
3257;42;235;240;land;false;hills;1
3258;170;193;247;land;true;marsh;1
3259;254;159;205;land;false;mountain;1
3260;56;246;233;land;false;mountain;1
3261;58;225;245;land;false;mountain;1
3262;211;217;246;land;true;hills;1
3263;244;18;247;land;false;hills;1
3264;70;251;218;land;false;mountain;1
3265;231;250;252;land;false;hills;1
3266;221;252;204;land;false;marsh;1
3267;179;105;235;land;false;hills;1
3268;110;163;238;land;false;plains;1
3269;152;225;195;land;false;mountain;1
3270;245;232;243;land;false;mountain;1
3271;88;171;250;land;false;hills;1
3272;238;222;240;land;true;mountain;1
3273;240;26;246;land;false;marsh;1
3274;163;169;200;land;false;hills;1
3275;207;73;236;land;false;hills;1
3276;202;176;171;land;true;marsh;1
3277;219;176;149;land;false;hills;1
3278;90;214;242;land;false;mountain;1
3279;253;200;75;land;false;mountain;1
3280;186;177;228;land;false;mountain;1
3281;131;245;211;land;false;mountain;1
3282;91;243;233;land;false;hills;1
3283;252;236;192;land;true;marsh;1
3284;254;7;243;land;false;hills;1
3285;146;228;144;land;false;marsh;1
3286;82;250;208;land;false;plains;1
3287;49;245;241;land;false;hills;1
3288;207;234;66;land;false;hills;1
3289;247;237;189;land;false;mountain;1
3290;135;191;176;land;false;hills;1
3291;198;123;249;land;false;hills;1
3292;228;254;48;land;false;hills;1
3293;226;220;136;land;true;mountain;1
3294;174;212;195;land;false;mountain;1
3295;150;141;246;land;false;mountain;1
3296;145;213;166;land;false;mountain;1
3297;217;203;222;land;false;hills;1
3298;207;152;229;land;false;mountain;1
3299;249;241;151;land;false;mountain;1
3300;163;234;233;land;true;marsh;1
3301;253;125;222;land;false;hills;1
3302;201;171;151;land;true;mountain;1
3303;198;238;237;land;false;mountain;1
3304;153;228;125;land;false;mountain;1
3305;250;239;79;land;false;hills;1
3306;196;237;71;land;false;hills;1
3307;149;211;189;land;false;marsh;1
3308;241;152;231;land;false;hills;1
3309;219;171;149;land;false;marsh;1
3310;249;170;239;land;false;hills;1
3311;249;232;230;land;false;mountain;1
3312;151;149;251;land;false;mountain;1
3313;217;225;71;land;false;mountain;1
3314;145;188;172;land;false;mountain;1
3315;233;53;251;land;false;hills;1
3316;214;217;129;land;false;mountain;1
3317;247;193;163;land;false;mountain;1
3318;59;235;209;land;false;marsh;1
3319;250;214;170;land;false;mountain;1
3320;95;216;245;land;false;hills;1
3321;122;145;239;land;true;marsh;1
3322;147;243;184;land;false;hills;1
3323;166;236;168;land;true;hills;1
3324;199;233;87;land;false;mountain;1
3325;254;106;161;land;false;mountain;1
3326;236;47;234;land;true;marsh;1
3327;134;154;231;land;false;hills;1
3328;244;157;101;land;false;hills;1
3329;207;239;241;land;true;hills;1
3330;173;195;233;land;false;hills;1
3331;231;102;216;land;true;marsh;1
3332;217;71;228;land;false;hills;1
3333;237;197;212;land;false;hills;1
3334;212;191;158;land;false;mountain;1
3335;228;176;218;land;false;hills;1
3336;226;99;227;land;false;mountain;1
3337;83;247;217;land;false;hills;1
3338;106;239;228;land;false;mountain;1
3339;78;224;241;land;true;marsh;1
3340;195;194;118;land;false;hills;1
3341;237;165;103;land;false;hills;1
3342;252;215;185;land;false;hills;1
3343;198;149;219;land;false;hills;1
3344;125;213;248;land;false;marsh;1
3345;250;191;139;land;false;hills;1
3346;238;176;212;land;false;mountain;1
3347;199;101;228;land;false;mountain;1
3348;254;156;238;land;false;mountain;1
3349;219;166;245;land;false;mountain;1
3350;195;122;238;land;true;hills;1
3351;202;225;240;land;false;mountain;1
3352;191;164;153;land;true;hills;1
3353;186;165;203;land;true;marsh;1
3354;183;117;216;land;false;hills;1
3355;211;205;199;land;false;mountain;1
3356;149;238;149;land;false;mountain;1
3357;221;250;155;land;true;mountain;1
3358;143;234;218;land;false;marsh;1
3359;134;173;247;land;false;hills;1
3360;201;207;136;land;false;mountain;1
3361;178;77;252;land;false;mountain;1
3362;170;161;232;land;false;mountain;1
3363;254;86;177;land;false;mountain;1
3364;181;233;187;land;false;hills;1
3365;41;251;241;land;false;marsh;1
3366;221;162;181;land;false;mountain;1
3367;175;192;242;land;false;marsh;1
3368;223;162;232;land;false;hills;1
3369;214;198;253;land;false;hills;1
3370;211;151;243;land;false;hills;1
3371;230;137;237;land;false;mountain;1
3372;149;239;239;land;true;marsh;1
3373;202;206;191;land;false;mountain;1
3374;250;211;71;land;false;mountain;1
3375;181;238;224;land;false;hills;1
3376;253;172;177;land;false;hills;1
3377;230;243;120;land;false;mountain;1
3378;150;210;225;land;false;hills;1
3379;244;253;39;land;false;marsh;1
3380;238;245;64;land;false;hills;1
3381;248;227;57;land;false;hills;1
3382;156;150;230;land;false;hills;1
3383;237;228;210;land;false;mountain;1
3384;165;199;142;land;false;hills;1
3385;246;227;86;land;false;hills;1
3386;245;78;234;land;false;mountain;1
3387;179;239;253;land;false;hills;1
3388;244;241;193;land;false;hills;1
3389;122;244;154;land;true;marsh;1
3390;241;129;243;land;false;mountain;1
3391;243;218;213;land;false;mountain;1
3392;248;212;90;land;false;hills;1
3393;210;164;185;land;true;marsh;1
3394;86;254;212;land;false;mountain;1
3395;188;126;205;land;false;hills;1
3396;158;252;162;land;false;hills;1
3397;182;247;110;land;false;mountain;1
3398;209;245;226;land;true;marsh;1
3399;117;231;205;land;false;mountain;1
3400;144;211;235;land;false;hills;1
3401;245;206;104;land;false;plains;1
3402;231;58;226;land;true;mountain;1
3403;242;28;237;land;false;mountain;1
3404;249;253;214;land;false;mountain;1
3405;250;51;202;land;true;marsh;1
3406;246;74;242;land;false;hills;1
3407;248;165;228;land;false;hills;1
3408;106;230;212;land;true;marsh;1
3409;188;142;195;land;false;hills;1
3410;176;141;198;land;false;mountain;1
3411;249;176;142;land;false;mountain;1
3412;251;169;217;land;false;marsh;1
3413;183;224;212;land;false;mountain;1
3414;139;230;229;land;false;mountain;1
3415;190;116;213;land;false;marsh;1
3416;221;171;210;land;false;mountain;1
3417;98;207;202;land;false;mountain;1
3418;162;191;180;land;true;mountain;1
3419;187;197;196;land;true;marsh;1
3420;107;199;208;land;false;mountain;1
3421;173;253;164;land;true;marsh;1
3422;238;182;187;land;false;mountain;1
3423;243;117;241;land;false;mountain;1
3424;236;206;228;land;false;mountain;1
3425;200;159;246;land;false;mountain;1
3426;213;220;97;land;false;mountain;1
3427;196;235;79;land;false;mountain;1
3428;206;120;225;land;false;hills;1
3429;165;246;126;land;false;mountain;1
3430;60;213;240;land;false;mountain;1
3431;104;221;180;land;true;marsh;1
3432;228;77;204;land;false;hills;1
3433;53;240;240;land;false;hills;1
3434;183;161;167;land;false;hills;1
3435;53;216;251;land;false;mountain;1
3436;242;219;201;land;false;mountain;1
3437;156;183;171;land;false;hills;1
3438;189;253;252;land;false;hills;1
3439;144;246;145;land;false;hills;1
3440;246;253;7;land;false;mountain;1
3441;249;119;175;land;false;mountain;1
3442;245;233;178;land;false;mountain;1
3443;220;144;225;land;false;mountain;1
3444;167;212;218;land;false;mountain;1
3445;198;151;187;land;false;mountain;1
3446;115;212;211;land;false;hills;1
3447;237;47;252;land;false;hills;1
3448;193;233;200;land;false;mountain;1
3449;140;190;193;land;false;mountain;1
3450;145;186;209;land;true;marsh;1
3451;97;210;252;land;false;mountain;1
3452;164;193;209;land;false;hills;1
3453;225;204;111;land;false;hills;1
3454;124;219;239;land;false;mountain;1
3455;146;244;230;land;false;mountain;1
3456;157;185;203;land;false;hills;1
3457;139;196;175;land;true;mountain;1
3458;229;214;158;land;false;hills;1
3459;219;248;245;land;false;marsh;1
3460;144;245;199;land;false;hills;1
3461;182;128;233;land;false;mountain;1
3462;223;199;253;land;false;mountain;1
3463;233;125;204;land;false;mountain;1
3464;211;95;249;land;false;mountain;1
3465;158;137;209;land;false;hills;1
3466;222;236;246;land;false;mountain;1
3467;157;169;190;land;false;mountain;1
3468;89;192;223;land;false;mountain;1
3469;244;231;55;land;false;hills;1
3470;223;215;95;land;false;mountain;1
3471;164;242;184;land;false;mountain;1
3472;181;174;235;land;true;marsh;1
3473;62;237;209;land;false;mountain;1
3474;240;152;162;land;false;hills;1
3475;219;90;220;land;false;mountain;1
3476;163;183;167;land;false;mountain;1
3477;203;235;216;land;false;mountain;1
3478;164;219;166;land;false;mountain;1
3479;95;218;251;land;false;mountain;1
3480;193;136;250;land;false;mountain;1
3481;251;249;118;land;false;mountain;1
3482;146;156;215;land;false;mountain;1
3483;248;172;218;land;false;mountain;1
3484;231;117;196;land;false;mountain;1
3485;200;68;234;land;false;mountain;1
3486;235;226;138;land;false;hills;1
3487;234;189;184;land;false;mountain;1
3488;214;163;151;land;false;mountain;1
3489;136;254;241;land;false;mountain;1
3490;176;137;244;land;false;mountain;1
3491;224;197;167;land;true;hills;1
3492;180;159;168;land;false;hills;1
3493;254;163;182;land;false;mountain;1
3494;202;139;200;land;false;mountain;1
3495;126;196;254;land;true;marsh;1
3496;199;214;182;land;false;mountain;1
3497;247;215;224;land;false;hills;1
3498;250;70;241;land;false;mountain;1
3499;85;242;231;land;false;mountain;1
3500;189;246;87;land;true;mountain;1
3501;185;195;217;land;false;mountain;1
3502;171;161;213;land;false;hills;1
3503;175;157;182;land;false;hills;1
3504;214;86;205;land;false;mountain;1
3505;241;229;171;land;false;marsh;1
3506;203;209;146;land;false;mountain;1
3507;195;199;219;land;false;mountain;1
3508;186;175;167;land;false;mountain;1
3509;182;240;232;land;true;hills;1
3510;135;219;245;land;true;marsh;1
3511;215;126;212;land;false;hills;1
3512;193;152;199;land;true;mountain;1
3513;192;227;105;land;false;mountain;1
3514;218;136;248;land;true;mountain;1
3515;232;237;244;land;true;marsh;1
3516;166;228;115;land;true;mountain;1
3517;204;95;236;land;false;mountain;1
3518;186;227;142;land;false;mountain;1
3519;74;236;211;land;false;marsh;1
3520;174;192;242;land;true;mountain;1
3521;204;76;245;land;false;mountain;1
3522;254;179;169;land;false;mountain;1
3523;185;225;199;land;false;mountain;1
3524;248;203;172;land;false;hills;1
3525;108;140;254;land;false;mountain;1
3526;202;235;106;land;false;mountain;1
3527;247;185;163;land;true;mountain;1
3528;148;222;213;land;false;mountain;1
3529;169;207;216;land;false;hills;1
3530;215;163;174;land;false;hills;1
3531;39;228;236;land;true;mountain;1
3532;185;230;240;land;false;marsh;1
3533;226;200;193;land;false;hills;1
3534;219;247;46;land;false;mountain;1
3535;226;157;129;land;true;mountain;1
3536;189;211;134;land;true;marsh;1
3537;152;136;223;land;true;mountain;1
3538;155;192;186;land;false;mountain;1
3539;240;178;139;land;false;mountain;1
3540;239;212;211;land;false;hills;1
3541;202;79;247;land;false;hills;1
3542;177;227;174;land;false;hills;1
3543;123;249;184;land;false;hills;1
3544;252;207;201;land;false;mountain;1
3545;166;233;226;land;false;mountain;1
3546;242;214;137;land;true;mountain;1
3547;241;170;254;land;false;mountain;1
3548;242;216;252;land;false;mountain;1
3549;94;213;248;land;false;mountain;1
3550;218;104;233;land;true;mountain;1
3551;246;241;184;land;false;plains;1
3552;245;251;63;land;false;hills;1
3553;196;234;140;land;true;marsh;1
3554;164;161;237;land;false;mountain;1
3555;95;232;221;land;true;mountain;1
3556;150;160;250;land;false;hills;1
3557;106;169;235;land;true;hills;1
3558;198;156;191;land;false;marsh;1
3559;218;181;227;land;true;marsh;1
3560;231;132;224;land;false;mountain;1
3561;231;178;208;land;false;hills;1
3562;229;107;241;land;false;hills;1
3563;215;195;217;land;false;mountain;1
3564;176;167;201;land;false;hills;1
3565;84;192;228;land;false;marsh;1
3566;208;226;206;land;false;mountain;1
3567;161;128;219;land;false;mountain;1
3568;96;247;222;land;false;mountain;1
3569;218;171;140;land;true;mountain;1
3570;149;225;179;land;false;mountain;1
3571;66;217;249;land;false;mountain;1
3572;210;193;215;land;false;mountain;1
3573;183;159;202;land;false;mountain;1
3574;116;189;244;land;false;hills;1
3575;169;251;110;land;true;mountain;1
3576;157;132;254;land;false;hills;1
3577;252;198;191;land;true;hills;1
3578;171;151;183;land;false;hills;1
3579;231;248;229;land;false;marsh;1
3580;185;170;210;land;true;mountain;1
3581;157;237;135;land;false;hills;1
3582;254;126;235;land;true;hills;1
3583;180;201;208;land;false;mountain;1
3584;184;227;248;land;true;marsh;1
3585;208;181;185;land;false;hills;1
3586;175;211;129;land;false;mountain;1
3587;253;218;205;land;false;mountain;1
3588;227;231;200;land;false;mountain;1
3589;204;149;217;land;false;hills;1
3590;198;212;216;land;false;marsh;1
3591;219;181;102;land;false;marsh;1
3592;217;167;163;land;false;mountain;1
3593;213;246;61;land;true;marsh;1
3594;225;202;155;land;true;marsh;1
3595;251;214;205;land;false;hills;1
3596;207;222;215;land;false;mountain;1
3597;219;102;211;land;false;mountain;1
3598;183;187;219;land;false;hills;1
3599;212;89;200;land;false;marsh;1
3600;216;190;113;land;true;hills;1
3601;245;183;224;land;false;mountain;1
3602;178;196;193;land;false;mountain;1
3603;162;110;245;land;false;mountain;1
3604;221;250;115;land;true;mountain;1
3605;80;238;227;land;true;marsh;1
3606;218;202;194;land;false;mountain;1
3607;47;241;223;land;false;mountain;1
3608;245;206;227;land;false;mountain;1
3609;238;200;163;land;false;mountain;1
3610;162;137;249;land;false;mountain;1
3611;215;252;206;land;false;marsh;1
3612;210;115;236;land;true;mountain;1
3613;211;230;172;land;false;mountain;1
3614;39;218;253;land;false;hills;1
3615;171;187;229;land;true;marsh;1
3616;77;213;225;land;true;marsh;1
3617;188;155;247;land;false;mountain;1
3618;201;82;223;land;false;hills;1
3619;201;233;107;land;true;marsh;1
3620;77;240;185;land;false;mountain;1
3621;225;239;73;land;false;marsh;1
3622;230;99;205;land;false;mountain;1
3623;170;166;253;land;true;hills;1
3624;208;194;249;land;false;mountain;1
3625;228;250;237;land;false;hills;1
3626;182;253;94;land;true;mountain;1
3627;239;246;41;land;false;hills;1
3628;204;221;221;land;false;mountain;1
3629;250;128;149;land;false;mountain;1
3630;154;238;254;land;false;hills;1
3631;91;232;217;land;false;hills;1
3632;215;227;229;land;true;mountain;1
3633;235;123;178;land;false;mountain;1
3634;107;169;236;land;false;hills;1
3635;55;232;215;land;false;mountain;1
3636;82;208;248;land;true;marsh;1
3637;252;170;112;land;false;hills;1
3638;205;217;143;land;false;mountain;1
3639;251;102;158;land;false;mountain;1
3640;105;196;208;land;false;mountain;1
3641;210;222;159;land;false;hills;1
3642;241;172;214;land;false;hills;1
3643;179;205;237;land;true;mountain;1
3644;105;234;183;land;false;plains;1
3645;182;203;177;land;false;mountain;1
3646;243;245;144;land;false;mountain;1
3647;207;169;147;land;false;marsh;1
3648;193;146;173;land;false;hills;1
3649;178;237;222;land;false;hills;1
3650;236;164;143;land;false;mountain;1
3651;174;245;241;land;false;mountain;1
3652;241;197;83;land;false;hills;1
3653;77;219;244;land;false;mountain;1
3654;85;235;254;land;false;mountain;1
3655;121;151;250;land;false;hills;1
3656;118;194;210;land;false;mountain;1
3657;82;207;253;land;false;mountain;1
3658;148;216;164;land;true;mountain;1
3659;181;156;240;land;true;marsh;1
3660;151;191;162;land;false;mountain;1
3661;205;147;182;land;false;mountain;1
3662;181;220;148;land;false;hills;1
3663;215;180;154;land;false;mountain;1
3664;224;184;110;land;false;mountain;1
3665;139;232;204;land;true;mountain;1
3666;219;212;82;land;false;hills;1
3667;161;236;252;land;false;mountain;1
3668;241;81;206;land;false;mountain;1
3669;230;174;179;land;false;hills;1
3670;201;218;99;land;true;marsh;1
3671;224;59;248;land;false;mountain;1
3672;64;250;222;land;false;hills;1
3673;52;233;254;land;false;mountain;1
3674;148;253;199;land;false;mountain;1
3675;223;145;156;land;false;hills;1
3676;189;247;145;land;true;hills;1
3677;161;143;249;land;true;mountain;1
3678;159;202;196;land;false;mountain;1
3679;211;87;245;land;false;hills;1
3680;181;252;217;land;false;hills;1
3681;249;70;234;land;false;mountain;1
3682;187;238;167;land;false;marsh;1
3683;181;241;179;land;true;mountain;1
3684;204;95;220;land;false;mountain;1
3685;224;244;183;land;true;mountain;1
3686;160;249;169;land;false;hills;1
3687;204;63;242;land;false;mountain;1
3688;216;254;65;land;false;mountain;1
3689;211;94;219;land;false;marsh;1
3690;136;246;226;land;false;hills;1
3691;219;196;194;land;true;mountain;1
3692;190;196;230;land;false;hills;1
3693;55;231;226;land;true;mountain;1
3694;246;244;156;land;false;hills;1
3695;157;225;228;land;false;marsh;1
3696;185;202;209;land;true;marsh;1
3697;199;203;109;land;false;mountain;1
3698;179;211;196;land;true;mountain;1
3699;217;210;117;land;true;mountain;1
3700;171;230;162;land;true;mountain;1
3701;248;163;133;land;false;hills;1
3702;193;253;238;land;true;marsh;1
3703;207;93;236;land;true;marsh;1
3704;146;148;252;land;true;marsh;1
3705;212;69;228;land;false;mountain;1
3706;195;90;228;land;true;marsh;1
3707;213;207;181;land;false;hills;1
3708;188;152;180;land;true;marsh;1
3709;215;151;249;land;true;mountain;1
3710;216;76;219;land;true;mountain;1
3711;136;223;251;land;false;mountain;1
3712;239;120;177;land;true;marsh;1
3713;166;175;165;land;false;marsh;1
3714;215;187;217;land;true;mountain;1
3715;110;235;222;land;true;marsh;1
3716;214;189;175;land;true;marsh;1
3717;128;134;250;land;false;hills;1
3718;163;142;200;land;true;marsh;1
3719;194;141;233;land;true;hills;1
3720;227;172;108;land;true;marsh;1
3721;244;215;203;land;true;mountain;1
3722;185;221;235;land;true;mountain;1
3723;165;254;176;land;true;marsh;1
3724;239;224;101;land;true;marsh;1
3725;215;178;182;land;true;marsh;1
3726;232;233;242;land;true;mountain;1
3727;191;212;177;land;true;mountain;1
3728;190;221;114;land;true;mountain;1
3729;172;196;197;land;true;marsh;1
3730;227;225;102;land;false;mountain;1
3731;76;229;206;land;true;marsh;1
3732;171;213;196;land;false;mountain;1
3733;216;240;92;land;true;mountain;1
3734;249;179;132;land;true;marsh;1
3735;75;246;184;land;true;marsh;1
3736;183;220;140;land;false;forest;1
3737;249;97;227;land;true;mountain;1
3738;159;217;136;land;false;mountain;1
3739;216;167;224;land;true;marsh;1
3740;208;194;175;land;true;marsh;1
3741;219;110;190;land;true;mountain;1
3742;252;153;217;land;false;mountain;1
3743;220;168;231;land;false;mountain;1
3744;196;199;172;land;false;mountain;1
3745;241;231;246;land;true;mountain;1
3746;245;177;228;land;false;mountain;1
3747;212;219;216;land;false;hills;1
3748;211;83;234;land;false;marsh;1
3749;229;226;173;land;false;forest;1
3750;169;95;238;land;true;marsh;1
3751;218;143;252;land;false;forest;1
3752;174;194;149;land;true;mountain;1
3753;222;183;213;land;true;marsh;1
3754;86;253;239;land;true;marsh;1
3755;195;214;142;land;true;marsh;1
3756;209;125;206;land;true;urban;1
3757;235;231;118;land;true;urban;1
3758;193;204;172;land;true;marsh;1
3759;165;184;234;land;true;urban;1
3760;168;160;246;land;true;marsh;1
3761;168;159;178;land;true;urban;1
3762;240;104;217;land;false;mountain;1
3763;114;199;243;land;true;urban;1
3764;64;252;221;land;true;urban;1
3765;153;232;253;land;true;forest;1
3766;19;254;248;land;true;forest;1
3767;233;247;98;land;false;forest;1
3768;253;18;251;land;false;mountain;1
3769;242;244;101;land;true;mountain;1
3770;133;221;174;land;true;marsh;1
3771;172;200;134;land;true;urban;1
3772;225;245;31;land;true;forest;1
3773;240;218;221;land;true;urban;1
3774;150;186;204;land;false;mountain;1
3775;239;67;206;land;true;plains;1
3776;251;250;185;land;true;mountain;1
3777;221;250;113;land;true;mountain;1
3778;243;127;155;land;true;mountain;1
3779;236;169;178;land;true;marsh;1
3780;81;225;239;land;true;urban;1
3781;219;162;132;land;false;mountain;1
3782;185;215;126;land;true;marsh;1
3783;232;190;108;land;true;marsh;1
3784;237;209;164;land;true;marsh;1
3785;230;254;239;land;true;urban;1
3786;186;210;249;land;true;urban;1
3787;179;214;177;land;true;marsh;1
3788;241;173;109;land;false;mountain;1
3789;230;235;117;land;true;marsh;1
3790;188;202;236;land;false;mountain;1
3791;188;181;222;land;true;urban;1
3792;252;141;217;land;true;mountain;1
3793;187;128;214;land;true;marsh;1
3794;194;241;117;land;true;urban;1
3795;238;180;242;land;false;mountain;1
3796;246;141;232;land;true;marsh;1
3797;121;238;183;land;true;mountain;1
3798;139;222;216;land;false;hills;1
3799;242;138;136;land;true;marsh;1
3800;121;138;245;land;false;mountain;1
3801;149;228;141;land;false;marsh;1
3802;75;254;182;land;true;marsh;1
3803;223;134;230;land;true;forest;1
3804;227;243;196;land;false;mountain;1
3805;156;240;228;land;false;hills;1
3806;215;234;145;land;true;marsh;1
3807;249;193;132;land;true;marsh;1
3808;145;198;249;land;false;mountain;1
3809;115;224;229;land;true;marsh;1
3810;142;221;228;land;false;mountain;1
3811;179;254;194;land;false;mountain;1
3812;234;232;251;land;false;mountain;1
3813;167;175;208;land;true;mountain;1
3814;246;154;134;land;false;mountain;1
3815;29;240;250;land;false;forest;1
3816;183;216;121;land;true;mountain;1
3817;113;240;158;land;false;forest;1
3818;165;177;173;land;false;forest;1
3819;246;187;179;land;true;marsh;1
3820;224;186;187;land;false;mountain;1
3821;240;193;240;land;true;urban;1
3822;36;234;242;land;false;hills;1
3823;227;89;239;land;false;marsh;1
3824;198;190;136;land;false;mountain;1
3825;242;182;77;land;true;marsh;1
3826;223;185;97;land;true;marsh;1
3827;103;194;249;land;true;forest;1
3828;251;215;246;land;false;marsh;1
3829;133;199;208;land;false;mountain;1
3830;182;240;124;land;false;hills;1
3831;222;150;131;land;false;forest;1
3832;145;237;242;land;true;urban;1
3833;241;249;64;land;false;mountain;1
3834;148;250;168;land;false;marsh;1
3835;254;27;230;land;true;urban;1
3836;223;236;126;land;false;marsh;1
3837;168;220;215;land;false;hills;1
3838;120;188;215;land;true;marsh;1
3839;214;95;231;land;false;marsh;1
3840;187;209;137;land;false;urban;1
3841;171;195;210;land;true;urban;1
3842;240;91;214;land;true;marsh;1
3843;117;242;204;land;false;hills;1
3844;227;236;200;land;true;marsh;1
3845;233;219;217;land;false;forest;1
3846;251;189;198;land;true;marsh;1
3847;242;168;207;land;false;mountain;1
3848;160;183;182;land;false;mountain;1
3849;189;136;229;land;true;urban;1
3850;142;247;120;land;false;hills;1
3851;226;120;223;land;false;mountain;1
3852;244;54;225;land;true;forest;1
3853;187;140;212;land;false;mountain;1
3854;224;90;194;land;false;mountain;1
3855;148;182;234;land;true;urban;1
3856;249;116;187;land;false;hills;1
3857;171;178;159;land;false;hills;1
3858;202;205;235;land;false;marsh;1
3859;154;133;228;land;true;marsh;1
3860;184;208;239;land;false;mountain;1
3861;242;235;240;land;true;mountain;1
3862;183;180;149;land;true;marsh;1
3863;89;209;243;land;false;marsh;1
3864;76;208;251;land;true;marsh;1
3865;222;157;178;land;true;mountain;1
3866;237;147;232;land;true;marsh;1
3867;204;182;226;land;false;hills;1
3868;111;228;214;land;false;hills;1
3869;181;224;111;land;true;marsh;1
3870;188;165;235;land;true;urban;1
3871;236;122;159;land;true;urban;1
3872;226;96;222;land;false;hills;1
3873;174;216;196;land;true;marsh;1
3874;65;229;211;land;false;marsh;1
3875;134;243;231;land;false;hills;1
3876;211;234;80;land;true;marsh;1
3877;81;243;192;land;false;forest;1
3878;164;233;237;land;true;forest;1
3879;84;193;254;land;false;forest;1
3880;206;106;222;land;true;forest;1
3881;235;224;177;land;false;mountain;1
3882;251;133;140;land;false;marsh;1
3883;89;218;223;land;true;mountain;1
3884;130;231;155;land;true;urban;1
3885;156;223;144;land;true;marsh;1
3886;213;156;157;land;true;marsh;1
3887;119;209;219;land;true;forest;1
3888;179;108;219;land;true;forest;1
3889;236;148;229;land;false;hills;1
3890;193;245;233;land;true;marsh;1
3891;195;143;175;land;true;marsh;1
3892;207;181;130;land;false;marsh;1
3893;151;196;168;land;false;mountain;1
3894;225;151;254;land;false;plains;1
3895;145;254;193;land;false;mountain;1
3896;251;14;239;land;true;urban;1
3897;179;151;217;land;true;marsh;1
3898;208;217;134;land;true;urban;1
3899;233;254;242;land;false;hills;1
3900;231;211;168;land;false;forest;1
3901;193;239;91;land;false;hills;1
3902;103;221;222;land;false;mountain;1
3903;218;128;221;land;true;mountain;1
3904;223;227;96;land;true;mountain;1
3905;164;200;224;land;false;mountain;1
3906;125;232;211;land;true;marsh;1
3907;254;167;174;land;false;hills;1
3908;233;143;253;land;true;marsh;1
3909;165;180;186;land;true;marsh;1
3910;214;205;87;land;true;urban;1
3911;200;253;185;land;true;urban;1
3912;228;214;172;land;false;mountain;1
3913;202;228;209;land;false;marsh;1
3914;224;218;86;land;false;mountain;1
3915;144;209;169;land;false;mountain;1
3916;51;242;215;land;false;mountain;1
3917;188;235;189;land;false;jungle;1
3918;153;155;233;land;false;marsh;1
3919;169;198;197;land;false;forest;1
3920;188;203;240;land;true;marsh;1
3921;234;234;232;land;false;forest;1
3922;208;154;244;land;false;marsh;1
3923;231;178;152;land;false;mountain;1
3924;203;162;240;land;false;mountain;1
3925;216;246;220;land;true;urban;1
3926;221;202;110;land;false;forest;1
3927;142;249;192;land;true;urban;1
3928;245;148;186;land;false;marsh;1
3929;178;196;234;land;true;marsh;1
3930;184;188;242;land;false;marsh;1
3931;145;189;219;land;false;forest;1
3932;102;247;222;land;true;marsh;1
3933;179;167;194;land;true;marsh;1
3934;125;209;222;land;false;forest;1
3935;65;246;244;land;true;marsh;1
3936;251;253;166;land;false;marsh;1
3937;150;224;237;land;false;forest;1
3938;141;169;237;land;true;marsh;1
3939;206;141;221;land;false;forest;1
3940;114;240;152;land;false;mountain;1
3941;180;226;212;land;true;marsh;1
3942;254;201;249;land;false;mountain;1
3943;113;187;224;land;true;mountain;1
3944;247;98;233;land;true;mountain;1
3945;183;228;148;land;false;jungle;1
3946;196;168;138;land;false;marsh;1
3947;149;213;206;land;false;forest;1
3948;111;150;247;land;false;forest;1
3949;230;93;242;land;false;marsh;1
3950;187;162;207;land;true;marsh;1
3951;100;205;245;land;false;marsh;1
3952;144;191;250;land;true;mountain;1
3953;234;178;184;land;true;marsh;1
3954;221;242;227;land;false;marsh;1
3955;243;215;50;land;true;marsh;1
3956;152;195;203;land;false;mountain;1
3957;152;207;248;land;false;mountain;1
3958;141;162;244;land;true;marsh;1
3959;29;244;234;land;true;mountain;1
3960;110;213;247;land;false;mountain;1
3961;226;206;100;land;false;mountain;1
3962;187;179;188;land;true;marsh;1
3963;147;139;217;land;false;hills;1
3964;214;105;197;land;true;marsh;1
3965;141;172;191;land;true;marsh;1
3966;224;168;232;land;false;forest;1
3967;46;218;247;land;false;forest;1
3968;175;248;130;land;true;mountain;1
3969;245;219;61;land;true;marsh;1
3970;203;210;224;land;false;marsh;1
3971;219;229;153;land;false;forest;1
3972;210;176;127;land;true;marsh;1
3973;212;67;246;land;false;marsh;1
3974;116;250;162;land;false;mountain;1
3975;131;223;175;land;false;forest;1
3976;151;215;165;land;false;forest;1
3977;149;240;120;land;false;forest;1
3978;89;242;245;land;false;forest;1
3979;101;152;251;land;false;forest;1
3980;241;122;142;land;true;forest;1
3981;195;132;240;land;true;marsh;1
3982;188;228;210;land;false;forest;1
3983;188;201;240;land;true;marsh;1
3984;138;223;161;land;true;hills;1
3985;125;176;216;land;true;mountain;1
3986;189;251;187;land;false;forest;1
3987;184;142;185;land;true;marsh;1
3988;70;248;211;land;true;marsh;1
3989;247;137;242;land;true;marsh;1
3990;227;206;139;land;true;marsh;1
3991;220;247;131;land;false;marsh;1
3992;149;192;189;land;false;forest;1
3993;183;227;98;land;true;mountain;1
3994;197;215;106;land;false;marsh;1
3995;141;249;217;land;false;marsh;1
3996;249;192;127;land;false;forest;1
3997;239;230;53;land;false;forest;1
3998;200;150;196;land;true;mountain;1
3999;211;88;236;land;true;mountain;1
4000;232;126;203;land;false;forest;1
4001;202;163;178;land;false;marsh;1
4002;200;149;184;land;false;forest;1
4003;232;248;153;land;true;marsh;1
4004;204;173;225;land;true;marsh;1
4005;223;152;238;land;false;mountain;1
4006;200;188;193;land;true;marsh;1
4007;132;183;200;land;false;mountain;1
4008;168;188;149;land;true;mountain;1
4009;217;179;169;land;true;marsh;1
4010;143;219;194;land;false;mountain;1
4011;253;125;247;land;false;hills;1
4012;198;224;113;land;true;marsh;1
4013;185;169;166;land;true;forest;1
4014;243;179;199;land;false;mountain;1
4015;184;210;247;land;false;mountain;1
4016;254;233;110;land;true;mountain;1
4017;90;181;243;land;false;forest;1
4018;215;241;165;land;true;marsh;1
4019;254;245;5;land;true;marsh;1
4020;250;247;78;land;true;marsh;1
4021;156;249;128;land;true;marsh;1
4022;136;222;153;land;true;marsh;1
4023;180;195;194;land;false;mountain;1
4024;203;242;179;land;true;marsh;1
4025;172;116;246;land;true;marsh;1
4026;238;212;238;land;true;marsh;1
4027;118;253;165;land;false;marsh;1
4028;236;162;151;land;true;marsh;1
4029;235;204;175;land;true;marsh;1
4030;228;248;111;land;true;marsh;1
4031;243;252;106;land;true;jungle;1
4032;222;151;245;land;true;marsh;1
4033;161;230;149;land;true;mountain;1
4034;196;234;236;land;true;marsh;1
4035;241;253;227;land;false;marsh;1
4036;206;248;191;land;true;marsh;1
4037;133;209;191;land;true;marsh;1
4038;179;231;197;land;false;marsh;1
4039;99;221;248;land;false;forest;1
4040;233;234;215;land;true;mountain;1
4041;204;224;174;land;false;mountain;1
4042;211;250;177;land;true;hills;1
4043;224;201;245;land;false;marsh;1
4044;219;210;181;land;true;mountain;1
4045;239;164;127;land;false;marsh;1
4046;102;204;254;land;false;marsh;1
4047;63;218;231;land;true;marsh;1
4048;211;238;88;land;true;marsh;1
4049;193;120;214;land;false;marsh;1
4050;171;218;193;land;true;marsh;1
4051;220;217;80;land;false;mountain;1
4052;207;172;186;land;true;mountain;1
4053;208;249;102;land;true;marsh;1
4054;141;207;249;land;true;marsh;1
4055;197;109;235;land;false;marsh;1
4056;183;211;172;land;true;marsh;1
4057;195;190;163;land;true;marsh;1
4058;244;197;116;land;true;marsh;1
4059;220;249;233;land;true;mountain;1
4060;243;186;222;land;false;mountain;1
4061;253;188;218;land;false;marsh;1
4062;157;243;126;land;true;mountain;1
4063;212;152;140;land;true;mountain;1
4064;157;190;253;land;true;marsh;1
4065;218;195;184;land;true;marsh;1
4066;86;227;222;land;true;mountain;1
4067;154;229;198;land;true;marsh;1
4068;192;250;140;land;true;hills;1
4069;193;172;177;land;false;forest;1
4070;227;238;82;land;true;marsh;1
4071;169;170;250;land;true;marsh;1
4072;159;151;245;land;false;marsh;1
4073;189;181;211;land;false;forest;1
4074;178;130;220;land;false;forest;1
4075;148;210;193;land;true;marsh;1
4076;128;243;141;land;true;marsh;1
4077;186;212;250;land;true;marsh;1
4078;230;226;201;land;true;marsh;1
4079;243;204;171;land;true;marsh;1
4080;241;52;236;land;true;mountain;1
4081;250;246;36;land;false;forest;1
4082;170;140;214;land;true;marsh;1
4083;219;232;231;land;true;marsh;1
4084;181;179;145;land;false;marsh;1
4085;187;199;193;land;true;marsh;1
4086;191;249;65;land;false;forest;1
4087;237;245;186;land;true;mountain;1
4088;196;229;209;land;true;marsh;1
4089;250;214;248;land;true;marsh;1
4090;150;252;220;land;true;marsh;1
4091;245;165;220;land;true;marsh;1
4092;235;241;75;land;true;marsh;1
4093;215;215;125;land;true;mountain;1
4094;216;237;78;land;false;jungle;1
4095;206;89;251;land;true;marsh;1
4096;221;231;78;land;true;marsh;1
4097;195;143;198;land;true;marsh;1
4098;203;107;237;land;false;mountain;1
4099;232;166;219;land;true;forest;1
4100;253;217;149;land;false;jungle;1
4101;241;249;245;land;true;marsh;1
4102;183;168;166;land;true;jungle;1
4103;203;92;231;land;true;marsh;1
4104;157;204;157;land;true;marsh;1
4105;218;147;250;land;true;marsh;1
4106;240;203;177;land;true;marsh;1
4107;231;232;147;land;true;marsh;1
4108;182;189;224;land;true;marsh;1
4109;216;101;191;land;true;hills;1
4110;127;231;149;land;false;marsh;1
4111;102;251;238;land;false;marsh;1
4112;174;254;217;land;true;jungle;1
4113;245;173;116;land;true;marsh;1
4114;178;135;223;land;false;marsh;1
4115;120;213;233;land;false;marsh;1
4116;228;213;137;land;true;marsh;1
4117;240;192;96;land;true;forest;1
4118;157;233;228;land;false;marsh;1
4119;237;88;227;land;true;marsh;1
4120;251;240;245;land;true;mountain;1
4121;153;247;202;land;false;mountain;1
4122;180;74;250;land;true;marsh;1
4123;141;248;166;land;false;mountain;1
4124;240;104;171;land;true;marsh;1
4125;211;93;248;land;false;marsh;1
4126;227;210;141;land;true;marsh;1
4127;213;161;214;land;false;marsh;1
4128;189;218;117;land;true;marsh;1
4129;159;185;191;land;true;marsh;1
4130;245;126;204;land;false;marsh;1
4131;213;142;146;land;true;marsh;1
4132;249;227;98;land;true;marsh;1
4133;230;182;220;land;true;marsh;1
4134;180;250;160;land;false;marsh;1
4135;254;242;241;land;true;marsh;1
4136;119;185;242;land;false;marsh;1
4137;242;222;46;land;false;hills;1
4138;194;211;129;land;true;mountain;1
4139;184;138;249;land;false;forest;1
4140;215;221;143;land;true;marsh;1
4141;245;196;165;land;true;marsh;1
4142;193;204;218;land;true;jungle;1
4143;178;203;150;land;false;mountain;1
4144;146;238;244;land;false;forest;1
4145;221;146;195;land;true;mountain;1
4146;230;227;160;land;true;marsh;1
4147;69;216;246;land;true;marsh;1
4148;180;253;242;land;false;marsh;1
4149;117;220;222;land;true;jungle;1
4150;147;209;170;land;true;marsh;1
4151;170;224;227;land;false;mountain;1
4152;217;252;74;land;false;mountain;1
4153;187;230;228;land;true;marsh;1
4154;229;245;122;land;false;mountain;1
4155;168;245;206;land;true;mountain;1
4156;138;168;207;land;false;marsh;1
4157;216;229;58;land;true;marsh;1
4158;201;218;185;land;false;marsh;1
4159;125;211;225;land;true;mountain;1
4160;162;219;249;land;true;hills;1
4161;252;92;166;land;false;marsh;1
4162;111;199;213;land;true;mountain;1
4163;153;205;197;land;true;marsh;1
4164;218;119;165;land;true;marsh;1
4165;212;129;174;land;true;marsh;1
4166;163;238;116;land;true;mountain;1
4167;253;216;175;land;false;forest;1
4168;179;179;205;land;false;marsh;1
4169;160;188;238;land;false;marsh;1
4170;141;136;238;land;false;jungle;1
4171;239;109;242;land;true;marsh;1
4172;251;135;219;land;false;marsh;1
4173;208;193;143;land;true;forest;1
4174;243;251;166;land;false;forest;1
4175;195;160;147;land;true;marsh;1
4176;139;179;234;land;false;mountain;1
4177;98;246;246;land;true;marsh;1
4178;163;117;236;land;true;marsh;1
4179;183;194;169;land;true;marsh;1
4180;172;196;253;land;false;forest;1
4181;251;102;148;land;false;mountain;1
4182;201;228;205;land;true;jungle;1
4183;181;254;166;land;true;mountain;1
4184;123;247;195;land;true;mountain;1
4185;232;165;168;land;false;marsh;1
4186;162;214;194;land;true;mountain;1
4187;144;254;150;land;false;forest;1
4188;229;161;250;land;true;hills;1
4189;252;126;167;land;false;mountain;1
4190;236;186;145;land;false;marsh;1
4191;144;203;190;land;true;mountain;1
4192;214;207;249;land;false;marsh;1
4193;184;127;203;land;false;hills;1
4194;138;213;160;land;false;forest;1
4195;185;198;124;land;false;forest;1
4196;174;144;228;land;false;forest;1
4197;177;235;219;land;true;marsh;1
4198;184;69;248;land;true;mountain;1
4199;243;213;182;land;false;marsh;1
4200;251;205;184;land;true;marsh;1
4201;222;144;192;land;true;marsh;1
4202;211;204;159;land;false;mountain;1
4203;96;234;230;land;false;marsh;1
4204;232;239;49;land;true;marsh;1
4205;159;215;148;land;false;forest;1
4206;251;71;201;land;false;forest;1
4207;222;165;254;land;true;marsh;1
4208;213;193;244;land;true;marsh;1
4209;75;251;234;land;true;marsh;1
4210;174;189;163;land;false;marsh;1
4211;148;141;242;land;true;marsh;1
4212;205;139;220;land;true;marsh;1
4213;148;212;202;land;true;marsh;1
4214;128;153;228;land;false;jungle;1
4215;55;243;244;land;false;forest;1
4216;154;225;177;land;false;marsh;1
4217;239;89;241;land;true;marsh;1
4218;254;153;122;land;true;mountain;1
4219;208;251;201;land;true;marsh;1
4220;202;193;249;land;true;marsh;1
4221;229;209;124;land;true;marsh;1
4222;174;244;237;land;true;marsh;1
4223;227;83;238;land;true;marsh;1
4224;238;184;154;land;false;forest;1
4225;219;221;89;land;false;forest;1
4226;171;216;221;land;true;forest;1
4227;192;251;89;land;true;forest;1
4228;199;136;188;land;false;forest;1
4229;165;201;203;land;true;marsh;1
4230;170;205;136;land;true;marsh;1
4231;200;165;147;land;true;marsh;1
4232;23;248;251;land;true;forest;1
4233;254;115;151;land;false;jungle;1
4234;222;93;210;land;true;mountain;1
4235;183;208;215;land;false;mountain;1
4236;249;203;153;land;true;marsh;1
4237;241;121;205;land;true;mountain;1
4238;223;224;169;land;false;mountain;1
4239;189;158;207;land;false;forest;1
4240;114;205;209;land;true;marsh;1
4241;235;251;160;land;true;marsh;1
4242;210;156;170;land;true;marsh;1
4243;171;177;188;land;true;forest;1
4244;147;119;248;land;false;plains;1
4245;239;148;232;land;true;forest;1
4246;207;187;160;land;false;mountain;1
4247;229;96;254;land;true;marsh;1
4248;157;248;110;land;true;mountain;1
4249;216;138;161;land;true;mountain;1
4250;205;96;234;land;false;marsh;1
4251;218;160;135;land;false;mountain;1
4252;249;227;253;land;true;mountain;1
4253;195;131;181;land;true;marsh;1
4254;248;226;73;land;true;forest;1
4255;245;22;246;land;false;marsh;1
4256;171;213;189;land;false;marsh;1
4257;252;55;251;land;true;mountain;1
4258;61;238;241;land;false;forest;1
4259;233;129;212;land;true;marsh;1
4260;89;226;217;land;true;forest;1
4261;209;149;234;land;false;marsh;1
4262;243;86;219;land;true;marsh;1
4263;231;83;242;land;true;marsh;1
4264;253;254;252;land;false;mountain;1
4265;228;178;211;land;true;marsh;1
4266;180;191;205;land;false;mountain;1
4267;199;177;153;land;true;mountain;1
4268;216;136;227;land;false;forest;1
4269;207;247;104;land;true;mountain;1
4270;140;126;243;land;true;mountain;1
4271;222;119;193;land;true;forest;1
4272;209;210;139;land;false;forest;1
4273;235;235;199;land;true;marsh;1
4274;246;221;206;land;true;marsh;1
4275;254;184;154;land;false;marsh;1
4276;232;88;191;land;false;marsh;1
4277;18;248;251;land;true;marsh;1
4278;230;103;231;land;false;forest;1
4279;229;112;178;land;true;mountain;1
4280;187;193;184;land;true;marsh;1
4281;111;158;244;land;false;marsh;1
4282;208;241;168;land;false;marsh;1
4283;237;143;132;land;false;forest;1
4284;113;198;252;land;true;marsh;1
4285;161;213;171;land;true;marsh;1
4286;211;175;228;land;true;marsh;1
4287;211;94;227;land;false;mountain;1
4288;186;175;161;land;true;marsh;1
4289;189;239;222;land;false;forest;1
4290;216;180;135;land;true;mountain;1
4291;216;228;251;land;true;mountain;1
4292;210;254;118;land;false;marsh;1
4293;208;215;198;land;true;marsh;1
4294;222;219;198;land;false;marsh;1
4295;254;174;96;land;true;jungle;1
4296;145;244;223;land;true;marsh;1
4297;194;206;183;land;true;marsh;1
4298;252;194;93;land;false;jungle;1
4299;140;177;209;land;false;marsh;1
4300;131;187;197;land;false;forest;1
4301;39;250;248;land;false;jungle;1
4302;223;104;201;land;true;marsh;1
4303;200;205;183;land;true;marsh;1
4304;226;250;29;land;true;marsh;1
4305;228;236;96;land;true;marsh;1
4306;136;220;178;land;false;marsh;1
4307;240;240;98;land;false;forest;1
4308;244;35;224;land;false;forest;1
4309;254;170;217;land;true;forest;1
4310;210;161;212;land;true;marsh;1
4311;252;210;200;land;true;mountain;1
4312;227;237;150;land;true;marsh;1
4313;246;152;143;land;false;mountain;1
4314;127;198;176;land;false;forest;1
4315;204;251;117;land;true;marsh;1
4316;222;164;128;land;false;marsh;1
4317;212;94;227;land;true;marsh;1
4318;232;80;212;land;true;forest;1
4319;249;165;159;land;false;forest;1
4320;196;143;216;land;true;marsh;1
4321;243;146;135;land;false;marsh;1
4322;231;231;230;land;true;marsh;1
4323;247;158;211;land;false;marsh;1
4324;198;254;167;land;false;marsh;1
4325;178;101;234;land;true;mountain;1
4326;219;206;91;land;false;mountain;1
4327;184;245;218;land;true;forest;1
4328;157;241;137;land;false;marsh;1
4329;239;195;238;land;true;mountain;1
4330;214;247;189;land;true;mountain;1
4331;97;231;181;land;true;marsh;1
4332;243;86;248;land;false;marsh;1
4333;251;214;119;land;false;marsh;1
4334;222;199;241;land;true;mountain;1
4335;122;194;205;land;true;marsh;1
4336;165;168;205;land;false;marsh;1
4337;156;200;176;land;true;mountain;1
4338;214;231;179;land;false;mountain;1
4339;224;138;170;land;true;mountain;1
4340;203;44;254;land;false;mountain;1
4341;213;242;121;land;true;marsh;1
4342;163;219;135;land;false;forest;1
4343;240;223;214;land;true;marsh;1
4344;240;182;234;land;true;marsh;1
4345;108;244;192;land;true;jungle;1
4346;244;188;94;land;false;marsh;1
4347;182;195;169;land;true;marsh;1
4348;135;135;232;land;true;marsh;1
4349;127;248;144;land;true;mountain;1
4350;135;213;176;land;false;forest;1
4351;184;231;214;land;true;mountain;1
4352;201;145;178;land;true;marsh;1
4353;201;202;169;land;false;marsh;1
4354;249;217;89;land;false;mountain;1
4355;129;251;234;land;true;mountain;1
4356;95;248;188;land;true;marsh;1
4357;97;240;240;land;true;marsh;1
4358;210;229;246;land;true;plains;1
4359;149;229;212;land;false;marsh;1
4360;242;132;244;land;true;marsh;1
4361;143;231;238;land;true;marsh;1
4362;108;217;216;land;true;mountain;1
4363;153;125;232;land;false;marsh;1
4364;164;237;241;land;true;marsh;1
4365;207;192;215;land;true;marsh;1
4366;232;188;203;land;true;mountain;1
4367;203;199;207;land;true;marsh;1
4368;254;54;233;land;true;mountain;1
4369;210;161;159;land;false;jungle;1
4370;172;144;199;land;true;marsh;1
4371;207;95;222;land;false;marsh;1
4372;50;248;247;land;true;marsh;1
4373;207;242;188;land;false;forest;1
4374;218;156;245;land;true;mountain;1
4375;86;230;207;land;false;marsh;1
4376;254;138;214;land;true;marsh;1
4377;203;201;97;land;true;mountain;1
4378;227;199;225;land;true;hills;1
4379;174;115;247;land;true;marsh;1
4380;218;198;252;land;false;marsh;1
4381;142;154;212;land;true;forest;1
4382;239;224;177;land;true;marsh;1
4383;177;252;237;land;true;marsh;1
4384;83;250;218;land;false;marsh;1
4385;185;180;246;land;true;forest;1
4386;176;240;109;land;false;mountain;1
4387;153;242;124;land;true;marsh;1
4388;250;128;214;land;true;marsh;1
4389;222;253;116;land;true;marsh;1
4390;215;203;217;land;true;marsh;1
4391;159;231;204;land;false;forest;1
4392;206;249;151;land;false;mountain;1
4393;214;220;159;land;true;jungle;1
4394;251;249;3;land;true;mountain;1
4395;130;234;137;land;false;jungle;1
4396;216;187;167;land;true;mountain;1
4397;172;228;244;land;true;marsh;1
4398;150;247;116;land;true;marsh;1
4399;73;209;228;land;true;mountain;1
4400;247;111;167;land;true;marsh;1
4401;232;220;53;land;true;plains;1
4402;153;170;197;land;false;mountain;1
4403;195;242;96;land;false;jungle;1
4404;154;204;168;land;true;plains;1
4405;168;227;239;land;true;marsh;1
4406;211;234;162;land;true;mountain;1
4407;190;209;212;land;true;marsh;1
4408;249;213;43;land;false;forest;1
4409;209;101;211;land;true;marsh;1
4410;154;184;211;land;false;marsh;1
4411;182;201;208;land;true;forest;1
4412;204;210;249;land;false;mountain;1
4413;42;244;253;land;true;mountain;1
4414;233;181;153;land;false;plains;1
4415;237;189;228;land;false;marsh;1
4416;107;196;206;land;false;marsh;1
4417;209;231;78;land;true;marsh;1
4418;200;156;173;land;false;mountain;1
4419;237;235;226;land;false;marsh;1
4420;238;179;101;land;false;mountain;1
4421;103;224;223;land;false;jungle;1
4422;230;246;106;land;false;marsh;1
4423;165;165;218;land;true;marsh;1
4424;222;242;120;land;true;marsh;1
4425;241;210;127;land;false;jungle;1
4426;224;158;156;land;true;marsh;1
4427;160;135;234;land;true;plains;1
4428;218;201;114;land;true;plains;1
4429;248;137;185;land;true;forest;1
4430;198;182;137;land;true;mountain;1
4431;195;211;143;land;true;mountain;1
4432;240;156;148;land;true;mountain;1
4433;244;108;190;land;false;forest;1
4434;202;84;215;land;false;marsh;1
4435;160;126;235;land;true;marsh;1
4436;115;234;183;land;true;mountain;1
4437;171;253;84;land;true;marsh;1
4438;191;187;230;land;false;plains;1
4439;111;189;209;land;false;forest;1
4440;249;225;139;land;true;marsh;1
4441;207;231;146;land;true;marsh;1
4442;251;128;178;land;true;marsh;1
4443;194;222;112;land;true;mountain;1
4444;196;211;243;land;true;mountain;1
4445;158;239;123;land;false;plains;1
4446;186;231;159;land;false;mountain;1
4447;65;235;214;land;true;marsh;1
4448;191;253;169;land;true;mountain;1
4449;198;220;164;land;true;marsh;1
4450;217;239;228;land;false;forest;1
4451;233;236;81;land;true;mountain;1
4452;226;224;118;land;false;jungle;1
4453;153;245;214;land;false;forest;1
4454;173;252;96;land;true;marsh;1
4455;219;58;243;land;false;mountain;1
4456;243;240;217;land;true;marsh;1
4457;187;196;216;land;true;marsh;1
4458;161;201;205;land;true;marsh;1
4459;239;78;189;land;false;marsh;1
4460;178;253;221;land;false;marsh;1
4461;219;191;104;land;true;plains;1
4462;244;236;72;land;false;forest;1
4463;251;128;221;land;false;plains;1
4464;217;192;115;land;false;mountain;1
4465;146;240;138;land;true;forest;1
4466;254;121;241;land;true;marsh;1
4467;251;249;31;land;false;mountain;1
4468;197;219;140;land;true;mountain;1
4469;191;185;230;land;true;marsh;1
4470;226;243;253;land;true;marsh;1
4471;163;240;232;land;true;forest;1
4472;183;216;244;land;true;marsh;1
4473;210;205;254;land;true;marsh;1
4474;87;208;206;land;true;marsh;1
4475;217;230;247;land;true;marsh;1
4476;123;210;223;land;false;mountain;1
4477;134;181;238;land;false;jungle;1
4478;178;180;155;land;false;jungle;1
4479;196;162;174;land;true;marsh;1
4480;237;186;203;land;true;desert;1
4481;226;173;140;land;true;plains;1
4482;131;189;191;land;false;plains;1
4483;163;171;193;land;true;forest;1
4484;228;214;119;land;false;plains;1
4485;195;231;135;land;true;mountain;1
4486;242;107;173;land;true;forest;1
4487;148;182;239;land;false;jungle;1
4488;246;156;251;land;true;marsh;1
4489;221;198;208;land;true;marsh;1
4490;217;236;49;land;false;hills;1
4491;134;231;166;land;false;forest;1
4492;188;244;72;land;true;marsh;1
4493;99;202;214;land;true;marsh;1
4494;207;150;220;land;true;marsh;1
4495;229;243;93;land;false;desert;1
4496;172;157;174;land;true;plains;1
4497;239;188;213;land;true;mountain;1
4498;246;235;249;land;true;marsh;1
4499;161;251;147;land;true;jungle;1
4500;248;244;16;land;true;marsh;1
4501;224;142;193;land;true;marsh;1
4502;244;175;146;land;true;marsh;1
4503;232;151;214;land;true;forest;1
4504;249;233;160;land;false;marsh;1
4505;238;204;184;land;true;forest;1
4506;149;188;221;land;true;marsh;1
4507;143;170;226;land;false;hills;1
4508;173;184;237;land;true;mountain;1
4509;221;210;108;land;true;marsh;1
4510;151;203;240;land;false;mountain;1
4511;238;150;212;land;true;plains;1
4512;241;248;81;land;false;hills;1
4513;160;135;251;land;false;mountain;1
4514;249;204;155;land;false;plains;1
4515;221;190;165;land;false;plains;1
4516;207;246;217;land;true;marsh;1
4517;213;229;102;land;true;forest;1
4518;88;231;227;land;true;plains;1
4519;235;190;109;land;true;marsh;1
4520;247;190;184;land;true;marsh;1
4521;171;108;232;land;true;marsh;1
4522;236;89;226;land;true;mountain;1
4523;195;238;76;land;false;mountain;1
4524;150;133;235;land;true;marsh;1
4525;208;201;242;land;false;hills;1
4526;248;220;77;land;false;hills;1
4527;117;176;211;land;true;marsh;1
4528;235;230;91;land;true;marsh;1
4529;241;223;120;land;false;desert;1
4530;235;203;141;land;true;mountain;1
4531;201;204;149;land;true;marsh;1
4532;199;236;116;land;true;mountain;1
4533;96;216;243;land;false;mountain;1
4534;213;204;166;land;true;marsh;1
4535;245;131;247;land;false;plains;1
4536;252;113;186;land;false;mountain;1
4537;218;124;163;land;false;marsh;1
4538;186;205;167;land;true;mountain;1
4539;195;172;225;land;false;mountain;1
4540;197;233;135;land;true;marsh;1
4541;196;157;170;land;true;plains;1
4542;249;185;183;land;false;mountain;1
4543;176;210;120;land;false;plains;1
4544;229;186;116;land;true;mountain;1
4545;220;123;160;land;false;hills;1
4546;251;62;194;land;false;plains;1
4547;225;97;187;land;true;marsh;1
4548;223;90;236;land;true;marsh;1
4549;210;160;181;land;false;mountain;1
4550;174;195;172;land;false;mountain;1
4551;225;234;162;land;true;marsh;1
4552;183;191;161;land;false;plains;1
4553;205;249;88;land;false;plains;1
4554;165;181;156;land;true;marsh;1
4555;245;176;109;land;false;mountain;1
4556;139;182;250;land;false;plains;1
4557;88;216;231;land;false;plains;1
4558;212;164;136;land;false;plains;1
4559;193;197;138;land;false;marsh;1
4560;156;107;250;land;true;plains;1
4561;155;245;204;land;true;marsh;1
4562;233;233;123;land;false;jungle;1
4563;178;254;139;land;false;plains;1
4564;184;213;203;land;true;mountain;1
4565;185;148;215;land;true;marsh;1
4566;201;227;124;land;true;mountain;1
4567;242;187;209;land;false;mountain;1
4568;143;238;226;land;true;mountain;1
4569;233;136;230;land;false;marsh;1
4570;137;228;147;land;true;mountain;1
4571;243;198;242;land;false;plains;1
4572;92;251;197;land;true;hills;1
4573;241;219;47;land;false;mountain;1
4574;219;194;239;land;false;mountain;1
4575;239;137;172;land;false;plains;1
4576;249;66;214;land;false;plains;1
4577;193;75;253;land;false;marsh;1
4578;250;109;165;land;false;mountain;1
4579;176;241;127;land;false;plains;1
4580;220;182;186;land;true;marsh;1
4581;18;240;252;land;true;marsh;1
4582;166;250;153;land;true;plains;1
4583;212;218;123;land;true;marsh;1
4584;223;189;130;land;true;marsh;1
4585;215;242;239;land;true;marsh;1
4586;82;225;253;land;true;marsh;1
4587;100;200;250;land;false;jungle;1
4588;146;242;166;land;true;jungle;1
4589;203;254;167;land;false;marsh;1
4590;247;35;221;land;true;marsh;1
4591;192;167;214;land;false;mountain;1
4592;181;86;244;land;false;plains;1
4593;155;212;196;land;false;marsh;1
4594;136;156;233;land;false;marsh;1
4595;201;153;233;land;false;mountain;1
4596;249;233;102;land;true;plains;1
4597;248;112;201;land;false;forest;1
4598;192;234;167;land;true;plains;1
4599;187;151;247;land;true;marsh;1
4600;180;95;236;land;true;mountain;1
4601;241;195;119;land;false;forest;1
4602;222;213;184;land;true;mountain;1
4603;181;168;161;land;true;marsh;1
4604;217;76;222;land;false;marsh;1
4605;95;236;217;land;true;marsh;1
4606;84;207;214;land;false;plains;1
4607;244;96;237;land;true;mountain;1
4608;185;248;250;land;false;plains;1
4609;187;242;201;land;true;mountain;1
4610;95;233;195;land;false;marsh;1
4611;126;185;227;land;false;marsh;1
4612;221;225;117;land;true;marsh;1
4613;246;189;178;land;false;marsh;1
4614;71;223;218;land;false;plains;1
4615;101;248;164;land;false;plains;1
4616;234;175;228;land;true;mountain;1
4617;230;238;48;land;true;forest;1
4618;211;149;225;land;false;marsh;1
4619;225;188;126;land;false;plains;1
4620;252;241;149;land;false;plains;1
4621;197;218;224;land;true;marsh;1
4622;106;234;254;land;false;marsh;1
4623;251;177;192;land;false;marsh;1
4624;147;184;221;land;false;forest;1
4625;227;169;138;land;false;plains;1
4626;190;139;218;land;true;mountain;1
4627;201;228;143;land;false;plains;1
4628;254;191;145;land;false;plains;1
4629;189;134;236;land;true;mountain;1
4630;207;161;148;land;true;marsh;1
4631;148;156;253;land;false;mountain;1
4632;237;166;196;land;false;marsh;1
4633;197;182;245;land;false;marsh;1
4634;181;158;202;land;true;marsh;1
4635;151;236;141;land;false;plains;1
4636;203;96;221;land;false;marsh;1
4637;252;128;227;land;true;marsh;1
4638;234;67;248;land;true;marsh;1
4639;98;251;226;land;false;mountain;1
4640;213;155;240;land;false;mountain;1
4641;159;254;170;land;true;mountain;1
4642;233;59;236;land;true;marsh;1
4643;246;141;188;land;false;mountain;1
4644;168;214;207;land;false;plains;1
4645;211;199;181;land;false;mountain;1
4646;65;243;213;land;false;jungle;1
4647;233;171;248;land;false;mountain;1
4648;187;222;228;land;false;plains;1
4649;195;227;241;land;false;mountain;1
4650;233;240;253;land;true;forest;1
4651;70;213;250;land;false;plains;1
4652;193;206;144;land;false;plains;1
4653;227;174;180;land;true;marsh;1
4654;184;181;139;land;true;marsh;1
4655;127;238;252;land;false;mountain;1
4656;248;227;241;land;false;plains;1
4657;179;159;233;land;true;mountain;1
4658;150;246;231;land;false;jungle;1
4659;253;239;111;land;false;plains;1
4660;228;150;149;land;true;marsh;1
4661;175;233;141;land;false;jungle;1
4662;130;172;245;land;false;marsh;1
4663;102;179;234;land;true;marsh;1
4664;166;159;235;land;true;marsh;1
4665;106;205;194;land;false;marsh;1
4666;240;200;130;land;true;mountain;1
4667;213;193;239;land;false;plains;1
4668;222;173;177;land;false;plains;1
4669;246;150;245;land;false;hills;1
4670;235;178;245;land;true;marsh;1
4671;188;180;245;land;false;jungle;1
4672;188;149;233;land;true;forest;1
4673;146;213;167;land;false;plains;1
4674;215;106;253;land;false;plains;1
4675;239;244;205;land;false;plains;1
4676;170;172;231;land;true;mountain;1
4677;116;190;217;land;false;jungle;1
4678;202;184;210;land;false;marsh;1
4679;215;134;207;land;false;plains;1
4680;113;230;203;land;false;plains;1
4681;251;231;210;land;false;jungle;1
4682;230;178;108;land;true;mountain;1
4683;211;211;143;land;true;marsh;1
4684;231;185;147;land;false;forest;1
4685;140;235;163;land;true;mountain;1
4686;246;182;109;land;false;plains;1
4687;243;223;148;land;true;forest;1
4688;208;128;211;land;false;mountain;1
4689;125;242;222;land;true;mountain;1
4690;184;134;224;land;false;plains;1
4691;243;189;98;land;true;marsh;1
4692;238;214;100;land;false;plains;1
4693;184;233;96;land;false;forest;1
4694;239;65;210;land;false;plains;1
4695;233;107;206;land;false;plains;1
4696;240;230;118;land;true;marsh;1
4697;253;42;253;land;false;marsh;1
4698;128;242;215;land;false;plains;1
4699;240;138;222;land;false;plains;1
4700;132;212;212;land;false;marsh;1
4701;232;45;230;land;false;plains;1
4702;252;193;119;land;false;jungle;1
4703;237;156;241;land;false;marsh;1
4704;49;239;232;land;true;marsh;1
4705;202;187;244;land;true;marsh;1
4706;225;47;238;land;false;forest;1
4707;213;216;248;land;false;marsh;1
4708;119;252;162;land;false;plains;1
4709;254;230;210;land;false;plains;1
4710;248;176;149;land;false;mountain;1
4711;246;238;117;land;true;marsh;1
4712;219;56;244;land;false;forest;1
4713;97;202;219;land;false;mountain;1
4714;214;196;251;land;false;mountain;1
4715;172;199;160;land;true;mountain;1
4716;135;251;244;land;false;mountain;1
4717;227;174;202;land;false;forest;1
4718;177;186;196;land;true;mountain;1
4719;234;82;225;land;false;hills;1
4720;127;234;178;land;false;marsh;1
4721;183;122;240;land;true;mountain;1
4722;169;206;204;land;false;plains;1
4723;241;204;197;land;false;mountain;1
4724;178;155;228;land;true;marsh;1
4725;175;209;119;land;false;jungle;1
4726;135;189;235;land;false;jungle;1
4727;231;253;157;land;false;plains;1
4728;167;220;230;land;false;plains;1
4729;157;222;186;land;false;jungle;1
4730;187;200;127;land;false;plains;1
4731;229;245;92;land;false;mountain;1
4732;155;230;187;land;false;jungle;1
4733;135;157;233;land;false;forest;1
4734;204;141;174;land;false;plains;1
4735;168;129;229;land;false;plains;1
4736;154;214;251;land;false;forest;1
4737;230;240;83;land;true;marsh;1
4738;198;253;204;land;false;marsh;1
4739;223;213;213;land;true;marsh;1
4740;141;246;143;land;false;mountain;1
4741;118;173;236;land;true;marsh;1
4742;157;229;172;land;false;marsh;1
4743;88;189;252;land;true;mountain;1
4744;177;169;184;land;false;plains;1
4745;211;183;175;land;false;plains;1
4746;250;192;165;land;false;plains;1
4747;201;167;220;land;true;mountain;1
4748;240;96;171;land;true;marsh;1
4749;112;246;244;land;false;plains;1
4750;235;233;190;land;false;plains;1
4751;125;220;247;land;false;plains;1
4752;194;191;229;land;false;jungle;1
4753;105;216;253;land;false;forest;1
4754;211;198;206;land;false;plains;1
4755;133;179;211;land;false;forest;1
4756;221;211;149;land;false;jungle;1
4757;133;137;232;land;true;mountain;1
4758;210;176;168;land;false;hills;1
4759;202;201;108;land;false;plains;1
4760;211;151;169;land;false;plains;1
4761;134;176;246;land;false;hills;1
4762;246;162;137;land;false;mountain;1
4763;76;224;217;land;false;marsh;1
4764;109;223;183;land;false;plains;1
4765;254;254;75;land;false;jungle;1
4766;244;206;184;land;false;mountain;1
4767;238;160;237;land;false;plains;1
4768;209;171;213;land;true;marsh;1
4769;240;240;84;land;false;plains;1
4770;159;134;228;land;false;plains;1
4771;251;211;56;land;false;jungle;1
4772;176;186;190;land;true;marsh;1
4773;230;212;91;land;false;jungle;1
4774;165;167;198;land;false;plains;1
4775;98;180;233;land;false;plains;1
4776;196;150;233;land;false;marsh;1
4777;241;231;236;land;false;plains;1
4778;173;192;202;land;false;plains;1
4779;165;180;160;land;false;marsh;1
4780;234;95;208;land;true;marsh;1
4781;218;213;95;land;false;jungle;1
4782;107;242;186;land;false;mountain;1
4783;142;152;208;land;false;mountain;1
4784;103;170;250;land;false;mountain;1
4785;151;183;187;land;false;plains;1
4786;229;157;242;land;false;plains;1
4787;122;197;182;land;false;marsh;1
4788;241;194;105;land;false;jungle;1
4789;187;226;187;land;true;mountain;1
4790;190;214;143;land;true;marsh;1
4791;143;163;201;land;true;mountain;1
4792;87;242;189;land;true;plains;1
4793;237;139;239;land;false;marsh;1
4794;83;252;234;land;false;marsh;1
4795;212;199;184;land;false;marsh;1
4796;206;132;219;land;false;jungle;1
4797;221;194;197;land;false;plains;1
4798;179;200;134;land;false;jungle;1
4799;221;226;156;land;false;marsh;1
4800;79;211;235;land;true;marsh;1
4801;180;182;223;land;false;mountain;1
4802;155;183;251;land;true;marsh;1
4803;163;183;176;land;false;plains;1
4804;198;219;178;land;false;jungle;1
4805;253;175;150;land;false;mountain;1
4806;181;174;162;land;false;marsh;1
4807;204;120;233;land;true;marsh;1
4808;81;220;205;land;false;plains;1
4809;153;238;203;land;false;plains;1
4810;205;156;212;land;false;plains;1
4811;121;226;173;land;false;mountain;1
4812;176;213;205;land;true;jungle;1
4813;242;212;151;land;false;plains;1
4814;253;244;100;land;false;plains;1
4815;143;209;167;land;false;jungle;1
4816;251;109;201;land;false;jungle;1
4817;223;127;184;land;false;plains;1
4818;224;180;253;land;true;hills;1
4819;212;216;105;land;false;plains;1
4820;230;234;160;land;false;plains;1
4821;248;145;115;land;false;plains;1
4822;198;164;160;land;false;jungle;1
4823;225;211;160;land;false;marsh;1
4824;197;137;219;land;false;marsh;1
4825;184;215;122;land;false;plains;1
4826;183;133;232;land;false;marsh;1
4827;165;231;150;land;false;jungle;1
4828;174;184;234;land;false;plains;1
4829;240;190;133;land;false;marsh;1
4830;211;172;137;land;true;jungle;1
4831;179;184;221;land;false;plains;1
4832;191;247;226;land;true;marsh;1
4833;250;123;141;land;false;jungle;1
4834;126;185;243;land;false;hills;1
4835;154;227;133;land;true;marsh;1
4836;203;232;220;land;false;plains;1
4837;221;123;166;land;false;plains;1
4838;201;147;235;land;false;plains;1
4839;228;176;172;land;false;plains;1
4840;189;217;115;land;true;marsh;1
4841;253;187;253;land;false;marsh;1
4842;223;137;217;land;false;jungle;1
4843;243;230;222;land;false;marsh;1
4844;164;240;114;land;false;plains;1
4845;51;245;228;land;false;plains;1
4846;55;249;218;land;false;jungle;1
4847;165;186;228;land;false;plains;1
4848;147;210;185;land;false;marsh;1
4849;217;238;60;land;false;plains;1
4850;223;226;195;land;false;jungle;1
4851;177;247;167;land;false;marsh;1
4852;176;147;183;land;false;marsh;1
4853;214;244;235;land;false;plains;1
4854;246;218;137;land;false;plains;1
4855;123;237;177;land;false;marsh;1
4856;193;182;175;land;false;marsh;1
4857;180;213;206;land;false;marsh;1
4858;225;178;101;land;false;plains;1
4859;222;112;227;land;false;mountain;1
4860;236;221;216;land;false;plains;1
4861;232;235;53;land;false;mountain;1
4862;115;237;154;land;true;marsh;1
4863;24;240;239;land;false;plains;1
4864;150;173;230;land;false;marsh;1
4865;111;232;235;land;true;marsh;1
4866;230;179;252;land;true;marsh;1
4867;176;197;243;land;false;plains;1
4868;242;138;169;land;false;plains;1
4869;171;230;133;land;false;plains;1
4870;233;207;140;land;true;marsh;1
4871;225;189;103;land;false;mountain;1
4872;223;203;225;land;false;marsh;1
4873;150;201;163;land;false;marsh;1
4874;138;191;173;land;false;plains;1
4875;150;231;156;land;false;marsh;1
4876;106;206;203;land;false;plains;1
4877;43;240;236;land;false;mountain;1
4878;211;252;55;land;true;mountain;1
4879;244;154;180;land;false;mountain;1
4880;164;250;195;land;true;forest;1
4881;172;120;209;land;false;mountain;1
4882;242;150;176;land;true;mountain;1
4883;251;228;72;land;true;mountain;1
4884;174;234;213;land;false;plains;1
4885;252;153;172;land;false;marsh;1
4886;99;237;231;land;false;marsh;1
4887;124;225;229;land;false;plains;1
4888;215;217;181;land;false;mountain;1
4889;251;247;15;land;false;mountain;1
4890;214;196;182;land;false;marsh;1
4891;229;208;212;land;false;plains;1
4892;243;180;149;land;false;plains;1
4893;151;206;241;land;false;mountain;1
4894;147;203;193;land;false;jungle;1
4895;251;211;178;land;true;marsh;1
4896;171;236;237;land;false;jungle;1
4897;199;233;233;land;false;jungle;1
4898;238;132;218;land;false;marsh;1
4899;253;92;172;land;false;plains;1
4900;103;235;236;land;false;hills;1
4901;118;201;240;land;true;marsh;1
4902;254;214;107;land;true;marsh;1
4903;229;207;230;land;true;marsh;1
4904;174;189;186;land;false;plains;1
4905;153;226;158;land;false;marsh;1
4906;226;138;236;land;false;marsh;1
4907;242;188;118;land;false;plains;1
4908;171;228;194;land;false;marsh;1
4909;233;228;184;land;false;marsh;1
4910;234;110;167;land;false;marsh;1
4911;133;173;197;land;false;plains;1
4912;247;167;94;land;false;marsh;1
4913;201;235;111;land;false;plains;1
4914;149;194;235;land;false;marsh;1
4915;175;241;131;land;false;mountain;1
4916;222;198;225;land;true;marsh;1
4917;95;239;181;land;true;plains;1
4918;212;233;171;land;false;plains;1
4919;188;251;225;land;false;marsh;1
4920;197;224;107;land;false;marsh;1
4921;157;241;143;land;false;plains;1
4922;184;219;250;land;false;marsh;1
4923;201;152;188;land;false;plains;1
4924;228;139;155;land;false;marsh;1
4925;196;240;213;land;false;jungle;1
4926;250;170;177;land;false;marsh;1
4927;214;252;109;land;true;mountain;1
4928;242;232;164;land;false;marsh;1
4929;124;155;243;land;false;plains;1
4930;96;234;228;land;false;marsh;1
4931;80;235;215;land;false;marsh;1
4932;242;158;224;land;false;marsh;1
4933;185;99;237;land;true;marsh;1
4934;229;225;114;land;true;mountain;1
4935;240;233;199;land;false;plains;1
4936;219;169;221;land;false;marsh;1
4937;169;204;235;land;false;jungle;1
4938;172;145;238;land;true;marsh;1
4939;197;244;158;land;false;plains;1
4940;214;231;156;land;false;plains;1
4941;217;189;115;land;false;plains;1
4942;210;175;146;land;false;marsh;1
4943;192;227;85;land;true;marsh;1
4944;244;113;237;land;true;marsh;1
4945;74;242;191;land;true;marsh;1
4946;203;176;233;land;false;plains;1
4947;176;143;197;land;false;mountain;1
4948;142;210;168;land;true;marsh;1
4949;165;194;201;land;false;mountain;1
4950;171;234;248;land;false;mountain;1
4951;130;175;219;land;false;plains;1
4952;120;246;209;land;false;mountain;1
4953;241;131;214;land;false;plains;1
4954;246;128;207;land;false;plains;1
4955;195;196;135;land;false;marsh;1
4956;167;174;176;land;false;marsh;1
4957;233;192;130;land;false;marsh;1
4958;194;244;201;land;false;plains;1
4959;199;96;253;land;false;mountain;1
4960;225;122;201;land;false;jungle;1
4961;221;197;174;land;false;plains;1
4962;143;194;203;land;false;plains;1
4963;154;139;217;land;false;mountain;1
4964;233;254;34;land;false;marsh;1
4965;245;250;101;land;false;marsh;1
4966;203;142;200;land;true;jungle;1
4967;125;181;203;land;false;marsh;1
4968;179;248;248;land;false;plains;1
4969;208;89;234;land;false;plains;1
4970;181;188;134;land;false;jungle;1
4971;243;174;191;land;false;plains;1
4972;169;199;241;land;false;plains;1
4973;188;223;129;land;false;marsh;1
4974;173;178;176;land;false;marsh;1
4975;198;246;119;land;true;marsh;1
4976;63;191;250;land;true;marsh;1
4977;203;100;254;land;true;marsh;1
4978;232;250;252;land;false;marsh;1
4979;222;72;213;land;false;plains;1
4980;221;196;246;land;false;marsh;1
4981;196;137;251;land;false;jungle;1
4982;201;131;197;land;true;marsh;1
4983;210;133;246;land;false;plains;1
4984;201;204;232;land;false;jungle;1
4985;188;206;253;land;false;marsh;1
4986;105;234;185;land;false;marsh;1
4987;122;183;197;land;true;mountain;1
4988;235;247;21;land;false;marsh;1
4989;250;190;157;land;false;plains;1
4990;177;203;177;land;false;plains;1
4991;180;164;168;land;false;plains;1
4992;185;247;95;land;false;marsh;1
4993;169;199;160;land;false;marsh;1
4994;188;148;215;land;false;marsh;1
4995;127;229;153;land;false;jungle;1
4996;207;195;155;land;false;marsh;1
4997;243;152;210;land;true;mountain;1
4998;117;241;150;land;true;marsh;1
4999;241;160;118;land;false;plains;1
5000;222;187;250;land;true;marsh;1
5001;233;221;235;land;false;jungle;1
5002;197;220;182;land;false;marsh;1
5003;218;227;171;land;false;plains;1
5004;80;183;241;land;false;marsh;1
5005;241;177;137;land;false;marsh;1
5006;247;184;184;land;false;marsh;1
5007;200;143;242;land;false;jungle;1
5008;236;249;179;land;false;plains;1
5009;207;251;105;land;false;marsh;1
5010;216;173;169;land;true;mountain;1
5011;225;192;89;land;false;marsh;1
5012;122;241;242;land;false;plains;1
5013;215;125;167;land;false;marsh;1
5014;151;247;136;land;false;jungle;1
5015;214;234;211;land;false;marsh;1
5016;133;150;241;land;false;mountain;1
5017;222;170;214;land;false;mountain;1
5018;171;132;245;land;true;mountain;1
5019;221;212;186;land;false;plains;1
5020;141;152;250;land;false;forest;1
5021;171;228;241;land;true;marsh;1
5022;94;231;249;land;false;jungle;1
5023;171;91;253;land;false;marsh;1
5024;119;244;202;land;false;marsh;1
5025;162;244;197;land;false;marsh;1
5026;234;174;174;land;true;marsh;1
5027;135;243;124;land;false;plains;1
5028;176;241;110;land;false;plains;1
5029;106;234;240;land;false;marsh;1
5030;226;206;195;land;false;jungle;1
5031;124;217;232;land;true;jungle;1
5032;186;183;245;land;false;marsh;1
5033;159;211;154;land;false;marsh;1
5034;128;164;235;land;false;forest;1
5035;207;188;142;land;true;mountain;1
5036;175;218;180;land;false;jungle;1
5037;234;148;249;land;false;plains;1
5038;245;211;146;land;false;marsh;1
5039;181;170;213;land;false;plains;1
5040;112;218;247;land;true;marsh;1
5041;254;181;166;land;false;plains;1
5042;208;105;210;land;false;plains;1
5043;202;199;233;land;false;marsh;1
5044;249;203;218;land;false;jungle;1
5045;242;243;70;land;true;marsh;1
5046;226;211;116;land;false;plains;1
5047;238;196;164;land;true;jungle;1
5048;214;189;205;land;false;jungle;1
5049;192;162;176;land;false;plains;1
5050;162;126;244;land;false;plains;1
5051;182;174;175;land;true;marsh;1
5052;217;163;190;land;false;plains;1
5053;193;166;178;land;false;plains;1
5054;205;185;154;land;false;jungle;1
5055;252;53;244;land;false;plains;1
5056;254;175;122;land;false;plains;1
5057;190;131;200;land;false;marsh;1
5058;251;242;189;land;true;plains;1
5059;104;187;241;land;false;jungle;1
5060;213;73;245;land;false;marsh;1
5061;235;169;186;land;false;jungle;1
5062;176;216;226;land;false;plains;1
5063;199;179;138;land;false;marsh;1
5064;172;173;161;land;false;marsh;1
5065;147;243;140;land;false;marsh;1
5066;34;249;251;land;false;forest;1
5067;186;135;235;land;false;jungle;1
5068;192;99;253;land;true;marsh;1
5069;115;236;224;land;true;marsh;1
5070;188;154;202;land;false;jungle;1
5071;145;244;163;land;false;jungle;1
5072;238;188;223;land;false;jungle;1
5073;217;224;211;land;true;marsh;1
5074;98;183;222;land;false;plains;1
5075;108;250;164;land;false;jungle;1
5076;214;88;228;land;true;jungle;1
5077;196;211;176;land;false;jungle;1
5078;200;73;239;land;false;jungle;1
5079;179;153;234;land;false;plains;1
5080;229;246;238;land;false;marsh;1
5081;165;242;209;land;false;jungle;1
5082;191;240;223;land;false;plains;1
5083;221;181;132;land;false;plains;1
5084;254;111;175;land;false;plains;1
5085;31;251;245;land;false;mountain;1
5086;135;167;244;land;false;jungle;1
5087;122;252;227;land;false;plains;1
5088;186;208;205;land;false;mountain;1
5089;231;134;144;land;false;jungle;1
5090;183;222;141;land;false;marsh;1
5091;227;158;141;land;true;marsh;1
5092;126;191;234;land;false;jungle;1
5093;150;199;152;land;false;jungle;1
5094;171;89;250;land;true;plains;1
5095;178;177;180;land;false;plains;1
5096;203;178;189;land;false;jungle;1
5097;209;191;202;land;false;plains;1
5098;197;243;108;land;false;marsh;1
5099;158;167;182;land;false;forest;1
5100;236;123;161;land;false;jungle;1
5101;145;223;204;land;false;plains;1
5102;195;144;177;land;false;mountain;1
5103;253;170;190;land;false;marsh;1
5104;245;189;203;land;true;mountain;1
5105;167;159;251;land;false;plains;1
5106;76;208;220;land;false;plains;1
5107;214;245;69;land;false;marsh;1
5108;249;141;200;land;false;marsh;1
5109;163;194;195;land;false;jungle;1
5110;212;136;240;land;false;plains;1
5111;170;244;254;land;false;marsh;1
5112;209;83;244;land;true;marsh;1
5113;101;235;196;land;false;jungle;1
5114;176;189;198;land;false;plains;1
5115;104;246;158;land;false;marsh;1
5116;245;146;127;land;false;forest;1
5117;132;132;246;land;true;marsh;1
5118;251;161;208;land;false;plains;1
5119;253;253;233;land;false;mountain;1
5120;194;100;224;land;false;marsh;1
5121;63;248;195;land;true;mountain;1
5122;172;247;221;land;false;plains;1
5123;201;182;164;land;false;jungle;1
5124;234;133;204;land;false;jungle;1
5125;235;185;110;land;false;jungle;1
5126;233;155;118;land;true;jungle;1
5127;154;148;210;land;true;hills;1
5128;162;251;103;land;false;plains;1
5129;216;206;172;land;false;jungle;1
5130;192;123;190;land;false;plains;1
5131;237;200;129;land;true;marsh;1
5132;226;167;207;land;false;plains;1
5133;254;246;198;land;false;mountain;1
5134;236;205;192;land;true;marsh;1
5135;190;186;170;land;true;marsh;1
5136;211;240;189;land;false;jungle;1
5137;224;243;47;land;false;plains;1
5138;220;152;167;land;false;plains;1
5139;201;228;116;land;false;jungle;1
5140;249;75;208;land;false;jungle;1
5141;161;217;133;land;false;marsh;1
5142;181;128;231;land;false;plains;1
5143;114;210;222;land;false;plains;1
5144;218;67;247;land;false;plains;1
5145;246;104;166;land;true;jungle;1
5146;232;197;76;land;true;marsh;1
5147;167;251;127;land;false;jungle;1
5148;134;247;243;land;false;jungle;1
5149;192;164;194;land;false;forest;1
5150;214;187;147;land;false;marsh;1
5151;221;235;169;land;false;jungle;1
5152;173;173;237;land;false;marsh;1
5153;153;226;194;land;false;forest;1
5154;122;242;245;land;false;plains;1
5155;146;218;203;land;true;marsh;1
5156;246;175;124;land;false;plains;1
5157;244;105;243;land;false;jungle;1
5158;145;204;156;land;false;jungle;1
5159;201;213;134;land;false;jungle;1
5160;63;222;250;land;false;marsh;1
5161;84;246;221;land;true;marsh;1
5162;168;210;150;land;false;forest;1
5163;154;144;226;land;false;plains;1
5164;154;243;118;land;true;marsh;1
5165;210;236;230;land;true;marsh;1
5166;62;215;224;land;false;marsh;1
5167;223;214;147;land;false;plains;1
5168;140;146;239;land;false;plains;1
5169;207;133;166;land;false;plains;1
5170;130;203;208;land;false;marsh;1
5171;157;225;232;land;false;marsh;1
5172;238;249;249;land;false;marsh;1
5173;239;217;101;land;false;jungle;1
5174;243;219;179;land;false;plains;1
5175;188;141;249;land;true;marsh;1
5176;123;187;201;land;true;marsh;1
5177;127;249;207;land;false;forest;1
5178;249;146;211;land;false;jungle;1
5179;126;196;179;land;false;jungle;1
5180;172;137;248;land;false;plains;1
5181;134;191;196;land;false;marsh;1
5182;176;200;209;land;false;jungle;1
5183;215;204;93;land;false;plains;1
5184;181;203;250;land;false;marsh;1
5185;231;197;203;land;false;jungle;1
5186;96;202;235;land;false;marsh;1
5187;63;215;250;land;true;forest;1
5188;225;250;125;land;false;marsh;1
5189;237;82;249;land;false;plains;1
5190;234;246;191;land;false;marsh;1
5191;206;232;85;land;false;jungle;1
5192;18;242;250;land;false;marsh;1
5193;228;128;204;land;false;hills;1
5194;242;224;43;land;true;mountain;1
5195;254;210;66;land;false;plains;1
5196;180;168;179;land;false;plains;1
5197;84;237;237;land;false;marsh;1
5198;217;122;204;land;false;jungle;1
5199;209;240;156;land;false;plains;1
5200;168;241;231;land;false;mountain;1
5201;167;95;239;land;false;marsh;1
5202;79;253;233;land;true;marsh;1
5203;72;250;236;land;false;marsh;1
5204;243;210;132;land;false;marsh;1
5205;203;215;113;land;false;marsh;1
5206;130;227;244;land;false;marsh;1
5207;186;196;146;land;false;plains;1
5208;204;113;251;land;true;marsh;1
5209;182;223;254;land;false;plains;1
5210;178;150;228;land;false;plains;1
5211;232;244;80;land;false;plains;1
5212;51;250;236;land;false;marsh;1
5213;146;241;211;land;true;mountain;1
5214;116;221;223;land;false;marsh;1
5215;170;194;173;land;false;plains;1
5216;101;205;245;land;false;jungle;1
5217;203;100;230;land;false;marsh;1
5218;209;128;202;land;false;marsh;1
5219;207;99;204;land;false;marsh;1
5220;236;203;121;land;false;plains;1
5221;190;221;227;land;true;marsh;1
5222;219;132;179;land;false;plains;1
5223;191;241;143;land;false;marsh;1
5224;181;128;250;land;false;forest;1
5225;244;106;160;land;false;forest;1
5226;135;244;126;land;false;plains;1
5227;218;221;159;land;false;marsh;1
5228;231;224;209;land;false;mountain;1
5229;51;229;251;land;false;marsh;1
5230;156;203;227;land;false;jungle;1
5231;203;182;200;land;false;mountain;1
5232;233;91;185;land;true;marsh;1
5233;189;187;142;land;true;mountain;1
5234;217;162;157;land;false;plains;1
5235;164;182;236;land;false;plains;1
5236;246;39;222;land;false;plains;1
5237;167;198;183;land;false;marsh;1
5238;202;207;237;land;false;marsh;1
5239;222;175;194;land;false;plains;1
5240;251;152;206;land;false;plains;1
5241;122;239;146;land;false;plains;1
5242;183;167;189;land;false;jungle;1
5243;232;92;200;land;false;jungle;1
5244;223;127;247;land;false;plains;1
5245;192;238;163;land;false;forest;1
5246;220;195;131;land;false;plains;1
5247;196;224;224;land;true;marsh;1
5248;206;229;110;land;false;marsh;1
5249;92;231;178;land;false;marsh;1
5250;249;173;177;land;false;forest;1
5251;219;149;202;land;false;forest;1
5252;228;187;242;land;false;forest;1
5253;168;182;210;land;false;plains;1
5254;137;204;233;land;false;plains;1
5255;207;180;130;land;false;marsh;1
5256;220;70;211;land;true;plains;1
5257;252;201;200;land;false;marsh;1
5258;187;220;137;land;false;jungle;1
5259;79;228;238;land;false;plains;1
5260;253;133;209;land;false;plains;1
5261;211;174;245;land;false;plains;1
5262;130;206;234;land;false;marsh;1
5263;202;202;144;land;false;marsh;1
5264;183;242;243;land;false;marsh;1
5265;162;211;248;land;false;jungle;1
5266;193;234;197;land;true;mountain;1
5267;150;194;221;land;true;marsh;1
5268;219;227;199;land;false;plains;1
5269;250;158;251;land;false;mountain;1
5270;226;116;235;land;false;marsh;1
5271;72;222;235;land;false;mountain;1
5272;209;65;237;land;true;marsh;1
5273;112;243;162;land;false;marsh;1
5274;217;223;243;land;true;marsh;1
5275;207;243;174;land;false;plains;1
5276;195;72;237;land;false;marsh;1
5277;179;228;107;land;true;hills;1
5278;226;163;203;land;false;marsh;1
5279;221;234;116;land;false;mountain;1
5280;253;204;46;land;true;marsh;1
5281;212;104;206;land;true;mountain;1
5282;193;178;211;land;false;plains;1
5283;145;185;189;land;false;plains;1
5284;236;87;241;land;false;jungle;1
5285;208;135;159;land;false;plains;1
5286;118;242;195;land;false;marsh;1
5287;254;206;220;land;false;plains;1
5288;189;250;202;land;false;plains;1
5289;216;160;159;land;false;forest;1
5290;249;189;227;land;true;forest;1
5291;148;156;205;land;false;plains;1
5292;186;153;239;land;false;marsh;1
5293;203;189;179;land;false;marsh;1
5294;220;110;195;land;false;jungle;1
5295;185;108;235;land;true;mountain;1
5296;215;84;220;land;false;plains;1
5297;252;148;220;land;false;plains;1
5298;170;175;157;land;false;jungle;1
5299;118;172;249;land;true;jungle;1
5300;232;221;224;land;true;jungle;1
5301;239;238;210;land;true;jungle;1
5302;204;215;245;land;false;mountain;1
5303;152;136;218;land;false;marsh;1
5304;142;172;237;land;false;marsh;1
5305;238;139;222;land;false;marsh;1
5306;130;195;183;land;false;marsh;1
5307;223;218;68;land;false;plains;1
5308;191;157;219;land;false;plains;1
5309;238;132;244;land;false;forest;1
5310;122;221;169;land;false;mountain;1
5311;195;157;192;land;false;marsh;1
5312;217;154;211;land;false;jungle;1
5313;224;253;235;land;false;marsh;1
5314;159;195;215;land;false;plains;1
5315;196;66;248;land;true;marsh;1
5316;208;204;209;land;false;marsh;1
5317;245;214;102;land;false;jungle;1
5318;214;146;147;land;true;marsh;1
5319;117;226;194;land;false;mountain;1
5320;221;217;128;land;false;plains;1
5321;71;235;246;land;false;plains;1
5322;102;229;212;land;true;forest;1
5323;190;230;159;land;true;hills;1
5324;235;208;120;land;false;marsh;1
5325;114;237;228;land;true;forest;1
5326;251;218;211;land;false;plains;1
5327;212;203;203;land;false;plains;1
5328;196;157;238;land;false;plains;1
5329;228;230;194;land;true;marsh;1
5330;213;69;250;land;false;jungle;1
5331;248;78;244;land;true;mountain;1
5332;226;96;238;land;false;plains;1
5333;163;187;189;land;false;marsh;1
5334;227;245;145;land;true;marsh;1
5335;224;144;207;land;false;marsh;1
5336;221;120;172;land;false;plains;1
5337;145;253;213;land;false;plains;1
5338;205;169;243;land;true;marsh;1
5339;239;77;207;land;false;plains;1
5340;68;224;248;land;true;plains;1
5341;214;135;178;land;true;marsh;1
5342;166;233;209;land;false;forest;1
5343;233;171;154;land;false;plains;1
5344;194;204;113;land;false;marsh;1
5345;229;164;227;land;false;marsh;1
5346;181;197;188;land;false;marsh;1
5347;201;126;187;land;false;plains;1
5348;129;166;233;land;false;marsh;1
5349;136;155;245;land;false;plains;1
5350;202;201;245;land;false;plains;1
5351;196;191;206;land;false;plains;1
5352;252;209;253;land;false;plains;1
5353;241;228;86;land;false;forest;1
5354;198;209;237;land;false;plains;1
5355;146;207;186;land;true;marsh;1
5356;238;104;182;land;false;plains;1
5357;231;163;215;land;false;mountain;1
5358;113;247;205;land;false;marsh;1
5359;179;220;224;land;false;marsh;1
5360;162;228;233;land;true;marsh;1
5361;246;68;232;land;false;plains;1
5362;189;236;238;land;false;plains;1
5363;249;190;67;land;false;jungle;1
5364;241;209;187;land;false;plains;1
5365;235;209;250;land;true;marsh;1
5366;252;107;215;land;false;mountain;1
5367;242;35;236;land;false;jungle;1
5368;216;101;223;land;false;plains;1
5369;161;173;220;land;false;plains;1
5370;241;53;222;land;false;plains;1
5371;169;166;167;land;false;forest;1
5372;107;240;184;land;false;plains;1
5373;189;192;205;land;false;mountain;1
5374;189;191;215;land;false;marsh;1
5375;226;188;203;land;false;marsh;1
5376;235;110;217;land;false;marsh;1
5377;199;165;205;land;false;mountain;1
5378;149;182;191;land;true;marsh;1
5379;222;186;223;land;false;plains;1
5380;183;106;235;land;false;plains;1
5381;200;241;136;land;true;forest;1
5382;242;248;163;land;false;plains;1
5383;232;206;218;land;false;plains;1
5384;184;173;164;land;true;plains;1
5385;232;222;180;land;false;forest;1
5386;251;229;58;land;false;plains;1
5387;177;218;157;land;false;marsh;1
5388;143;165;210;land;false;plains;1
5389;129;236;163;land;false;plains;1
5390;157;231;184;land;false;plains;1
5391;216;159;161;land;true;plains;1
5392;168;234;160;land;false;mountain;1
5393;247;204;109;land;true;marsh;1
5394;193;198;203;land;false;marsh;1
5395;84;241;230;land;true;mountain;1
5396;235;191;79;land;false;plains;1
5397;238;181;120;land;false;forest;1
5398;239;253;17;land;false;forest;1
5399;168;225;136;land;false;marsh;1
5400;209;231;234;land;true;mountain;1
5401;155;233;220;land;true;mountain;1
5402;246;215;114;land;true;mountain;1
5403;215;191;230;land;true;marsh;1
5404;252;163;103;land;true;mountain;1
5405;246;117;243;land;true;mountain;1
5406;210;199;199;land;false;plains;1
5407;187;151;218;land;false;plains;1
5408;200;83;252;land;false;plains;1
5409;188;165;245;land;false;plains;1
5410;170;229;179;land;true;forest;1
5411;166;221;215;land;false;plains;1
5412;233;249;243;land;false;plains;1
5413;160;227;151;land;false;plains;1
5414;209;250;163;land;false;plains;1
5415;164;183;238;land;true;marsh;1
5416;201;164;200;land;false;mountain;1
5417;249;219;104;land;false;plains;1
5418;99;233;192;land;true;marsh;1
5419;213;254;103;land;false;plains;1
5420;224;214;207;land;true;mountain;1
5421;244;187;227;land;false;forest;1
5422;249;40;228;land;true;marsh;1
5423;203;124;228;land;false;plains;1
5424;241;240;157;land;false;plains;1
5425;250;143;208;land;false;plains;1
5426;156;159;219;land;false;plains;1
5427;227;223;103;land;false;plains;1
5428;103;251;185;land;false;plains;1
5429;250;208;44;land;false;plains;1
5430;205;172;214;land;true;marsh;1
5431;128;225;240;land;false;plains;1
5432;203;150;235;land;false;plains;1
5433;252;103;206;land;false;forest;1
5434;249;113;226;land;false;forest;1
5435;218;234;109;land;false;jungle;1
5436;236;105;229;land;true;plains;1
5437;190;209;163;land;false;mountain;1
5438;110;240;193;land;false;plains;1
5439;204;224;126;land;true;plains;1
5440;90;224;227;land;false;plains;1
5441;245;151;243;land;false;plains;1
5442;204;185;161;land;true;mountain;1
5443;203;83;241;land;false;plains;1
5444;125;229;229;land;true;forest;1
5445;249;222;45;land;false;forest;1
5446;152;250;189;land;false;plains;1
5447;233;53;234;land;false;plains;1
5448;146;253;231;land;false;plains;1
5449;212;195;128;land;false;plains;1
5450;234;220;108;land;false;plains;1
5451;199;177;195;land;true;marsh;1
5452;162;250;134;land;false;plains;1
5453;147;165;228;land;false;plains;1
5454;168;196;242;land;false;plains;1
5455;247;223;203;land;false;plains;1
5456;107;242;175;land;true;plains;1
5457;233;180;246;land;true;marsh;1
5458;225;58;252;land;false;plains;1
5459;167;225;175;land;false;plains;1
5460;63;228;230;land;false;plains;1
5461;233;191;229;land;false;plains;1
5462;247;173;131;land;false;plains;1
5463;198;246;145;land;false;plains;1
5464;170;226;216;land;true;mountain;1
5465;240;115;174;land;true;marsh;1
5466;209;251;128;land;false;mountain;1
5467;187;133;198;land;false;plains;1
5468;221;172;211;land;true;marsh;1
5469;245;159;164;land;false;plains;1
5470;218;176;174;land;true;marsh;1
5471;216;156;139;land;false;plains;1
5472;231;62;222;land;false;mountain;1
5473;198;220;150;land;true;marsh;1
5474;237;231;98;land;false;plains;1
5475;236;174;99;land;true;marsh;1
5476;222;157;157;land;true;plains;1
5477;190;213;164;land;false;forest;1
5478;140;233;156;land;true;marsh;1
5479;238;101;191;land;true;forest;1
5480;230;110;183;land;false;plains;1
5481;241;208;233;land;false;forest;1
5482;185;251;211;land;false;plains;1
5483;158;135;230;land;false;plains;1
5484;200;250;148;land;false;mountain;1
5485;155;226;139;land;false;forest;1
5486;205;185;235;land;false;plains;1
5487;205;150;146;land;true;marsh;1
5488;247;181;173;land;false;plains;1
5489;121;234;161;land;false;plains;1
5490;138;254;229;land;false;plains;1
5491;185;168;226;land;false;plains;1
5492;212;225;215;land;true;mountain;1
5493;241;179;251;land;true;marsh;1
5494;102;189;235;land;false;plains;1
5495;220;178;187;land;false;plains;1
5496;245;149;167;land;true;forest;1
5497;80;236;253;land;false;marsh;1
5498;174;222;225;land;false;mountain;1
5499;224;80;235;land;false;plains;1
5500;221;119;246;land;true;marsh;1
5501;230;253;63;land;false;plains;1
5502;201;249;194;land;false;mountain;1
5503;140;222;189;land;true;marsh;1
5504;43;234;226;land;false;plains;1
5505;214;212;89;land;true;plains;1
5506;199;240;167;land;false;plains;1
5507;195;122;221;land;false;hills;1
5508;211;191;193;land;false;plains;1
5509;217;228;102;land;false;plains;1
5510;196;130;206;land;false;plains;1
5511;93;220;197;land;true;marsh;1
5512;252;190;103;land;false;plains;1
5513;240;131;141;land;true;marsh;1
5514;204;212;142;land;false;plains;1
5515;150;225;177;land;false;plains;1
5516;243;119;217;land;true;marsh;1
5517;180;239;242;land;false;mountain;1
5518;236;173;153;land;true;marsh;1
5519;230;135;174;land;false;plains;1
5520;175;179;247;land;false;plains;1
5521;156;135;246;land;true;marsh;1
5522;254;204;203;land;false;plains;1
5523;156;235;113;land;true;marsh;1
5524;191;156;167;land;true;mountain;1
5525;173;223;237;land;false;plains;1
5526;230;142;144;land;false;marsh;1
5527;164;229;241;land;false;desert;1
5528;135;181;248;land;false;plains;1
5529;207;132;167;land;true;marsh;1
5530;163;151;206;land;true;marsh;1
5531;93;232;191;land;true;mountain;1
5532;110;162;232;land;false;plains;1
5533;113;239;253;land;false;plains;1
5534;205;164;210;land;false;plains;1
5535;204;211;222;land;true;marsh;1
5536;86;208;223;land;true;forest;1
5537;221;237;226;land;false;plains;1
5538;252;213;81;land;false;plains;1
5539;234;217;127;land;true;marsh;1
5540;189;250;174;land;false;marsh;1
5541;117;202;227;land;false;plains;1
5542;206;231;115;land;false;plains;1
5543;235;230;49;land;true;mountain;1
5544;179;227;155;land;false;plains;1
5545;126;209;234;land;false;plains;1
5546;52;253;201;land;false;mountain;1
5547;156;241;184;land;false;plains;1
5548;187;227;136;land;true;mountain;1
5549;166;192;179;land;false;plains;1
5550;220;91;217;land;true;marsh;1
5551;197;240;119;land;true;mountain;1
5552;220;185;185;land;true;marsh;1
5553;213;97;222;land;false;plains;1
5554;251;242;157;land;true;marsh;1
5555;102;232;229;land;true;marsh;1
5556;250;229;172;land;false;plains;1
5557;190;63;250;land;false;plains;1
5558;237;101;221;land;true;mountain;1
5559;86;239;250;land;true;mountain;1
5560;145;236;150;land;false;plains;1
5561;121;224;219;land;true;plains;1
5562;150;174;214;land;false;plains;1
5563;105;254;176;land;false;plains;1
5564;251;30;246;land;true;marsh;1
5565;125;152;235;land;false;plains;1
5566;226;45;231;land;true;marsh;1
5567;218;149;134;land;false;plains;1
5568;163;189;205;land;true;mountain;1
5569;130;198;216;land;true;plains;1
5570;35;247;238;land;false;plains;1
5571;211;72;245;land;false;plains;1
5572;222;144;163;land;true;marsh;1
5573;136;242;214;land;false;plains;1
5574;241;235;208;land;true;marsh;1
5575;90;218;232;land;false;plains;1
5576;222;150;195;land;false;plains;1
5577;234;187;197;land;false;plains;1
5578;125;189;191;land;false;plains;1
5579;234;237;141;land;true;forest;1
5580;211;202;180;land;false;plains;1
5581;240;220;82;land;true;marsh;1
5582;207;205;89;land;false;hills;1
5583;242;205;205;land;false;marsh;1
5584;217;129;217;land;true;marsh;1
5585;171;229;206;land;true;marsh;1
5586;192;134;207;land;false;plains;1
5587;164;207;247;land;false;plains;1
5588;250;185;170;land;false;plains;1
5589;171;202;211;land;false;mountain;1
5590;246;111;235;land;false;plains;1
5591;208;180;231;land;false;plains;1
5592;214;202;243;land;false;plains;1
5593;186;214;121;land;false;plains;1
5594;159;247;117;land;true;marsh;1
5595;92;227;210;land;false;plains;1
5596;186;158;164;land;false;plains;1
5597;212;168;210;land;true;marsh;1
5598;244;203;216;land;true;marsh;1
5599;215;148;140;land;true;marsh;1
5600;61;203;246;land;false;plains;1
5601;219;249;116;land;false;plains;1
5602;231;180;236;land;false;plains;1
5603;209;154;146;land;true;mountain;1
5604;239;177;247;land;true;marsh;1
5605;252;250;148;land;true;plains;1
5606;157;139;231;land;true;mountain;1
5607;19;242;247;land;true;marsh;1
5608;245;233;55;land;false;plains;1
5609;171;151;237;land;true;mountain;1
5610;184;167;246;land;true;marsh;1
5611;247;78;242;land;true;marsh;1
5612;98;180;242;land;false;plains;1
5613;140;232;158;land;false;plains;1
5614;238;84;181;land;true;plains;1
5615;58;227;247;land;false;plains;1
5616;179;139;183;land;true;forest;1
5617;228;163;133;land;true;mountain;1
5618;221;215;80;land;false;plains;1
5619;194;96;224;land;false;plains;1
5620;252;135;221;land;true;marsh;1
5621;249;213;185;land;false;plains;1
5622;153;194;232;land;true;marsh;1
5623;169;198;150;land;false;forest;1
5624;101;201;218;land;true;plains;1
5625;227;251;231;land;true;plains;1
5626;193;253;189;land;true;marsh;1
5627;195;222;249;land;false;plains;1
5628;239;199;149;land;true;mountain;1
5629;213;213;218;land;false;plains;1
5630;87;231;211;land;false;marsh;1
5631;157;155;217;land;true;forest;1
5632;145;250;149;land;false;mountain;1
5633;232;205;251;land;true;hills;1
5634;207;163;245;land;true;marsh;1
5635;230;130;217;land;true;marsh;1
5636;121;248;155;land;false;plains;1
5637;214;147;249;land;true;mountain;1
5638;177;162;222;land;false;mountain;1
5639;79;246;228;land;true;plains;1
5640;241;175;189;land;true;plains;1
5641;139;175;196;land;true;mountain;1
5642;148;251;119;land;true;marsh;1
5643;213;203;89;land;false;forest;1
5644;133;216;182;land;false;forest;1
5645;238;122;209;land;false;plains;1
5646;216;224;86;land;true;marsh;1
5647;232;203;182;land;true;marsh;1
5648;235;156;238;land;true;marsh;1
5649;82;231;252;land;true;marsh;1
5650;224;216;127;land;true;mountain;1
5651;119;221;246;land;true;marsh;1
5652;179;161;176;land;true;marsh;1
5653;194;191;132;land;true;marsh;1
5654;171;141;190;land;true;marsh;1
5655;164;159;221;land;false;marsh;1
5656;241;144;193;land;true;plains;1
5657;249;148;202;land;true;mountain;1
5658;211;248;212;land;true;forest;1
5659;247;247;28;land;true;marsh;1
5660;113;187;254;land;true;marsh;1
5661;199;68;243;land;true;marsh;1
5662;195;250;159;land;true;marsh;1
5663;207;245;61;land;true;marsh;1
5664;132;163;232;land;false;mountain;1
5665;218;168;221;land;true;forest;1
5666;199;150;208;land;true;mountain;1
5667;121;218;191;land;true;marsh;1
5668;232;111;203;land;true;forest;1
5669;180;114;235;land;true;marsh;1
5670;230;188;192;land;true;forest;1
5671;201;81;242;land;true;mountain;1
5672;168;151;204;land;true;marsh;1
5673;178;157;208;land;true;marsh;1
5674;238;221;187;land;true;marsh;1
5675;204;198;128;land;true;mountain;1
5676;241;55;248;land;true;marsh;1
5677;144;140;252;land;true;mountain;1
5678;242;222;135;land;true;marsh;1
5679;248;239;205;land;true;mountain;1
5680;232;55;249;land;true;mountain;1
5681;162;226;196;land;false;mountain;1
5682;191;221;202;land;true;marsh;1
5683;239;209;155;land;true;mountain;1
5684;93;247;163;land;true;marsh;1
5685;189;136;254;land;true;mountain;1
5686;181;253;140;land;true;mountain;1
5687;90;230;200;land;true;marsh;1
5688;158;157;204;land;true;marsh;1
5689;166;204;156;land;true;marsh;1
5690;184;160;236;land;true;marsh;1
5691;207;242;225;land;true;marsh;1
5692;207;214;252;land;true;marsh;1
5693;157;209;141;land;true;marsh;1
5694;237;246;126;land;true;marsh;1
5695;195;192;152;land;true;mountain;1
5696;253;121;202;land;true;mountain;1
5697;220;67;234;land;true;marsh;1
5698;105;212;224;land;false;mountain;1
5699;158;232;220;land;true;marsh;1
5700;209;186;239;land;false;marsh;1
5701;215;252;47;land;true;marsh;1
5702;134;242;138;land;true;forest;1
5703;201;247;78;land;false;mountain;1
5704;200;200;246;land;false;forest;1
5705;214;159;222;land;true;marsh;1
5706;154;231;143;land;true;mountain;1
5707;229;200;244;land;true;mountain;1
5708;216;184;242;land;true;mountain;1
5709;232;149;210;land;true;marsh;1
5710;234;193;195;land;true;marsh;1
5711;248;204;72;land;true;urban;1
5712;242;162;133;land;true;urban;1
5713;126;206;188;land;true;urban;1
5714;246;192;69;land;true;urban;1
5715;240;200;124;land;true;marsh;1
5716;123;230;157;land;true;marsh;1
5717;215;207;205;land;true;marsh;1
5718;132;180;191;land;true;marsh;1
5719;146;245;249;land;true;marsh;1
5720;184;89;250;land;true;marsh;1
5721;130;254;152;land;true;marsh;1
5722;250;81;243;land;true;marsh;1
5723;200;240;223;land;true;marsh;1
5724;234;213;144;land;true;marsh;1
5725;218;191;220;land;true;mountain;1
5726;24;20;21;sea;false;ocean;0
5727;38;16;3;sea;false;ocean;0
5728;42;7;14;sea;false;ocean;0
5729;27;5;26;sea;false;ocean;0
5730;38;10;32;sea;false;ocean;0
5731;42;2;12;sea;true;ocean;0
5732;9;41;8;sea;false;ocean;0
5733;60;28;0;sea;false;ocean;0
5734;2;27;7;sea;false;ocean;0
5735;3;34;54;sea;false;ocean;0
5736;26;72;1;sea;false;ocean;0
5737;8;4;56;sea;false;ocean;0
5738;23;54;6;sea;false;ocean;0
5739;19;23;3;sea;false;ocean;0
5740;43;0;15;sea;false;ocean;0
5741;31;30;7;sea;false;ocean;0
5742;52;36;5;sea;true;ocean;0
5743;2;71;12;sea;false;ocean;0
5744;36;25;10;sea;false;ocean;0
5745;29;29;19;sea;false;ocean;0
5746;41;1;6;sea;false;ocean;0
5747;27;36;13;sea;false;ocean;0
5748;9;9;15;sea;false;ocean;0
5749;4;69;25;sea;false;ocean;0
5750;15;29;6;sea;false;ocean;0
5751;26;45;17;sea;false;ocean;0
5752;8;37;50;sea;false;ocean;0
5753;15;56;18;sea;false;ocean;0
5754;10;10;39;sea;true;ocean;0
5755;41;37;21;sea;false;ocean;0
5756;14;65;6;sea;false;ocean;0
5757;39;28;11;sea;false;ocean;0
5758;8;50;29;sea;false;ocean;0
5759;15;70;4;sea;false;ocean;0
5760;36;44;9;sea;false;ocean;0
5761;39;37;22;sea;true;ocean;0
5762;9;28;29;sea;false;ocean;0
5763;4;44;32;sea;false;ocean;0
5764;29;22;3;sea;false;ocean;0
5765;1;55;35;sea;false;ocean;0
5766;21;34;20;sea;false;ocean;0
5767;38;22;38;sea;false;ocean;0
5768;51;5;14;sea;false;ocean;0
5769;56;6;4;sea;false;ocean;0
5770;59;3;11;sea;false;ocean;0
5771;53;18;18;sea;false;ocean;0
5772;19;28;5;sea;false;ocean;0
5773;58;3;36;sea;false;ocean;0
5774;50;14;33;sea;false;ocean;0
5775;71;4;15;sea;false;ocean;0
5776;29;49;21;sea;false;ocean;0
5777;59;4;24;sea;false;ocean;0
5778;16;6;66;sea;false;ocean;0
5779;13;14;8;sea;false;ocean;0
5780;25;26;41;sea;false;ocean;0
5781;0;35;8;sea;false;ocean;0
5782;46;14;7;sea;false;ocean;0
5783;16;18;5;sea;false;ocean;0
5784;12;7;39;sea;false;ocean;0
5785;22;3;61;sea;false;ocean;0
5786;24;25;33;sea;false;ocean;0
5787;22;27;25;sea;false;ocean;0
5788;25;14;9;sea;false;ocean;0
5789;11;21;14;sea;false;ocean;0
5790;22;19;36;sea;false;ocean;0
5791;29;24;7;sea;false;ocean;0
5792;34;52;6;sea;false;ocean;0
5793;8;35;48;sea;false;ocean;0
5794;52;3;29;sea;false;ocean;0
5795;58;18;9;sea;false;ocean;0
5796;61;16;9;sea;false;ocean;0
5797;36;4;45;sea;false;ocean;0
5798;34;45;0;sea;false;ocean;0
5799;3;6;32;sea;false;ocean;0
5800;60;8;17;sea;false;ocean;0
5801;36;11;4;sea;false;ocean;0
5802;53;25;12;sea;false;ocean;0
5803;12;6;36;sea;false;ocean;0
5804;33;9;40;sea;false;ocean;0
5805;0;43;31;sea;false;ocean;0
5806;7;50;37;sea;false;ocean;0
5807;63;15;3;sea;false;ocean;0
5808;23;59;0;sea;false;ocean;0
5809;9;35;42;sea;false;ocean;0
5810;28;16;12;sea;false;ocean;0
5811;10;55;7;sea;false;ocean;0
5812;32;23;40;sea;false;ocean;0
5813;22;26;37;sea;false;ocean;0
5814;29;14;18;sea;false;ocean;0
5815;35;52;6;sea;false;ocean;0
5816;6;43;18;sea;false;ocean;0
5817;29;0;20;sea;false;ocean;0
5818;12;14;51;sea;false;ocean;0
5819;3;68;6;sea;false;ocean;0
5820;18;41;36;sea;false;ocean;0
5821;7;24;65;sea;false;ocean;0
5822;55;3;25;sea;false;ocean;0
5823;6;7;0;sea;false;ocean;0
5824;55;37;2;sea;false;ocean;0
5825;5;56;17;sea;false;ocean;0
5826;74;18;1;sea;false;ocean;0
5827;32;14;6;sea;false;ocean;0
5828;6;74;13;sea;false;ocean;0
5829;9;20;20;sea;false;ocean;0
5830;7;54;7;sea;false;ocean;0
5831;46;1;5;sea;false;ocean;0
5832;16;1;8;sea;false;ocean;0
5833;22;22;37;sea;false;ocean;0
5834;12;33;7;sea;false;ocean;0
5835;2;42;22;sea;false;ocean;0
5836;47;17;29;sea;false;ocean;0
5837;16;34;46;sea;true;ocean;0
5838;23;9;51;sea;false;ocean;0
5839;61;4;20;sea;false;ocean;0
5840;6;31;4;sea;true;ocean;0
5841;6;6;50;sea;false;ocean;0
5842;17;26;40;sea;false;ocean;0
5843;34;2;1;sea;false;ocean;0
5844;9;0;38;sea;false;ocean;0
5845;27;5;0;sea;false;ocean;0
5846;20;17;37;sea;true;ocean;0
5847;9;44;27;sea;false;ocean;0
5848;2;1;18;sea;false;ocean;0
5849;14;5;35;sea;false;ocean;0
5850;12;25;23;sea;false;ocean;0
5851;30;22;47;sea;false;ocean;0
5852;43;21;26;sea;false;ocean;0
5853;33;3;13;sea;false;ocean;0
5854;36;22;27;sea;true;ocean;0
5855;18;9;31;sea;false;ocean;0
5856;17;69;4;sea;true;ocean;0
5857;13;40;16;sea;false;ocean;0
5858;59;19;15;sea;false;ocean;0
5859;28;3;47;sea;false;ocean;0
5860;4;63;10;sea;false;ocean;0
5861;73;9;1;sea;false;ocean;0
5862;53;2;7;sea;true;ocean;0
5863;4;13;13;sea;false;ocean;0
5864;20;37;38;sea;false;ocean;0
5865;1;11;50;sea;false;ocean;0
5866;31;15;33;sea;false;ocean;0
5867;52;16;17;sea;false;ocean;0
5868;36;27;9;sea;false;ocean;0
5869;5;24;66;sea;false;ocean;0
5870;11;7;78;sea;false;ocean;0
5871;8;54;18;sea;false;ocean;0
5872;8;23;8;sea;false;ocean;0
5873;3;58;28;sea;false;ocean;0
5874;2;2;6;sea;false;ocean;0
5875;9;20;18;sea;false;ocean;0
5876;30;52;6;sea;false;ocean;0
5877;49;3;31;sea;false;ocean;0
5878;24;12;26;sea;false;ocean;0
5879;9;10;13;sea;true;ocean;0
5880;31;24;11;sea;false;ocean;0
5881;47;18;29;sea;false;ocean;0
5882;59;21;0;sea;false;ocean;0
5883;17;36;23;sea;true;ocean;0
5884;32;11;7;sea;false;ocean;0
5885;0;57;37;sea;false;ocean;0
5886;36;14;46;sea;false;ocean;0
5887;42;3;54;sea;false;ocean;0
5888;45;26;12;sea;false;ocean;0
5889;3;13;71;sea;false;ocean;0
5890;21;6;30;sea;false;ocean;0
5891;0;23;45;sea;true;ocean;0
5892;44;3;0;sea;false;ocean;0
5893;5;20;37;sea;false;ocean;0
5894;67;2;2;sea;false;ocean;0
5895;66;7;18;sea;false;ocean;0
5896;8;62;9;sea;false;ocean;0
5897;32;27;25;sea;false;ocean;0
5898;29;0;45;sea;false;ocean;0
5899;6;19;7;sea;true;ocean;0
5900;31;20;14;sea;false;ocean;0
5901;29;38;19;sea;false;ocean;0
5902;32;0;3;sea;true;ocean;0
5903;32;4;55;sea;false;ocean;0
5904;10;22;10;sea;false;ocean;0
5905;4;35;22;sea;false;ocean;0
5906;14;26;5;sea;false;ocean;0
5907;5;27;47;sea;false;ocean;0
5908;16;10;48;sea;false;ocean;0
5909;2;43;33;sea;false;ocean;0
5910;48;19;18;sea;false;ocean;0
5911;24;14;39;sea;false;ocean;0
5912;3;37;58;sea;false;ocean;0
5913;73;21;5;sea;false;ocean;0
5914;36;48;6;sea;false;ocean;0
5915;0;68;27;sea;true;ocean;0
5916;48;13;26;sea;false;ocean;0
5917;17;6;53;sea;false;ocean;0
5918;25;7;50;sea;false;ocean;0
5919;5;45;31;sea;false;ocean;0
5920;50;24;18;sea;false;ocean;0
5921;64;5;20;sea;false;ocean;0
5922;20;29;33;sea;false;ocean;0
5923;80;5;13;sea;false;ocean;0
5924;39;29;25;sea;false;ocean;0
5925;30;5;51;sea;false;ocean;0
5926;21;27;12;sea;false;ocean;0
5927;8;7;27;sea;false;ocean;0
5928;15;42;37;sea;false;ocean;0
5929;54;9;33;sea;false;ocean;0
5930;52;29;17;sea;false;ocean;0
5931;0;9;49;sea;false;ocean;0
5932;24;1;53;sea;false;ocean;0
5933;21;27;35;sea;false;ocean;0
5934;22;4;62;sea;false;ocean;0
5935;39;35;21;sea;false;ocean;0
5936;23;42;22;sea;false;ocean;0
5937;42;46;8;sea;false;ocean;0
5938;9;58;30;sea;false;ocean;0
5939;28;49;2;sea;false;ocean;0
5940;3;33;46;sea;false;ocean;0
5941;94;4;1;sea;false;ocean;0
5942;32;35;30;sea;false;ocean;0
5943;22;63;11;sea;false;ocean;0
5944;63;3;27;sea;false;ocean;0
5945;57;2;29;sea;false;ocean;0
5946;46;34;11;sea;true;ocean;0
5947;4;41;15;sea;false;ocean;0
5948;35;8;51;sea;false;ocean;0
5949;29;5;22;sea;false;ocean;0
5950;49;1;0;sea;false;ocean;0
5951;24;4;22;sea;false;ocean;0
5952;22;8;49;sea;false;ocean;0
5953;7;4;34;sea;false;ocean;0
5954;28;28;38;sea;false;ocean;0
5955;29;15;8;sea;false;ocean;0
5956;55;25;19;sea;true;ocean;0
5957;1;53;22;sea;false;ocean;0
5958;10;27;9;sea;false;ocean;0
5959;3;1;75;sea;false;ocean;0
5960;16;8;65;sea;false;ocean;0
5961;31;16;49;sea;false;ocean;0
5962;17;25;24;sea;false;ocean;0
5963;52;26;15;sea;false;ocean;0
5964;17;39;16;sea;false;ocean;0
5965;18;31;31;sea;false;ocean;0
5966;19;16;18;sea;false;ocean;0
5967;41;15;42;sea;false;ocean;0
5968;29;16;46;sea;false;ocean;0
5969;18;10;34;sea;false;ocean;0
5970;10;4;36;sea;false;ocean;0
5971;12;22;39;sea;false;ocean;0
5972;3;24;52;sea;false;ocean;0
5973;6;49;9;sea;false;ocean;0
5974;41;42;7;sea;false;ocean;0
5975;25;65;9;sea;false;ocean;0
5976;65;2;20;sea;false;ocean;0
5977;47;9;33;sea;false;ocean;0
5978;2;56;11;sea;false;ocean;0
5979;11;70;17;sea;false;ocean;0
5980;3;73;17;sea;false;ocean;0
5981;50;28;7;sea;false;ocean;0
5982;0;50;32;sea;false;ocean;0
5983;6;25;60;sea;false;ocean;0
5984;22;20;50;sea;false;ocean;0
5985;46;32;21;sea;true;ocean;0
5986;49;31;7;sea;false;ocean;0
5987;66;6;17;sea;true;ocean;0
5988;18;33;34;sea;false;ocean;0
5989;41;11;38;sea;true;ocean;0
5990;48;3;43;sea;false;ocean;0
5991;16;60;9;sea;false;ocean;0
5992;23;62;12;sea;false;ocean;0
5993;12;32;26;sea;false;ocean;0
5994;18;9;62;sea;false;ocean;0
5995;27;8;35;sea;false;ocean;0
5996;0;15;72;sea;false;ocean;0
5997;4;5;17;sea;false;ocean;0
5998;7;31;41;sea;false;ocean;0
5999;58;23;2;sea;false;ocean;0
6000;58;7;30;sea;false;ocean;0
6001;10;45;5;sea;false;ocean;0
6002;52;12;34;sea;false;ocean;0
6003;24;22;2;sea;false;ocean;0
6004;43;37;16;sea;false;ocean;0
6005;16;21;2;sea;false;ocean;0
6006;20;30;22;sea;false;ocean;0
6007;11;13;63;sea;true;ocean;0
6008;29;45;4;sea;false;ocean;0
6009;34;42;13;sea;true;ocean;0
6010;6;40;19;sea;false;ocean;0
6011;8;39;34;sea;false;ocean;0
6012;8;81;0;sea;false;ocean;0
6013;33;33;5;sea;false;ocean;0
6014;69;19;10;sea;false;ocean;0
6015;8;2;65;sea;false;ocean;0
6016;23;63;4;sea;true;ocean;0
6017;6;13;34;sea;true;ocean;0
6018;80;5;10;sea;false;ocean;0
6019;13;56;5;sea;false;ocean;0
6020;17;75;5;sea;false;ocean;0
6021;57;10;32;sea;false;ocean;0
6022;21;28;13;sea;false;ocean;0
6023;6;32;11;sea;false;ocean;0
6024;19;24;24;sea;false;ocean;0
6025;9;24;63;sea;false;ocean;0
6026;31;36;19;sea;false;ocean;0
6027;49;25;6;sea;false;ocean;0
6028;36;52;2;sea;false;ocean;0
6029;10;68;6;sea;false;ocean;0
6030;15;77;7;sea;false;ocean;0
6031;43;12;15;sea;false;ocean;0
6032;32;31;12;sea;false;ocean;0
6033;13;71;5;sea;false;ocean;0
6034;50;10;21;sea;false;ocean;0
6035;18;39;30;sea;true;ocean;0
6036;11;79;0;sea;false;ocean;0
6037;1;16;78;sea;false;ocean;0
6038;8;11;68;sea;false;ocean;0
6039;41;28;18;sea;false;ocean;0
6040;52;21;9;sea;false;ocean;0
6041;27;10;46;sea;false;ocean;0
6042;33;42;13;sea;false;ocean;0
6043;46;28;24;sea;true;ocean;0
6044;49;30;5;sea;false;ocean;0
6045;43;1;45;sea;false;ocean;0
6046;48;20;15;sea;false;ocean;0
6047;23;26;6;sea;false;ocean;0
6048;27;47;21;sea;false;ocean;0
6049;1;14;34;sea;false;ocean;0
6050;3;41;41;sea;false;ocean;0
6051;44;29;5;sea;false;ocean;0
6052;19;44;5;sea;false;ocean;0
6053;0;15;1;sea;false;ocean;0
6054;23;10;17;sea;false;ocean;0
6055;57;22;6;sea;false;ocean;0
6056;30;25;16;sea;true;ocean;0
6057;59;23;17;sea;false;ocean;0
6058;36;34;4;sea;false;ocean;0
6059;24;21;18;sea;false;ocean;0
6060;20;14;16;sea;false;ocean;0
6061;8;48;16;sea;false;ocean;0
6062;28;9;12;sea;false;ocean;0
6063;11;15;3;sea;false;ocean;0
6064;14;37;18;sea;false;ocean;0
6065;64;15;6;sea;false;ocean;0
6066;3;16;18;sea;false;ocean;0
6067;28;58;9;sea;false;ocean;0
6068;38;25;7;sea;true;ocean;0
6069;2;6;36;sea;false;ocean;0
6070;5;16;33;sea;false;ocean;0
6071;76;4;2;sea;true;ocean;0
6072;6;26;17;sea;false;ocean;0
6073;9;49;15;sea;false;ocean;0
6074;9;3;53;sea;false;ocean;0
6075;33;3;29;sea;false;ocean;0
6076;33;8;39;sea;false;ocean;0
6077;3;10;7;sea;false;ocean;0
6078;12;68;15;sea;false;ocean;0
6079;30;50;9;sea;false;ocean;0
6080;9;9;5;sea;true;ocean;0
6081;25;38;29;sea;false;ocean;0
6082;24;2;22;sea;true;ocean;0
6083;27;1;33;sea;false;ocean;0
6084;4;32;5;sea;false;ocean;0
6085;65;1;14;sea;false;ocean;0
6086;12;52;24;sea;false;ocean;0
6087;31;0;61;sea;false;ocean;0
6088;4;19;31;sea;false;ocean;0
6089;6;29;33;sea;false;ocean;0
6090;17;42;32;sea;false;ocean;0
6091;0;36;61;sea;false;ocean;0
6092;6;83;0;sea;false;ocean;0
6093;16;10;13;sea;false;ocean;0
6094;7;21;1;sea;false;ocean;0
6095;5;6;26;sea;false;ocean;0
6096;36;8;49;sea;false;ocean;0
6097;25;42;8;sea;false;ocean;0
6098;24;15;44;sea;false;ocean;0
6099;16;70;10;sea;true;ocean;0
6100;20;5;66;sea;false;ocean;0
6101;70;15;1;sea;false;ocean;0
6102;62;27;5;sea;false;ocean;0
6103;84;3;2;sea;false;ocean;0
6104;22;14;17;sea;false;ocean;0
6105;69;20;2;sea;false;ocean;0
6106;41;6;3;sea;false;ocean;0
6107;38;24;25;sea;false;ocean;0
6108;28;12;50;sea;false;ocean;0
6109;12;44;19;sea;false;ocean;0
6110;1;25;45;sea;false;ocean;0
6111;9;16;47;sea;false;ocean;0
6112;11;0;80;sea;false;ocean;0
6113;2;9;78;sea;false;ocean;0
6114;24;50;4;sea;false;ocean;0
6115;1;29;11;sea;false;ocean;0
6116;69;27;2;sea;false;ocean;0
6117;5;69;24;sea;false;ocean;0
6118;18;16;36;sea;true;ocean;0
6119;17;22;44;sea;true;ocean;0
6120;28;33;5;sea;false;ocean;0
6121;53;22;24;sea;false;ocean;0
6122;72;3;3;sea;false;ocean;0
6123;26;7;60;sea;false;ocean;0
6124;0;54;28;sea;false;ocean;0
6125;37;23;37;sea;false;ocean;0
6126;15;40;34;sea;false;ocean;0
6127;55;18;0;sea;false;ocean;0
6128;3;82;10;sea;false;ocean;0
6129;59;8;24;sea;false;ocean;0
6130;9;10;35;sea;false;ocean;0
6131;10;7;41;sea;false;ocean;0
6132;19;18;22;sea;true;ocean;0
6133;18;39;9;sea;false;ocean;0
6134;3;40;44;sea;false;ocean;0
6135;38;38;6;sea;false;ocean;0
6136;6;58;34;sea;false;ocean;0
6137;66;2;31;sea;false;ocean;0
6138;29;44;11;sea;false;ocean;0
6139;7;10;46;sea;false;ocean;0
6140;21;65;10;sea;false;ocean;0
6141;41;18;4;sea;false;ocean;0
6142;20;58;11;sea;false;ocean;0
6143;11;26;51;sea;true;ocean;0
6144;49;14;30;sea;false;ocean;0
6145;9;12;58;sea;false;ocean;0
6146;14;70;4;sea;false;ocean;0
6147;27;2;54;sea;false;ocean;0
6148;12;5;39;sea;false;ocean;0
6149;1;43;20;sea;false;ocean;0
6150;18;38;40;sea;false;ocean;0
6151;5;21;51;sea;false;ocean;0
6152;11;44;7;sea;false;ocean;0
6153;19;37;23;sea;false;ocean;0
6154;58;2;31;sea;false;ocean;0
6155;28;20;38;sea;false;ocean;0
6156;3;6;87;sea;false;ocean;0
6157;22;8;54;sea;false;ocean;0
6158;10;44;44;sea;false;ocean;0
6159;14;36;6;sea;false;ocean;0
6160;31;49;9;sea;false;ocean;0
6161;11;5;67;sea;false;ocean;0
6162;25;21;7;sea;false;ocean;0
6163;82;7;3;sea;false;ocean;0
6164;15;33;39;sea;false;ocean;0
6165;4;83;8;sea;false;ocean;0
6166;3;13;8;sea;false;ocean;0
6167;33;46;20;sea;false;ocean;0
6168;29;8;13;sea;false;ocean;0
6169;29;45;21;sea;false;ocean;0
6170;73;10;16;sea;false;ocean;0
6171;23;12;60;sea;false;ocean;0
6172;15;44;37;sea;false;ocean;0
6173;25;4;64;sea;true;ocean;0
6174;8;4;44;sea;false;ocean;0
6175;41;26;2;sea;false;ocean;0
6176;25;44;30;sea;false;ocean;0
6177;0;22;71;sea;false;ocean;0
6178;88;2;4;sea;false;ocean;0
6179;43;5;14;sea;false;ocean;0
6180;23;3;10;sea;false;ocean;0
6181;56;25;7;sea;false;ocean;0
6182;2;8;41;sea;false;ocean;0
6183;15;20;34;sea;false;ocean;0
6184;23;19;39;sea;false;ocean;0
6185;2;37;20;sea;false;ocean;0
6186;16;43;17;sea;false;ocean;0
6187;4;10;51;sea;true;ocean;0
6188;50;26;14;sea;false;ocean;0
6189;15;11;3;sea;false;ocean;0
6190;13;60;8;sea;true;ocean;0
6191;35;32;6;sea;false;ocean;0
6192;41;10;37;sea;false;ocean;0
6193;57;41;0;sea;true;ocean;0
6194;13;27;37;sea;false;ocean;0
6195;0;7;57;sea;false;ocean;0
6196;18;0;12;sea;false;ocean;0
6197;32;3;21;sea;false;ocean;0
6198;8;0;77;sea;false;ocean;0
6199;29;29;22;sea;true;ocean;0
6200;50;37;7;sea;false;ocean;0
6201;61;16;4;sea;false;ocean;0
6202;11;4;48;sea;false;ocean;0
6203;1;5;19;sea;false;ocean;0
6204;28;16;53;sea;false;ocean;0
6205;18;19;2;sea;true;ocean;0
6206;26;45;19;sea;false;ocean;0
6207;4;28;28;sea;false;ocean;0
6208;4;12;15;sea;false;ocean;0
6209;11;41;36;sea;true;ocean;0
6210;28;16;52;sea;false;ocean;0
6211;11;54;4;sea;true;ocean;0
6212;73;5;14;sea;false;ocean;0
6213;50;0;36;sea;false;ocean;0
6214;79;5;12;sea;false;ocean;0
6215;7;25;21;sea;false;ocean;0
6216;16;13;61;sea;false;ocean;0
6217;33;10;8;sea;false;ocean;0
6218;88;3;7;sea;false;ocean;0
6219;6;3;45;sea;false;ocean;0
6220;8;0;24;sea;false;ocean;0
6221;14;80;2;sea;true;ocean;0
6222;34;13;30;sea;true;ocean;0
6223;2;29;5;sea;false;ocean;0
6224;18;6;51;sea;false;ocean;0
6225;27;27;2;sea;false;ocean;0
6226;13;52;23;sea;false;ocean;0
6227;42;29;21;sea;false;ocean;0
6228;30;12;1;sea;false;ocean;0
6229;5;13;72;sea;false;ocean;0
6230;6;11;50;sea;false;ocean;0
6231;41;42;2;sea;false;ocean;0
6232;60;20;1;sea;false;ocean;0
6233;33;22;28;sea;false;ocean;0
6234;3;40;21;sea;false;ocean;0
6235;11;47;20;sea;false;ocean;0
6236;22;31;11;sea;false;ocean;0
6237;17;20;12;sea;false;ocean;0
6238;59;26;10;sea;false;ocean;0
6239;30;2;32;sea;false;ocean;0
6240;0;10;18;sea;false;ocean;0
6241;4;7;65;sea;false;ocean;0
6242;10;36;23;sea;false;ocean;0
6243;11;28;27;sea;false;ocean;0
6244;49;29;5;sea;true;ocean;0
6245;48;28;12;sea;false;ocean;0
6246;27;39;11;sea;false;ocean;0
6247;41;38;10;sea;false;ocean;0
6248;1;88;7;sea;true;ocean;0
6249;37;31;11;sea;false;ocean;0
6250;25;47;27;sea;false;ocean;0
6251;51;18;4;sea;false;ocean;0
6252;14;33;18;sea;true;ocean;0
6253;31;10;11;sea;false;ocean;0
6254;47;5;34;sea;false;ocean;0
6255;11;13;14;sea;true;ocean;0
6256;1;61;32;sea;false;ocean;0
6257;18;46;30;sea;false;ocean;0
6258;3;1;61;sea;false;ocean;0
6259;38;42;5;sea;false;ocean;0
6260;3;79;0;sea;false;ocean;0
6261;8;47;20;sea;true;ocean;0
6262;0;9;78;sea;false;ocean;0
6263;19;16;55;sea;false;ocean;0
6264;23;20;34;sea;false;ocean;0
6265;16;2;46;sea;false;ocean;0
6266;57;2;38;sea;false;ocean;0
6267;7;74;10;sea;false;ocean;0
6268;15;29;31;sea;false;ocean;0
6269;25;13;31;sea;true;ocean;0
6270;10;34;5;sea;true;ocean;0
6271;7;35;56;sea;false;ocean;0
6272;37;22;12;sea;false;ocean;0
6273;8;39;12;sea;false;ocean;0
6274;0;24;12;sea;false;ocean;0
6275;27;27;5;sea;false;ocean;0
6276;2;31;60;sea;false;ocean;0
6277;34;18;13;sea;true;ocean;0
6278;43;46;2;sea;false;ocean;0
6279;3;54;16;sea;true;ocean;0
6280;11;4;6;sea;false;ocean;0
6281;52;3;40;sea;false;ocean;0
6282;37;35;20;sea;false;ocean;0
6283;3;18;68;sea;false;ocean;0
6284;8;39;33;sea;false;ocean;0
6285;18;25;46;sea;false;ocean;0
6286;16;66;10;sea;true;ocean;0
6287;51;25;20;sea;false;ocean;0
6288;37;16;14;sea;false;ocean;0
6289;9;39;19;sea;false;ocean;0
6290;54;15;21;sea;false;ocean;0
6291;20;52;17;sea;false;ocean;0
6292;0;16;41;sea;false;ocean;0
6293;24;56;7;sea;false;ocean;0
6294;6;46;15;sea;false;ocean;0
6295;21;2;53;sea;false;ocean;0
6296;67;18;6;sea;false;ocean;0
6297;30;27;31;sea;false;ocean;0
6298;6;15;9;sea;false;ocean;0
6299;17;35;28;sea;false;ocean;0
6300;19;19;23;sea;false;ocean;0
6301;58;4;14;sea;false;ocean;0
6302;28;54;16;sea;false;ocean;0
6303;5;38;3;sea;false;ocean;0
6304;31;26;5;sea;false;ocean;0
6305;40;13;35;sea;false;ocean;0
6306;38;5;40;sea;false;ocean;0
6307;38;13;0;sea;false;ocean;0
6308;7;53;11;sea;true;ocean;0
6309;5;53;25;sea;false;ocean;0
6310;36;1;49;sea;false;ocean;0
6311;67;26;3;sea;true;ocean;0
6312;13;22;59;sea;true;ocean;0
6313;24;15;13;sea;false;ocean;0
6314;27;15;49;sea;false;ocean;0
6315;46;1;27;sea;false;ocean;0
6316;21;24;44;sea;false;ocean;0
6317;5;23;66;sea;false;ocean;0
6318;14;29;4;sea;false;ocean;0
6319;24;26;6;sea;false;ocean;0
6320;11;28;55;sea;false;ocean;0
6321;55;30;3;sea;true;ocean;0
6322;1;51;35;sea;false;ocean;0
6323;16;75;8;sea;false;ocean;0
6324;19;13;32;sea;true;ocean;0
6325;36;3;12;sea;false;ocean;0
6326;44;4;25;sea;false;ocean;0
6327;27;6;42;sea;false;ocean;0
6328;6;18;24;sea;false;ocean;0
6329;57;12;29;sea;true;ocean;0
6330;18;2;9;sea;true;ocean;0
6331;2;31;55;sea;false;ocean;0
6332;2;46;0;sea;true;ocean;0
6333;24;70;2;sea;false;ocean;0
6334;19;4;10;sea;false;ocean;0
6335;18;36;38;sea;false;ocean;0
6336;15;69;12;sea;false;ocean;0
6337;38;49;4;sea;false;ocean;0
6338;2;61;27;sea;false;ocean;0
6339;67;0;26;sea;false;ocean;0
6340;3;42;31;sea;false;ocean;0
6341;12;39;5;sea;false;ocean;0
6342;9;85;3;sea;false;ocean;0
6343;59;0;22;sea;false;ocean;0
6344;20;36;22;sea;false;ocean;0
6345;51;10;34;sea;false;ocean;0
6346;0;17;44;sea;false;ocean;0
6347;1;10;52;sea;false;ocean;0
6348;3;38;3;sea;false;ocean;0
6349;12;59;11;sea;false;ocean;0
6350;22;0;25;sea;false;ocean;0
6351;33;7;16;sea;false;ocean;0
6352;46;31;12;sea;true;ocean;0
6353;11;15;39;sea;false;ocean;0
6354;26;62;6;sea;false;ocean;0
6355;45;13;41;sea;true;ocean;0
6356;10;36;20;sea;false;ocean;0
6357;29;45;9;sea;false;ocean;0
6358;9;17;49;sea;false;ocean;0
6359;5;36;47;sea;true;ocean;0
6360;5;50;11;sea;false;ocean;0
6361;14;12;70;sea;false;ocean;0
6362;24;48;13;sea;false;ocean;0
6363;15;20;26;sea;false;ocean;0
6364;25;0;26;sea;false;ocean;0
6365;0;0;6;sea;false;ocean;0
6366;26;37;5;sea;false;ocean;0
6367;4;45;47;sea;false;ocean;0
6368;9;5;20;sea;false;ocean;0
6369;67;18;14;sea;false;ocean;0
6370;5;34;52;sea;false;ocean;0
6371;12;25;29;sea;true;ocean;0
6372;39;4;34;sea;false;ocean;0
6373;88;5;3;sea;false;ocean;0
6374;28;20;35;sea;false;ocean;0
6375;51;0;47;sea;false;ocean;0
6376;21;15;35;sea;false;ocean;0
6377;2;57;9;sea;false;ocean;0
6378;19;18;16;sea;false;ocean;0
6379;3;14;72;sea;false;ocean;0
6380;52;24;2;sea;true;ocean;0
6381;17;8;68;sea;false;ocean;0
6382;8;24;11;sea;true;ocean;0
6383;13;52;19;sea;false;ocean;0
6384;60;1;0;sea;false;ocean;0
6385;19;22;42;sea;false;ocean;0
6386;7;75;10;sea;false;ocean;0
6387;19;34;15;sea;false;ocean;0
6388;15;61;0;sea;false;ocean;0
6389;21;54;8;sea;false;ocean;0
6390;32;14;49;sea;false;ocean;0
6391;24;29;43;sea;false;ocean;0
6392;16;17;8;sea;false;ocean;0
6393;33;25;2;sea;false;ocean;0
6394;9;69;11;sea;false;ocean;0
6395;21;42;2;sea;false;ocean;0
6396;20;46;2;sea;false;ocean;0
6397;9;5;3;sea;false;ocean;0
6398;32;22;4;sea;false;ocean;0
6399;40;26;4;sea;false;ocean;0
6400;2;8;80;sea;true;ocean;0
6401;21;0;14;sea;false;ocean;0
6402;11;36;29;sea;false;ocean;0
6403;40;26;24;sea;false;ocean;0
6404;34;24;30;sea;false;ocean;0
6405;3;16;74;sea;true;ocean;0
6406;16;35;29;sea;false;ocean;0
6407;12;21;19;sea;false;ocean;0
6408;10;67;5;sea;true;ocean;0
6409;0;50;6;sea;false;ocean;0
6410;46;0;35;sea;false;ocean;0
6411;46;26;4;sea;false;ocean;0
6412;13;12;25;sea;false;ocean;0
6413;15;4;38;sea;false;ocean;0
6414;14;74;4;sea;false;ocean;0
6415;10;2;14;sea;true;ocean;0
6416;34;8;11;sea;false;ocean;0
6417;5;14;46;sea;false;ocean;0
6418;34;27;5;sea;true;ocean;0
6419;39;38;12;sea;false;ocean;0
6420;4;70;8;sea;false;ocean;0
6421;64;15;10;sea;false;ocean;0
6422;11;46;34;sea;false;ocean;0
6423;1;2;10;sea;false;ocean;0
6424;14;11;11;sea;false;ocean;0
6425;8;15;31;sea;false;ocean;0
6426;10;29;50;sea;false;ocean;0
6427;2;12;34;sea;false;ocean;0
6428;8;44;21;sea;false;ocean;0
6429;24;10;62;sea;true;ocean;0
6430;52;10;12;sea;false;ocean;0
6431;1;59;12;sea;false;ocean;0
6432;51;14;19;sea;false;ocean;0
6433;37;41;0;sea;false;ocean;0
6434;13;6;42;sea;false;ocean;0
6435;43;2;28;sea;false;ocean;0
6436;23;1;4;sea;true;ocean;0
6437;15;36;23;sea;true;ocean;0
6438;28;5;42;sea;true;ocean;0
6439;55;1;11;sea;false;ocean;0
6440;21;7;64;sea;false;ocean;0
6441;37;4;10;sea;false;ocean;0
6442;4;39;39;sea;false;ocean;0
6443;11;20;30;sea;false;ocean;0
6444;16;11;15;sea;false;ocean;0
6445;34;22;37;sea;false;ocean;0
6446;0;42;17;sea;false;ocean;0
6447;22;24;18;sea;false;ocean;0
6448;4;4;22;sea;true;ocean;0
6449;18;4;66;sea;false;ocean;0
6450;59;9;3;sea;true;ocean;0
6451;33;26;8;sea;false;ocean;0
6452;32;36;4;sea;false;ocean;0
6453;19;21;36;sea;false;ocean;0
6454;85;0;13;sea;false;ocean;0
6455;28;50;2;sea;false;ocean;0
6456;26;21;16;sea;true;ocean;0
6457;26;16;25;sea;false;ocean;0
6458;52;15;19;sea;false;ocean;0
6459;5;64;7;sea;false;ocean;0
6460;4;20;19;sea;false;ocean;0
6461;5;18;70;sea;true;ocean;0
6462;8;5;12;sea;false;ocean;0
6463;53;32;1;sea;false;ocean;0
6464;9;8;81;sea;false;ocean;0
6465;21;54;10;sea;false;ocean;0
6466;38;2;50;sea;false;ocean;0
6467;8;34;42;sea;false;ocean;0
6468;1;6;48;sea;true;ocean;0
6469;11;26;53;sea;true;ocean;0
6470;6;26;65;sea;false;ocean;0
6471;15;35;27;sea;false;ocean;0
6472;51;8;12;sea;false;ocean;0
6473;5;70;3;sea;false;ocean;0
6474;24;16;55;sea;true;ocean;0
6475;8;31;12;sea;false;ocean;0
6476;7;7;75;sea;false;ocean;0
6477;32;13;42;sea;false;ocean;0
6478;74;5;18;sea;false;ocean;0
6479;4;17;45;sea;false;ocean;0
6480;39;22;26;sea;true;ocean;0
6481;0;2;38;sea;true;ocean;0
6482;0;8;73;sea;false;ocean;0
6483;59;22;3;sea;false;ocean;0
6484;19;31;1;sea;false;ocean;0
6485;26;20;19;sea;false;ocean;0
6486;24;11;60;sea;false;ocean;0
6487;28;23;3;sea;false;ocean;0
6488;43;23;28;sea;false;ocean;0
6489;6;19;68;sea;false;ocean;0
6490;24;20;23;sea;false;ocean;0
6491;28;20;4;sea;true;ocean;0
6492;11;39;21;sea;false;ocean;0
6493;68;11;10;sea;false;ocean;0
6494;11;1;76;sea;false;ocean;0
6495;3;61;17;sea;false;ocean;0
6496;50;15;17;sea;false;ocean;0
6497;54;33;1;sea;false;ocean;0
6498;19;0;10;sea;false;ocean;0
6499;5;37;25;sea;false;ocean;0
6500;0;23;69;sea;false;ocean;0
6501;38;11;17;sea;true;ocean;0
6502;19;4;65;sea;true;ocean;0
6503;0;87;10;sea;false;ocean;0
6504;10;9;3;sea;true;ocean;0
6505;58;21;18;sea;false;ocean;0
6506;64;5;30;sea;false;ocean;0
6507;8;46;30;sea;false;ocean;0
6508;10;44;11;sea;false;ocean;0
6509;24;4;54;sea;false;ocean;0
6510;35;1;17;sea;false;ocean;0
6511;2;1;42;sea;false;ocean;0
6512;5;3;23;sea;false;ocean;0
6513;42;4;16;sea;false;ocean;0
6514;64;0;0;sea;false;ocean;0
6515;26;17;51;sea;true;ocean;0
6516;33;55;1;sea;false;ocean;0
6517;19;28;44;sea;false;ocean;0
6518;23;5;43;sea;false;ocean;0
6519;24;10;15;sea;false;ocean;0
6520;22;9;16;sea;false;ocean;0
6521;3;55;31;sea;true;ocean;0
6522;10;6;38;sea;false;ocean;0
6523;78;5;0;sea;false;ocean;0
6524;23;63;13;sea;false;ocean;0
6525;5;55;26;sea;false;ocean;0
6526;17;22;10;sea;false;ocean;0
6527;15;12;37;sea;false;ocean;0
6528;26;47;8;sea;false;ocean;0
6529;31;2;36;sea;false;ocean;0
6530;41;37;5;sea;false;ocean;0
6531;9;0;60;sea;false;ocean;0
6532;13;47;17;sea;false;ocean;0
6533;26;10;23;sea;false;ocean;0
6534;1;8;57;sea;true;ocean;0
6535;36;47;5;sea;false;ocean;0
6536;16;51;25;sea;false;ocean;0
6537;3;2;67;sea;false;ocean;0
6538;5;88;5;sea;false;ocean;0
6539;36;7;14;sea;false;ocean;0
6540;17;15;5;sea;false;ocean;0
6541;28;19;5;sea;false;ocean;0
6542;5;85;1;sea;false;ocean;0
6543;33;50;3;sea;false;ocean;0
6544;1;47;43;sea;false;ocean;0
6545;5;48;8;sea;false;ocean;0
6546;2;75;10;sea;false;ocean;0
6547;68;2;22;sea;false;ocean;0
6548;25;3;29;sea;false;ocean;0
6549;45;13;9;sea;false;ocean;0
6550;13;14;47;sea;true;ocean;0
6551;14;25;32;sea;false;ocean;0
6552;45;27;5;sea;true;ocean;0
6553;30;1;13;sea;false;ocean;0
6554;17;3;4;sea;false;ocean;0
6555;24;17;30;sea;false;ocean;0
6556;28;34;23;sea;false;ocean;0
6557;39;9;1;sea;false;ocean;0
6558;12;37;35;sea;false;ocean;0
6559;2;60;2;sea;false;ocean;0
6560;18;54;20;sea;false;ocean;0
6561;14;21;18;sea;false;ocean;0
6562;7;18;51;sea;false;ocean;0
6563;9;31;55;sea;false;ocean;0
6564;17;21;12;sea;false;ocean;0
6565;31;35;4;sea;false;ocean;0
6566;0;35;35;sea;false;ocean;0
6567;0;18;58;sea;false;ocean;0
6568;38;18;40;sea;false;ocean;0
6569;10;53;23;sea;true;ocean;0
6570;12;51;13;sea;false;ocean;0
6571;13;6;18;sea;false;ocean;0
6572;55;15;14;sea;false;ocean;0
6573;10;67;15;sea;true;ocean;0
6574;27;56;16;sea;false;ocean;0
6575;51;0;14;sea;false;ocean;0
6576;2;18;76;sea;false;ocean;0
6577;8;51;26;sea;false;ocean;0
6578;2;47;36;sea;false;ocean;0
6579;28;8;21;sea;false;ocean;0
6580;18;61;20;sea;false;ocean;0
6581;60;2;19;sea;false;ocean;0
6582;31;25;20;sea;false;ocean;0
6583;33;1;59;sea;false;ocean;0
6584;44;4;7;sea;false;ocean;0
6585;28;6;53;sea;false;ocean;0
6586;45;0;39;sea;false;ocean;0
6587;66;21;5;sea;false;ocean;0
6588;21;11;43;sea;true;ocean;0
6589;26;0;73;sea;false;ocean;0
6590;52;35;12;sea;true;ocean;0
6591;44;14;6;sea;false;ocean;0
6592;41;15;20;sea;false;ocean;0
6593;17;44;28;sea;true;ocean;0
6594;33;0;49;sea;false;ocean;0
6595;34;9;14;sea;false;ocean;0
6596;13;15;9;sea;false;ocean;0
6597;31;1;60;sea;false;ocean;0
6598;28;11;29;sea;false;ocean;0
6599;1;24;27;sea;false;ocean;0
6600;1;53;35;sea;false;ocean;0
6601;1;25;35;sea;false;ocean;0
6602;28;35;29;sea;false;ocean;0
6603;18;18;41;sea;false;ocean;0
6604;21;7;71;sea;false;ocean;0
6605;16;33;46;sea;false;ocean;0
6606;48;35;5;sea;false;ocean;0
6607;15;20;42;sea;false;ocean;0
6608;55;30;10;sea;false;ocean;0
6609;5;15;79;sea;false;ocean;0
6610;6;12;4;sea;false;ocean;0
6611;3;82;11;sea;false;ocean;0
6612;10;9;49;sea;false;ocean;0
6613;16;6;54;sea;true;ocean;0
6614;21;28;22;sea;false;ocean;0
6615;13;29;6;sea;true;ocean;0
6616;72;3;1;sea;false;ocean;0
6617;10;6;13;sea;false;ocean;0
6618;21;14;16;sea;false;ocean;0
6619;64;7;21;sea;false;ocean;0
6620;5;64;30;sea;false;ocean;0
6621;9;73;16;sea;false;ocean;0
6622;0;1;27;sea;false;ocean;0
6623;36;22;34;sea;false;ocean;0
6624;5;72;10;sea;false;ocean;0
6625;26;56;3;sea;false;ocean;0
6626;39;6;19;sea;false;ocean;0
6627;21;9;35;sea;true;ocean;0
6628;13;31;3;sea;false;ocean;0
6629;11;29;20;sea;false;ocean;0
6630;1;3;85;sea;false;ocean;0
6631;5;10;40;sea;false;ocean;0
6632;25;37;3;sea;false;ocean;0
6633;5;5;83;sea;false;ocean;0
6634;25;36;23;sea;false;ocean;0
6635;53;10;27;sea;true;ocean;0
6636;26;39;24;sea;false;ocean;0
6637;33;33;1;sea;false;ocean;0
6638;15;61;3;sea;false;ocean;0
6639;36;3;58;sea;false;ocean;0
6640;29;2;8;sea;false;ocean;0
6641;11;14;37;sea;false;ocean;0
6642;2;29;31;sea;false;ocean;0
6643;1;68;24;sea;true;ocean;0
6644;20;22;7;sea;false;ocean;0
6645;30;44;16;sea;false;ocean;0
6646;22;24;53;sea;false;ocean;0
6647;15;37;26;sea;false;ocean;0
6648;42;7;38;sea;false;ocean;0
6649;38;15;42;sea;false;ocean;0
6650;8;49;7;sea;false;ocean;0
6651;44;4;41;sea;false;ocean;0
6652;11;76;7;sea;false;ocean;0
6653;8;21;50;sea;false;ocean;0
6654;31;25;13;sea;false;ocean;0
6655;53;26;17;sea;false;ocean;0
6656;43;17;11;sea;false;ocean;0
6657;26;1;33;sea;true;ocean;0
6658;45;9;42;sea;false;ocean;0
6659;16;2;63;sea;false;ocean;0
6660;0;61;28;sea;false;ocean;0
6661;45;6;43;sea;true;ocean;0
6662;23;12;11;sea;false;ocean;0
6663;0;64;35;sea;false;ocean;0
6664;38;9;22;sea;false;ocean;0
6665;5;42;9;sea;false;ocean;0
6666;10;44;29;sea;true;ocean;0
6667;0;2;6;sea;true;ocean;0
6668;9;12;46;sea;false;ocean;0
6669;28;27;42;sea;false;ocean;0
6670;73;23;3;sea;false;ocean;0
6671;56;37;1;sea;false;ocean;0
6672;43;5;21;sea;false;ocean;0
6673;4;23;2;sea;false;ocean;0
6674;36;21;23;sea;false;ocean;0
6675;23;13;18;sea;false;ocean;0
6676;19;5;51;sea;false;ocean;0
6677;10;23;53;sea;false;ocean;0
6678;54;30;11;sea;true;ocean;0
6679;62;0;16;sea;true;ocean;0
6680;41;28;28;sea;false;ocean;0
6681;13;8;45;sea;true;ocean;0
6682;6;48;22;sea;false;ocean;0
6683;31;14;13;sea;false;ocean;0
6684;3;49;14;sea;true;ocean;0
6685;75;4;10;sea;true;ocean;0
6686;21;58;10;sea;true;ocean;0
6687;7;32;27;sea;false;ocean;0
6688;71;2;20;sea;false;ocean;0
6689;32;7;11;sea;false;ocean;0
6690;0;42;0;sea;false;ocean;0
6691;9;65;2;sea;false;ocean;0
6692;65;13;5;sea;false;ocean;0
6693;24;48;12;sea;false;ocean;0
6694;35;61;1;sea;false;ocean;0
6695;34;16;1;sea;false;ocean;0
6696;3;7;13;sea;false;ocean;0
6697;39;28;0;sea;true;ocean;0
6698;43;9;26;sea;true;ocean;0
6699;55;4;4;sea;false;ocean;0
6700;25;5;61;sea;false;ocean;0
6701;30;39;27;sea;false;ocean;0
6702;44;19;5;sea;false;ocean;0
6703;28;37;29;sea;false;ocean;0
6704;17;0;38;sea;true;ocean;0
6705;44;10;21;sea;false;ocean;0
6706;11;24;56;sea;true;ocean;0
6707;12;24;52;sea;false;ocean;0
6708;11;21;29;sea;false;ocean;0
6709;18;5;63;sea;true;ocean;0
6710;24;12;15;sea;false;ocean;0
6711;36;32;7;sea;false;ocean;0
6712;4;38;1;sea;false;ocean;0
6713;9;8;62;sea;false;ocean;0
6714;43;44;2;sea;true;ocean;0
6715;55;3;17;sea;false;ocean;0
6716;59;9;14;sea;false;ocean;0
6717;55;11;14;sea;true;ocean;0
6718;9;39;23;sea;true;ocean;0
6719;46;30;22;sea;false;ocean;0
6720;14;80;5;sea;false;ocean;0
6721;21;9;11;sea;false;ocean;0
6722;31;11;42;sea;true;ocean;0
6723;30;12;0;sea;false;ocean;0
6724;15;27;39;sea;false;ocean;0
6725;34;18;16;sea;false;ocean;0
6726;14;46;13;sea;false;ocean;0
6727;32;1;66;sea;false;ocean;0
6728;3;58;25;sea;false;ocean;0
6729;65;20;9;sea;false;ocean;0
6730;33;16;22;sea;false;ocean;0
6731;18;53;6;sea;true;ocean;0
6732;74;6;4;sea;true;ocean;0
6733;54;17;6;sea;false;ocean;0
6734;13;44;12;sea;false;ocean;0
6735;41;19;8;sea;false;ocean;0
6736;4;51;12;sea;true;ocean;0
6737;27;7;57;sea;false;ocean;0
6738;27;20;2;sea;true;ocean;0
6739;8;76;3;sea;false;ocean;0
6740;27;41;13;sea;false;ocean;0
6741;6;87;0;sea;false;ocean;0
6742;16;9;71;sea;false;ocean;0
6743;48;22;16;sea;false;ocean;0
6744;76;5;4;sea;false;ocean;0
6745;6;42;15;sea;false;ocean;0
6746;1;42;7;sea;false;ocean;0
6747;15;22;37;sea;false;ocean;0
6748;52;13;11;sea;true;ocean;0
6749;24;20;26;sea;true;ocean;0
6750;0;11;77;sea;false;ocean;0
6751;18;12;40;sea;true;ocean;0
6752;29;35;33;sea;false;ocean;0
6753;11;61;19;sea;false;ocean;0
6754;2;10;24;sea;false;ocean;0
6755;39;27;31;sea;true;ocean;0
6756;53;42;1;sea;false;ocean;0
6757;35;15;37;sea;true;ocean;0
6758;11;59;4;sea;false;ocean;0
6759;9;31;15;sea;false;ocean;0
6760;9;33;34;sea;false;ocean;0
6761;19;57;3;sea;true;ocean;0
6762;69;7;1;sea;true;ocean;0
6763;22;37;19;sea;false;ocean;0
6764;37;34;12;sea;false;ocean;0
6765;1;83;2;sea;false;ocean;0
6766;0;54;4;sea;false;ocean;0
6767;13;16;6;sea;false;ocean;0
6768;12;27;16;sea;false;ocean;0
6769;4;52;29;sea;false;ocean;0
6770;4;22;22;sea;true;ocean;0
6771;0;46;47;sea;false;ocean;0
6772;23;50;7;sea;true;ocean;0
6773;42;40;12;sea;false;ocean;0
6774;19;29;29;sea;true;ocean;0
6775;3;75;13;sea;false;ocean;0
6776;3;81;2;sea;false;ocean;0
6777;5;0;59;sea;false;ocean;0
6778;13;0;34;sea;false;ocean;0
6779;14;47;16;sea;true;ocean;0
6780;19;16;35;sea;false;ocean;0
6781;14;68;11;sea;true;ocean;0
6782;8;28;11;sea;false;ocean;0
6783;27;3;56;sea;false;ocean;0
6784;30;5;43;sea;false;ocean;0
6785;21;57;15;sea;false;ocean;0
6786;10;3;37;sea;false;ocean;0
6787;30;34;16;sea;false;ocean;0
6788;8;30;48;sea;false;ocean;0
6789;34;4;6;sea;true;ocean;0
6790;11;18;18;sea;false;ocean;0
6791;8;15;37;sea;false;ocean;0
6792;73;3;14;sea;false;ocean;0
6793;4;62;21;sea;false;ocean;0
6794;16;22;3;sea;true;ocean;0
6795;54;26;11;sea;false;ocean;0
6796;37;34;5;sea;false;ocean;0
6797;0;10;61;sea;false;ocean;0
6798;6;79;0;sea;false;ocean;0
6799;38;36;17;sea;true;ocean;0
6800;18;38;39;sea;false;ocean;0
6801;14;7;58;sea;true;ocean;0
6802;30;52;15;sea;false;ocean;0
6803;2;53;15;sea;false;ocean;0
6804;3;18;59;sea;false;ocean;0
6805;40;18;27;sea;false;ocean;0
6806;38;11;40;sea;false;ocean;0
6807;6;28;3;sea;false;ocean;0
6808;15;39;38;sea;true;ocean;0
6809;28;16;22;sea;false;ocean;0
6810;10;24;3;sea;true;ocean;0
6811;15;41;26;sea;false;ocean;0
6812;19;50;24;sea;false;ocean;0
6813;15;55;24;sea;false;ocean;0
6814;12;0;57;sea;false;ocean;0
6815;28;0;6;sea;false;ocean;0
6816;45;12;3;sea;false;ocean;0
6817;5;12;81;sea;false;ocean;0
6818;0;57;21;sea;false;ocean;0
6819;7;42;0;sea;false;ocean;0
6820;23;17;22;sea;false;ocean;0
6821;44;6;9;sea;true;ocean;0
6822;0;53;31;sea;false;ocean;0
6823;2;0;69;sea;false;ocean;0
6824;12;30;0;sea;false;ocean;0
6825;13;42;36;sea;false;ocean;0
6826;10;55;23;sea;false;ocean;0
6827;54;0;33;sea;false;ocean;0
6828;66;5;8;sea;false;ocean;0
6829;8;28;24;sea;false;ocean;0
6830;58;1;9;sea;true;ocean;0
6831;23;21;21;sea;false;ocean;0
6832;60;9;5;sea;true;ocean;0
6833;29;1;0;sea;false;ocean;0
6834;22;7;70;sea;true;ocean;0
6835;32;41;25;sea;false;ocean;0
6836;22;37;16;sea;false;ocean;0
6837;12;4;49;sea;false;ocean;0
6838;24;30;42;sea;true;ocean;0
6839;24;9;27;sea;false;ocean;0
6840;0;12;9;sea;true;ocean;0
6841;13;16;50;sea;false;ocean;0
6842;38;2;5;sea;false;ocean;0
6843;34;16;27;sea;true;ocean;0
6844;55;17;21;sea;false;ocean;0
6845;4;63;3;sea;false;ocean;0
6846;5;3;41;sea;false;ocean;0
6847;5;24;6;sea;false;ocean;0
6848;50;21;27;sea;false;ocean;0
6849;59;10;0;sea;false;ocean;0
6850;16;42;4;sea;true;ocean;0
6851;2;11;66;sea;false;ocean;0
6852;11;0;41;sea;false;ocean;0
6853;40;36;2;sea;false;ocean;0
6854;19;19;55;sea;false;ocean;0
6855;91;1;2;sea;false;ocean;0
6856;12;12;47;sea;false;ocean;0
6857;8;28;33;sea;false;ocean;0
6858;3;19;22;sea;false;ocean;0
6859;4;24;26;sea;false;ocean;0
6860;27;35;27;sea;false;ocean;0
6861;20;17;40;sea;false;ocean;0
6862;8;3;53;sea;true;ocean;0
6863;17;37;13;sea;false;ocean;0
6864;7;47;36;sea;false;ocean;0
6865;6;15;12;sea;false;ocean;0
6866;4;22;31;sea;true;ocean;0
6867;33;8;0;sea;false;ocean;0
6868;73;10;15;sea;false;ocean;0
6869;42;8;7;sea;false;ocean;0
6870;18;20;50;sea;false;ocean;0
6871;45;33;3;sea;false;ocean;0
6872;29;30;0;sea;false;ocean;0
6873;25;30;4;sea;false;ocean;0
6874;3;11;72;sea;false;ocean;0
6875;7;3;45;sea;false;ocean;0
6876;55;28;8;sea;false;ocean;0
6877;13;4;39;sea;false;ocean;0
6878;74;7;18;sea;false;ocean;0
6879;41;13;33;sea;false;ocean;0
6880;30;18;0;sea;false;ocean;0
6881;11;18;41;sea;false;ocean;0
6882;15;24;34;sea;false;ocean;0
6883;1;70;16;sea;true;ocean;0
6884;8;2;37;sea;false;ocean;0
6885;40;15;5;sea;false;ocean;0
6886;45;9;1;sea;false;ocean;0
6887;0;47;52;sea;true;ocean;0
6888;21;22;49;sea;true;ocean;0
6889;15;33;45;sea;false;ocean;0
6890;3;39;26;sea;false;ocean;0
6891;22;32;34;sea;false;ocean;0
6892;36;9;45;sea;true;ocean;0
6893;6;24;31;sea;true;ocean;0
6894;5;20;34;sea;true;ocean;0
6895;53;10;22;sea;true;ocean;0
6896;40;21;9;sea;false;ocean;0
6897;19;48;19;sea;true;ocean;0
6898;39;31;0;sea;true;ocean;0
6899;60;26;7;sea;false;ocean;0
6900;10;15;45;sea;false;ocean;0
6901;23;19;29;sea;false;ocean;0
6902;49;27;17;sea;false;ocean;0
6903;2;16;5;sea;false;ocean;0
6904;24;36;25;sea;false;ocean;0
6905;12;67;1;sea;false;ocean;0
6906;12;14;45;sea;false;ocean;0
6907;9;0;5;sea;false;ocean;0
6908;1;52;18;sea;true;ocean;0
6909;36;1;14;sea;false;ocean;0
6910;9;7;70;sea;false;ocean;0
6911;2;4;8;sea;false;ocean;0
6912;0;40;37;sea;false;ocean;0
6913;19;1;77;sea;true;ocean;0
6914;30;9;31;sea;false;ocean;0
6915;13;39;15;sea;true;ocean;0
6916;27;18;17;sea;false;ocean;0
6917;15;12;57;sea;true;ocean;0
6918;16;2;71;sea;false;ocean;0
6919;20;4;33;sea;true;ocean;0
6920;1;23;1;sea;false;ocean;0
6921;20;60;3;sea;false;ocean;0
6922;37;41;3;sea;false;ocean;0
6923;55;7;33;sea;false;ocean;0
6924;13;15;8;sea;false;ocean;0
6925;7;35;38;sea;false;ocean;0
6926;10;20;34;sea;false;ocean;0
6927;0;32;34;sea;false;ocean;0
6928;8;17;2;sea;false;ocean;0
6929;39;9;41;sea;true;ocean;0
6930;13;30;8;sea;false;ocean;0
6931;24;40;25;sea;false;ocean;0
6932;31;17;39;sea;false;ocean;0
6933;40;29;11;sea;false;ocean;0
6934;41;23;8;sea;false;ocean;0
6935;75;23;0;sea;false;ocean;0
6936;25;11;50;sea;false;ocean;0
6937;51;16;11;sea;true;ocean;0
6938;14;21;23;sea;true;ocean;0
6939;10;12;58;sea;false;ocean;0
6940;45;14;18;sea;false;ocean;0
6941;5;15;70;sea;false;ocean;0
6942;0;21;10;sea;false;ocean;0
6943;41;0;9;sea;false;ocean;0
6944;38;25;16;sea;false;ocean;0
6945;44;24;23;sea;true;ocean;0
6946;19;6;18;sea;true;ocean;0
6947;21;3;31;sea;true;ocean;0
6948;21;22;42;sea;true;ocean;0
6949;23;57;7;sea;false;ocean;0
6950;19;36;17;sea;true;ocean;0
6951;55;4;8;sea;true;ocean;0
6952;29;34;31;sea;true;ocean;0
6953;10;63;16;sea;false;ocean;0
6954;11;1;7;sea;false;ocean;0
6955;10;28;27;sea;false;ocean;0
6956;5;43;23;sea;false;ocean;0
6957;16;55;2;sea;true;ocean;0
6958;74;0;18;sea;false;ocean;0
6959;6;7;62;sea;false;ocean;0
6960;70;0;14;sea;false;ocean;0
6961;5;34;47;sea;true;ocean;0
6962;0;14;2;sea;false;ocean;0
6963;11;13;50;sea;true;ocean;0
6964;1;0;62;sea;false;ocean;0
6965;31;1;56;sea;false;ocean;0
6966;5;9;16;sea;false;ocean;0
6967;19;13;51;sea;false;ocean;0
6968;7;34;6;sea;false;ocean;0
6969;0;18;51;sea;false;ocean;0
6970;26;50;8;sea;false;ocean;0
6971;12;56;5;sea;false;ocean;0
6972;20;13;51;sea;false;ocean;0
6973;7;16;16;sea;false;ocean;0
6974;31;2;10;sea;false;ocean;0
6975;20;10;35;sea;false;ocean;0
6976;24;73;0;sea;false;ocean;0
6977;0;38;26;sea;false;ocean;0
6978;37;28;27;sea;false;ocean;0
6979;14;35;30;sea;false;ocean;0
6980;35;51;13;sea;true;ocean;0
6981;4;15;68;sea;false;ocean;0
6982;22;55;2;sea;false;ocean;0
6983;70;13;12;sea;false;ocean;0
6984;31;14;48;sea;false;ocean;0
6985;33;38;28;sea;false;ocean;0
6986;29;8;34;sea;false;ocean;0
6987;67;22;3;sea;false;ocean;0
6988;2;14;8;sea;false;ocean;0
6989;21;8;12;sea;false;ocean;0
6990;30;14;16;sea;false;ocean;0
6991;33;24;20;sea;false;ocean;0
6992;36;59;0;sea;false;ocean;0
6993;15;84;0;sea;false;ocean;0
6994;21;41;23;sea;true;ocean;0
6995;7;11;56;sea;false;ocean;0
6996;0;66;24;sea;false;ocean;0
6997;7;65;27;sea;true;ocean;0
6998;38;18;12;sea;false;ocean;0
6999;58;3;21;sea;false;ocean;0
7000;35;39;14;sea;false;ocean;0
7001;67;3;3;sea;false;ocean;0
7002;56;3;8;sea;false;ocean;0
7003;46;19;33;sea;false;ocean;0
7004;19;12;57;sea;true;ocean;0
7005;11;32;25;sea;false;ocean;0
7006;28;41;21;sea;false;ocean;0
7007;21;1;30;sea;false;ocean;0
7008;49;9;32;sea;false;ocean;0
7009;20;11;38;sea;false;ocean;0
7010;30;49;0;sea;false;ocean;0
7011;22;7;23;sea;false;ocean;0
7012;14;0;64;sea;false;ocean;0
7013;43;18;26;sea;false;ocean;0
7014;17;47;8;sea;false;ocean;0
7015;7;30;2;sea;true;ocean;0
7016;9;3;47;sea;false;ocean;0
7017;42;1;40;sea;false;ocean;0
7018;6;67;0;sea;true;ocean;0
7019;37;2;28;sea;false;ocean;0
7020;17;26;55;sea;false;ocean;0
7021;1;51;47;sea;false;ocean;0
7022;55;21;12;sea;false;ocean;0
7023;29;6;9;sea;false;ocean;0
7024;58;30;0;sea;false;ocean;0
7025;50;18;19;sea;false;ocean;0
7026;0;6;88;sea;true;ocean;0
7027;3;68;1;sea;false;ocean;0
7028;3;20;63;sea;true;ocean;0
7029;4;20;66;sea;false;ocean;0
7030;21;13;62;sea;false;ocean;0
7031;12;2;37;sea;false;ocean;0
7032;2;27;59;sea;false;ocean;0
7033;20;25;31;sea;false;ocean;0
7034;46;30;5;sea;false;ocean;0
7035;3;44;34;sea;false;ocean;0
7036;53;10;25;sea;false;ocean;0
7037;1;5;12;sea;false;ocean;0
7038;11;27;50;sea;false;ocean;0
7039;34;29;27;sea;true;ocean;0
7040;15;3;58;sea;false;ocean;0
7041;19;64;1;sea;false;ocean;0
7042;32;51;6;sea;false;ocean;0
7043;6;78;13;sea;true;ocean;0
7044;24;43;9;sea;true;ocean;0
7045;9;2;34;sea;true;ocean;0
7046;32;21;42;sea;false;ocean;0
7047;0;39;58;sea;true;ocean;0
7048;44;20;8;sea;true;ocean;0
7049;9;25;29;sea;false;ocean;0
7050;43;17;19;sea;false;ocean;0
7051;0;12;5;sea;false;ocean;0
7052;15;50;2;sea;true;ocean;0
7053;6;16;55;sea;true;ocean;0
7054;10;25;47;sea;false;ocean;0
7055;69;21;3;sea;false;ocean;0
7056;42;1;10;sea;false;ocean;0
7057;76;3;18;sea;false;ocean;0
7058;84;8;7;sea;false;ocean;0
7059;15;50;6;sea;false;ocean;0
7060;51;12;31;sea;false;ocean;0
7061;2;47;29;sea;false;ocean;0
7062;49;42;8;sea;false;ocean;0
7063;12;59;2;sea;false;ocean;0
7064;13;11;47;sea;false;ocean;0
7065;22;57;3;sea;true;ocean;0
7066;22;7;61;sea;true;ocean;0
7067;28;17;53;sea;false;ocean;0
7068;47;38;1;sea;false;ocean;0
7069;68;2;23;sea;true;ocean;0
7070;12;34;26;sea;false;ocean;0
7071;14;25;17;sea;false;ocean;0
7072;18;51;25;sea;false;ocean;0
7073;29;19;30;sea;false;ocean;0
7074;63;10;24;sea;true;ocean;0
7075;32;10;26;sea;false;ocean;0
7076;4;18;64;sea;false;ocean;0
7077;1;54;5;sea;false;ocean;0
7078;10;20;67;sea;false;ocean;0
7079;41;12;42;sea;true;ocean;0
7080;27;20;12;sea;true;ocean;0
7081;14;9;39;sea;false;ocean;0
7082;51;5;0;sea;true;ocean;0
7083;2;4;30;sea;true;ocean;0
7084;20;30;12;sea;true;ocean;0
7085;44;18;2;sea;false;ocean;0
7086;2;67;17;sea;true;ocean;0
7087;61;7;13;sea;false;ocean;0
7088;39;38;20;sea;false;ocean;0
7089;26;0;14;sea;false;ocean;0
7090;0;40;21;sea;false;ocean;0
7091;10;16;21;sea;false;ocean;0
7092;2;70;17;sea;false;ocean;0
7093;41;15;0;sea;false;ocean;0
7094;7;28;15;sea;false;ocean;0
7095;8;25;16;sea;true;ocean;0
7096;48;1;31;sea;true;ocean;0
7097;5;0;85;sea;false;ocean;0
7098;13;38;19;sea;false;ocean;0
7099;17;12;15;sea;false;ocean;0
7100;31;32;17;sea;false;ocean;0
7101;39;0;35;sea;false;ocean;0
7102;8;57;9;sea;false;ocean;0
7103;1;60;36;sea;false;ocean;0
7104;18;59;4;sea;false;ocean;0
7105;34;3;26;sea;true;ocean;0
7106;6;29;5;sea;false;ocean;0
7107;2;34;43;sea;false;ocean;0
7108;4;2;13;sea;false;ocean;0
7109;24;12;8;sea;true;ocean;0
7110;6;30;36;sea;false;ocean;0
7111;0;4;42;sea;false;ocean;0
7112;2;26;4;sea;false;ocean;0
7113;9;33;2;sea;false;ocean;0
7114;29;18;0;sea;false;ocean;0
7115;13;3;53;sea;false;ocean;0
7116;36;23;11;sea;false;ocean;0
7117;16;36;28;sea;true;ocean;0
7118;12;2;72;sea;false;ocean;0
7119;59;10;17;sea;false;ocean;0
7120;5;31;30;sea;false;ocean;0
7121;21;68;2;sea;true;ocean;0
7122;0;8;70;sea;true;ocean;0
7123;40;5;2;sea;false;ocean;0
7124;20;47;26;sea;false;ocean;0
7125;4;8;10;sea;false;ocean;0
7126;48;26;23;sea;false;ocean;0
7127;12;33;39;sea;false;ocean;0
7128;8;52;10;sea;false;ocean;0
7129;9;0;11;sea;false;ocean;0
7130;2;22;15;sea;false;ocean;0
7131;8;57;23;sea;true;ocean;0
7132;1;51;46;sea;true;ocean;0
7133;53;42;3;sea;false;ocean;0
7134;11;17;69;sea;false;ocean;0
7135;0;20;37;sea;false;ocean;0
7136;54;13;0;sea;false;ocean;0
7137;13;14;34;sea;false;ocean;0
7138;72;4;11;sea;false;ocean;0
7139;42;26;30;sea;false;ocean;0
7140;13;17;24;sea;true;ocean;0
7141;14;5;19;sea;true;ocean;0
7142;14;57;24;sea;true;ocean;0
7143;38;34;12;sea;false;ocean;0
7144;55;2;16;sea;false;ocean;0
7145;9;28;2;sea;true;ocean;0
7146;11;7;79;sea;false;ocean;0
7147;11;26;12;sea;true;ocean;0
7148;17;13;15;sea;false;ocean;0
7149;2;36;4;sea;true;ocean;0
7150;20;26;18;sea;false;ocean;0
7151;26;25;16;sea;true;ocean;0
7152;21;68;5;sea;false;ocean;0
7153;2;59;11;sea;false;ocean;0
7154;62;9;5;sea;false;ocean;0
7155;24;20;28;sea;true;ocean;0
7156;9;39;31;sea;false;ocean;0
7157;13;37;16;sea;false;ocean;0
7158;1;37;15;sea;true;ocean;0
7159;52;17;26;sea;false;ocean;0
7160;46;0;26;sea;false;ocean;0
7161;17;10;9;sea;false;ocean;0
7162;13;16;38;sea;false;ocean;0
7163;7;11;57;sea;false;ocean;0
7164;47;9;26;sea;false;ocean;0
7165;10;47;17;sea;false;ocean;0
7166;45;11;25;sea;false;ocean;0
7167;70;10;8;sea;false;ocean;0
7168;13;17;25;sea;false;ocean;0
7169;51;42;6;sea;false;ocean;0
7170;10;24;22;sea;false;ocean;0
7171;29;29;21;sea;false;ocean;0
7172;25;10;63;sea;false;ocean;0
7173;19;35;1;sea;false;ocean;0
7174;28;2;40;sea;false;ocean;0
7175;4;18;7;sea;true;ocean;0
7176;53;11;19;sea;false;ocean;0
7177;55;2;26;sea;true;ocean;0
7178;16;24;23;sea;true;ocean;0
7179;7;53;6;sea;true;ocean;0
7180;34;33;20;sea;true;ocean;0
7181;10;11;38;sea;false;ocean;0
7182;9;75;4;sea;false;ocean;0
7183;21;6;24;sea;false;ocean;0
7184;6;54;21;sea;false;ocean;0
7185;6;55;37;sea;true;ocean;0
7186;31;35;26;sea;false;ocean;0
7187;20;32;24;sea;false;ocean;0
7188;39;7;25;sea;false;ocean;0
7189;0;67;24;sea;false;ocean;0
7190;8;32;40;sea;true;ocean;0
7191;7;21;22;sea;false;ocean;0
7192;7;49;41;sea;false;ocean;0
7193;4;72;5;sea;false;ocean;0
7194;16;77;1;sea;false;ocean;0
7195;15;35;22;sea;false;ocean;0
7196;11;6;16;sea;true;ocean;0
7197;27;58;1;sea;false;ocean;0
7198;59;21;3;sea;false;ocean;0
7199;12;37;50;sea;false;ocean;0
7200;9;0;59;sea;true;ocean;0
7201;19;73;2;sea;false;ocean;0
7202;10;4;12;sea;false;ocean;0
7203;13;57;0;sea;false;ocean;0
7204;42;11;16;sea;true;ocean;0
7205;3;5;28;sea;false;ocean;0
7206;32;7;45;sea;false;ocean;0
7207;39;0;4;sea;false;ocean;0
7208;36;17;29;sea;false;ocean;0
7209;17;0;2;sea;true;ocean;0
7210;58;6;17;sea;false;ocean;0
7211;6;8;61;sea;true;ocean;0
7212;28;16;29;sea;false;ocean;0
7213;11;0;31;sea;true;ocean;0
7214;41;31;21;sea;false;ocean;0
7215;20;2;44;sea;true;ocean;0
7216;51;22;6;sea;false;ocean;0
7217;60;9;28;sea;true;ocean;0
7218;30;47;17;sea;true;ocean;0
7219;34;30;0;sea;false;ocean;0
7220;27;55;8;sea;true;ocean;0
7221;2;3;9;sea;false;ocean;0
7222;29;16;29;sea;false;ocean;0
7223;11;23;58;sea;false;ocean;0
7224;1;19;65;sea;true;ocean;0
7225;33;1;51;sea;true;ocean;0
7226;19;43;36;sea;false;ocean;0
7227;7;47;29;sea;false;ocean;0
7228;47;1;27;sea;true;ocean;0
7229;16;20;58;sea;true;ocean;0
7230;37;9;38;sea;false;ocean;0
7231;21;52;1;sea;false;ocean;0
7232;42;24;24;sea;false;ocean;0
7233;37;7;39;sea;false;ocean;0
7234;40;0;31;sea;true;ocean;0
7235;40;44;4;sea;false;ocean;0
7236;3;4;50;sea;false;ocean;0
7237;31;9;21;sea;false;ocean;0
7238;83;5;1;sea;false;ocean;0
7239;27;41;24;sea;false;ocean;0
7240;44;16;5;sea;true;ocean;0
7241;55;2;24;sea;true;ocean;0
7242;44;43;2;sea;false;ocean;0
7243;0;24;71;sea;false;ocean;0
7244;30;11;13;sea;false;ocean;0
7245;16;52;25;sea;false;ocean;0
7246;1;45;51;sea;false;ocean;0
7247;20;18;24;sea;false;ocean;0
7248;8;19;22;sea;false;ocean;0
7249;52;36;8;sea;false;ocean;0
7250;25;18;53;sea;false;ocean;0
7251;9;28;18;sea;false;ocean;0
7252;36;0;21;sea;false;ocean;0
7253;45;19;20;sea;false;ocean;0
7254;12;50;37;sea;true;ocean;0
7255;8;68;10;sea;true;ocean;0
7256;40;1;33;sea;false;ocean;0
7257;32;3;41;sea;false;ocean;0
7258;11;21;66;sea;true;ocean;0
7259;14;5;5;sea;false;ocean;0
7260;5;3;49;sea;false;ocean;0
7261;77;2;5;sea;false;ocean;0
7262;10;6;62;sea;false;ocean;0
7263;2;48;12;sea;true;ocean;0
7264;31;32;25;sea;true;ocean;0
7265;28;3;36;sea;false;ocean;0
7266;11;46;16;sea;false;ocean;0
7267;9;27;40;sea;false;ocean;0
7268;20;7;27;sea;true;ocean;0
7269;4;42;45;sea;false;ocean;0
7270;9;37;29;sea;false;ocean;0
7271;2;11;4;sea;true;ocean;0
7272;29;22;13;sea;false;ocean;0
7273;19;5;14;sea;false;ocean;0
7274;9;24;4;sea;true;ocean;0
7275;62;17;20;sea;false;ocean;0
7276;2;28;12;sea;false;ocean;0
7277;41;22;36;sea;true;ocean;0
7278;32;27;27;sea;true;ocean;0
7279;49;7;11;sea;true;ocean;0
7280;18;20;24;sea;true;ocean;0
7281;67;11;9;sea;false;ocean;0
7282;73;17;6;sea;true;ocean;0
7283;17;54;6;sea;true;ocean;0
7284;7;15;17;sea;false;ocean;0
7285;31;10;5;sea;true;ocean;0
7286;19;22;44;sea;true;ocean;0
7287;1;13;75;sea;false;ocean;0
7288;56;23;0;sea;false;ocean;0
7289;38;0;28;sea;false;ocean;0
7290;37;4;6;sea;false;ocean;0
7291;20;34;30;sea;false;ocean;0
7292;6;53;2;sea;false;ocean;0
7293;10;30;18;sea;true;ocean;0
7294;15;8;48;sea;false;ocean;0
7295;42;15;33;sea;false;ocean;0
7296;14;4;46;sea;false;ocean;0
7297;45;32;21;sea;true;ocean;0
7298;21;25;16;sea;false;ocean;0
7299;25;5;67;sea;true;ocean;0
7300;13;34;16;sea;true;ocean;0
7301;48;22;21;sea;false;ocean;0
7302;18;12;7;sea;false;ocean;0
7303;1;16;31;sea;false;ocean;0
7304;23;40;0;sea;false;ocean;0
7305;15;13;42;sea;true;ocean;0
7306;27;1;26;sea;false;ocean;0
7307;26;18;29;sea;false;ocean;0
7308;10;18;24;sea;false;ocean;0
7309;32;38;11;sea;true;ocean;0
7310;49;46;1;sea;true;ocean;0
7311;29;30;28;sea;false;ocean;0
7312;3;54;19;sea;false;ocean;0
7313;22;12;10;sea;false;ocean;0
7314;18;11;16;sea;false;ocean;0
7315;17;47;21;sea;false;ocean;0
7316;12;43;32;sea;false;ocean;0
7317;27;0;12;sea;false;ocean;0
7318;32;6;44;sea;false;ocean;0
7319;1;6;54;sea;false;ocean;0
7320;36;45;15;sea;false;ocean;0
7321;0;53;8;sea;true;ocean;0
7322;16;20;24;sea;true;ocean;0
7323;56;5;35;sea;true;ocean;0
7324;42;9;24;sea;false;ocean;0
7325;7;23;65;sea;false;ocean;0
7326;3;77;3;sea;false;ocean;0
7327;23;9;67;sea;false;ocean;0
7328;31;15;17;sea;false;ocean;0
7329;4;2;6;sea;false;ocean;0
7330;28;46;16;sea;false;ocean;0
7331;12;5;46;sea;false;ocean;0
7332;19;61;9;sea;false;ocean;0
7333;0;66;32;sea;false;ocean;0
7334;35;18;28;sea;false;ocean;0
7335;33;54;9;sea;false;ocean;0
7336;31;8;6;sea;true;ocean;0
7337;2;74;21;sea;false;ocean;0
7338;34;54;10;sea;false;ocean;0
7339;26;29;25;sea;false;ocean;0
7340;22;26;36;sea;false;ocean;0
7341;63;9;16;sea;true;ocean;0
7342;48;18;7;sea;false;ocean;0
7343;14;18;7;sea;false;ocean;0
7344;0;60;10;sea;false;ocean;0
7345;2;19;35;sea;false;ocean;0
7346;36;7;5;sea;false;ocean;0
7347;17;18;14;sea;false;ocean;0
7348;12;21;62;sea;false;ocean;0
7349;8;25;26;sea;false;ocean;0
7350;25;8;19;sea;false;ocean;0
7351;35;2;49;sea;true;ocean;0
7352;4;57;14;sea;true;ocean;0
7353;76;6;10;sea;true;ocean;0
7354;25;33;7;sea;false;ocean;0
7355;20;67;12;sea;false;ocean;0
7356;58;0;4;sea;false;ocean;0
7357;13;16;21;sea;false;ocean;0
7358;0;88;11;sea;false;ocean;0
7359;1;16;9;sea;false;ocean;0
7360;4;29;24;sea;false;ocean;0
7361;13;47;18;sea;false;ocean;0
7362;19;37;32;sea;false;ocean;0
7363;33;25;32;sea;true;ocean;0
7364;24;22;5;sea;true;ocean;0
7365;11;53;29;sea;false;ocean;0
7366;12;28;58;sea;false;ocean;0
7367;25;22;46;sea;false;ocean;0
7368;26;35;30;sea;true;ocean;0
7369;28;20;9;sea;false;ocean;0
7370;1;41;38;sea;true;ocean;0
7371;10;45;13;sea;false;ocean;0
7372;35;26;1;sea;true;ocean;0
7373;39;0;33;sea;false;ocean;0
7374;30;28;40;sea;false;ocean;0
7375;38;3;44;sea;true;ocean;0
7376;10;9;53;sea;false;ocean;0
7377;39;7;39;sea;false;ocean;0
7378;26;19;51;sea;true;ocean;0
7379;56;19;20;sea;true;ocean;0
7380;19;16;24;sea;false;ocean;0
7381;7;13;2;sea;true;ocean;0
7382;45;14;12;sea;false;ocean;0
7383;36;18;29;sea;false;ocean;0
7384;71;7;9;sea;false;ocean;0
7385;39;17;31;sea;true;ocean;0
7386;22;11;28;sea;true;ocean;0
7387;78;20;0;sea;false;ocean;0
7388;3;34;43;sea;false;ocean;0
7389;81;3;6;sea;false;ocean;0
7390;7;46;15;sea;true;ocean;0
7391;65;14;7;sea;true;ocean;0
7392;78;1;8;sea;false;ocean;0
7393;17;79;0;sea;false;ocean;0
7394;20;24;34;sea;false;ocean;0
7395;20;40;23;sea;true;ocean;0
7396;43;26;3;sea;false;ocean;0
7397;13;42;16;sea;false;ocean;0
7398;53;9;10;sea;true;ocean;0
7399;50;32;12;sea;false;ocean;0
7400;30;6;36;sea;false;ocean;0
7401;6;2;52;sea;true;ocean;0
7402;13;2;14;sea;false;ocean;0
7403;11;13;72;sea;true;ocean;0
7404;7;50;28;sea;true;ocean;0
7405;4;41;8;sea;false;ocean;0
7406;19;56;6;sea;false;ocean;0
7407;3;39;20;sea;false;ocean;0
7408;18;31;43;sea;false;ocean;0
7409;47;5;45;sea;false;ocean;0
7410;24;28;22;sea;false;ocean;0
7411;13;2;81;sea;false;ocean;0
7412;33;30;4;sea;false;ocean;0
7413;3;27;43;sea;true;ocean;0
7414;7;55;14;sea;true;ocean;0
7415;0;29;10;sea;false;ocean;0
7416;15;17;4;sea;false;ocean;0
7417;36;28;8;sea;false;ocean;0
7418;18;11;57;sea;false;ocean;0
7419;4;17;46;sea;false;ocean;0
7420;11;68;18;sea;true;ocean;0
7421;11;12;30;sea;true;ocean;0
7422;79;8;12;sea;false;ocean;0
7423;1;7;2;sea;false;ocean;0
7424;35;50;14;sea;true;ocean;0
7425;54;13;28;sea;false;ocean;0
7426;31;12;16;sea;false;ocean;0
7427;15;15;13;sea;true;ocean;0
7428;46;33;10;sea;false;ocean;0
7429;19;18;30;sea;false;ocean;0
7430;38;6;22;sea;false;ocean;0
7431;11;1;74;sea;true;ocean;0
7432;7;1;52;sea;true;ocean;0
7433;0;84;9;sea;false;ocean;0
7434;39;15;14;sea;false;ocean;0
7435;15;3;28;sea;false;ocean;0
7436;0;49;17;sea;true;ocean;0
7437;53;2;31;sea;false;ocean;0
7438;17;5;58;sea;true;ocean;0
7439;2;77;2;sea;false;ocean;0
7440;15;44;30;sea;false;ocean;0
7441;22;19;0;sea;false;ocean;0
7442;28;0;68;sea;true;ocean;0
7443;12;25;31;sea;false;ocean;0
7444;0;19;27;sea;false;ocean;0
7445;35;50;5;sea;false;ocean;0
7446;14;76;5;sea;false;ocean;0
7447;29;16;43;sea;false;ocean;0
7448;4;75;4;sea;true;ocean;0
7449;5;19;3;sea;false;ocean;0
7450;40;35;3;sea;false;ocean;0
7451;15;24;51;sea;true;ocean;0
7452;2;1;54;sea;false;ocean;0
7453;52;20;13;sea;false;ocean;0
7454;9;21;44;sea;false;ocean;0
7455;18;24;27;sea;false;ocean;0
7456;13;50;12;sea;true;ocean;0
7457;28;50;10;sea;false;ocean;0
7458;43;24;5;sea;false;ocean;0
7459;31;11;33;sea;false;ocean;0
7460;13;24;36;sea;false;ocean;0
7461;33;17;31;sea;false;ocean;0
7462;18;59;0;sea;false;ocean;0
7463;35;3;8;sea;false;ocean;0
7464;24;46;12;sea;true;ocean;0
7465;29;10;39;sea;false;ocean;0
7466;19;14;52;sea;true;ocean;0
7467;6;61;29;sea;false;ocean;0
7468;56;8;15;sea;false;ocean;0
7469;36;48;1;sea;true;ocean;0
7470;4;63;29;sea;false;ocean;0
7471;14;70;0;sea;false;ocean;0
7472;45;27;26;sea;true;ocean;0
7473;72;7;11;sea;false;ocean;0
7474;40;24;8;sea;true;ocean;0
7475;15;43;32;sea;true;ocean;0
7476;35;28;3;sea;true;ocean;0
7477;3;38;40;sea;false;ocean;0
7478;55;2;37;sea;true;ocean;0
7479;12;18;37;sea;false;ocean;0
7480;40;1;53;sea;false;ocean;0
7481;15;41;29;sea;false;ocean;0
7482;33;27;10;sea;false;ocean;0
7483;19;24;42;sea;false;ocean;0
7484;41;40;2;sea;false;ocean;0
7485;4;5;35;sea;true;ocean;0
7486;2;15;49;sea;false;ocean;0
7487;1;23;27;sea;false;ocean;0
7488;43;29;17;sea;false;ocean;0
7489;9;46;22;sea;false;ocean;0
7490;18;10;63;sea;true;ocean;0
7491;7;31;46;sea;true;ocean;0
7492;3;20;13;sea;false;ocean;0
7493;2;51;42;sea;true;ocean;0
7494;17;11;51;sea;false;ocean;0
7495;52;24;22;sea;false;ocean;0
7496;28;25;11;sea;true;ocean;0
7497;26;33;28;sea;true;ocean;0
7498;4;0;45;sea;false;ocean;0
7499;19;5;68;sea;true;ocean;0
7500;28;0;37;sea;false;ocean;0
7501;6;8;62;sea;false;ocean;0
7502;23;48;0;sea;false;ocean;0
7503;24;16;19;sea;true;ocean;0
7504;18;17;16;sea;false;ocean;0
7505;43;8;34;sea;true;ocean;0
7506;32;39;24;sea;false;ocean;0
7507;55;25;6;sea;false;ocean;0
7508;7;15;46;sea;false;ocean;0
7509;40;7;24;sea;false;ocean;0
7510;0;14;33;sea;false;ocean;0
7511;0;3;26;sea;false;ocean;0
7512;39;45;10;sea;false;ocean;0
7513;45;23;19;sea;false;ocean;0
7514;36;14;4;sea;false;ocean;0
7515;5;12;49;sea;true;ocean;0
7516;12;76;0;sea;false;ocean;0
7517;44;11;20;sea;false;ocean;0
7518;51;15;19;sea;false;ocean;0
7519;32;17;21;sea;true;ocean;0
7520;14;34;43;sea;false;ocean;0
7521;32;59;2;sea;false;ocean;0
7522;7;8;75;sea;false;ocean;0
7523;66;13;17;sea;false;ocean;0
7524;82;5;1;sea;false;ocean;0
7525;17;64;15;sea;false;ocean;0
7526;3;23;16;sea;false;ocean;0
7527;15;53;24;sea;false;ocean;0
7528;25;18;47;sea;false;ocean;0
7529;17;38;23;sea;false;ocean;0
7530;11;9;17;sea;false;ocean;0
7531;24;17;11;sea;false;ocean;0
7532;9;53;23;sea;true;ocean;0
7533;1;38;53;sea;false;ocean;0
7534;42;40;4;sea;false;ocean;0
7535;31;12;35;sea;false;ocean;0
7536;24;43;5;sea;false;ocean;0
7537;13;8;27;sea;false;ocean;0
7538;20;53;21;sea;true;ocean;0
7539;63;8;20;sea;true;ocean;0
7540;13;21;19;sea;true;ocean;0
7541;13;31;24;sea;true;ocean;0
7542;3;26;53;sea;true;ocean;0
7543;11;24;27;sea;true;ocean;0
7544;4;23;16;sea;true;ocean;0
7545;38;25;3;sea;false;ocean;0
7546;3;43;16;sea;true;ocean;0
7547;50;38;4;sea;false;ocean;0
7548;25;3;52;sea;true;ocean;0
7549;25;55;1;sea;true;ocean;0
7550;21;6;1;sea;false;ocean;0
7551;51;35;8;sea;false;ocean;0
7552;9;14;67;sea;false;ocean;0
7553;16;25;53;sea;true;ocean;0
7554;6;16;16;sea;false;ocean;0
7555;17;7;48;sea;false;ocean;0
7556;19;42;6;sea;true;ocean;0
7557;6;60;8;sea;true;ocean;0
7558;42;37;14;sea;false;ocean;0
7559;19;17;16;sea;true;ocean;0
7560;11;14;29;sea;false;ocean;0
7561;34;45;1;sea;false;ocean;0
7562;14;78;3;sea;false;ocean;0
7563;23;11;15;sea;false;ocean;0
7564;2;82;13;sea;true;ocean;0
7565;11;27;61;sea;false;ocean;0
7566;11;33;54;sea;false;ocean;0
7567;1;48;42;sea;false;ocean;0
7568;30;8;42;sea;true;ocean;0
7569;37;30;30;sea;true;ocean;0
7570;23;17;7;sea;true;ocean;0
7571;28;14;3;sea;false;ocean;0
7572;23;22;21;sea;false;ocean;0
7573;48;25;12;sea;false;ocean;0
7574;21;36;15;sea;true;ocean;0
7575;4;22;37;sea;false;ocean;0
7576;24;59;12;sea;true;ocean;0
7577;22;69;8;sea;true;ocean;0
7578;19;47;13;sea;false;ocean;0
7579;47;6;19;sea;false;ocean;0
7580;21;57;20;sea;false;ocean;0
7581;29;21;6;sea;false;ocean;0
7582;21;4;14;sea;true;ocean;0
7583;4;37;8;sea;false;ocean;0
7584;57;4;36;sea;false;ocean;0
7585;16;32;22;sea;false;ocean;0
7586;32;1;19;sea;false;ocean;0
7587;25;54;11;sea;true;ocean;0
7588;43;4;29;sea;true;ocean;0
7589;4;8;13;sea;true;ocean;0
7590;29;38;31;sea;false;ocean;0
7591;13;3;67;sea;false;ocean;0
7592;54;36;0;sea;true;ocean;0
7593;53;32;8;sea;false;ocean;0
7594;1;40;4;sea;false;ocean;0
7595;0;37;26;sea;false;ocean;0
7596;8;32;29;sea;false;ocean;0
7597;15;21;39;sea;false;ocean;0
7598;22;29;39;sea;false;ocean;0
7599;43;16;22;sea;false;ocean;0
7600;75;2;4;sea;true;ocean;0
7601;25;20;10;sea;false;ocean;0
7602;15;48;20;sea;true;ocean;0
7603;10;42;24;sea;true;ocean;0
7604;64;4;23;sea;false;ocean;0
7605;34;20;15;sea;false;ocean;0
7606;26;51;20;sea;false;ocean;0
7607;51;10;14;sea;false;ocean;0
7608;15;66;1;sea;false;ocean;0
7609;11;34;6;sea;false;ocean;0
7610;7;48;7;sea;false;ocean;0
7611;16;16;50;sea;false;ocean;0
7612;18;14;39;sea;true;ocean;0
7613;11;25;26;sea;false;ocean;0
7614;41;41;2;sea;true;ocean;0
7615;6;6;30;sea;false;ocean;0
7616;56;1;27;sea;false;ocean;0
7617;7;70;20;sea;false;ocean;0
7618;26;15;22;sea;true;ocean;0
7619;9;8;47;sea;false;ocean;0
7620;78;17;4;sea;false;ocean;0
7621;29;21;41;sea;false;ocean;0
7622;10;5;18;sea;false;ocean;0
7623;57;30;7;sea;false;ocean;0
7624;48;5;3;sea;false;ocean;0
7625;16;39;40;sea;false;ocean;0
7626;17;12;49;sea;false;ocean;0
7627;67;18;2;sea;false;ocean;0
7628;15;18;0;sea;false;ocean;0
7629;3;52;12;sea;false;ocean;0
7630;60;3;21;sea;true;ocean;0
7631;63;14;5;sea;true;ocean;0
7632;37;31;12;sea;false;ocean;0
7633;11;66;13;sea;true;ocean;0
7634;58;1;39;sea;false;ocean;0
7635;10;22;5;sea;false;ocean;0
7636;26;61;1;sea;true;ocean;0
7637;16;26;12;sea;false;ocean;0
7638;57;14;2;sea;true;ocean;0
7639;36;52;11;sea;true;ocean;0
7640;60;19;6;sea;false;ocean;0
7641;8;42;10;sea;true;ocean;0
7642;9;35;38;sea;true;ocean;0
7643;12;18;45;sea;false;ocean;0
7644;18;24;38;sea;true;ocean;0
7645;2;6;18;sea;false;ocean;0
7646;25;35;22;sea;true;ocean;0
7647;8;21;29;sea;false;ocean;0
7648;6;21;63;sea;false;ocean;0
7649;9;53;28;sea;true;ocean;0
7650;28;29;2;sea;true;ocean;0
7651;4;30;14;sea;false;ocean;0
7652;21;67;0;sea;false;ocean;0
7653;53;27;4;sea;true;ocean;0
7654;19;21;48;sea;false;ocean;0
7655;13;4;32;sea;true;ocean;0
7656;7;27;51;sea;true;ocean;0
7657;56;22;20;sea;true;ocean;0
7658;11;24;42;sea;false;ocean;0
7659;6;39;13;sea;false;ocean;0
7660;33;0;0;sea;true;ocean;0
7661;33;18;16;sea;false;ocean;0
7662;21;18;33;sea;false;ocean;0
7663;3;23;37;sea;false;ocean;0
7664;46;13;15;sea;false;ocean;0
7665;58;12;6;sea;false;ocean;0
7666;14;22;24;sea;true;ocean;0
7667;12;21;18;sea;false;ocean;0
7668;35;8;38;sea;true;ocean;0
7669;17;43;29;sea;false;ocean;0
7670;32;36;27;sea;false;ocean;0
7671;33;24;10;sea;false;ocean;0
7672;20;10;64;sea;true;ocean;0
7673;24;23;21;sea;false;ocean;0
7674;12;16;36;sea;false;ocean;0
7675;10;57;2;sea;false;ocean;0
7676;11;8;40;sea;true;ocean;0
7677;65;12;21;sea;true;ocean;0
7678;20;50;2;sea;true;ocean;0
7679;21;27;42;sea;false;ocean;0
7680;30;19;43;sea;true;ocean;0
7681;24;11;20;sea;false;ocean;0
7682;32;5;55;sea;true;ocean;0
7683;40;17;6;sea;true;ocean;0
7684;4;46;12;sea;false;ocean;0
7685;4;3;92;sea;true;ocean;0
7686;55;32;9;sea;true;ocean;0
7687;16;5;15;sea;true;ocean;0
7688;14;18;55;sea;true;ocean;0
7689;6;23;25;sea;false;ocean;0
7690;17;60;4;sea;false;ocean;0
7691;17;55;27;sea;false;ocean;0
7692;46;9;33;sea;false;ocean;0
7693;53;4;3;sea;false;ocean;0
7694;26;34;31;sea;false;ocean;0
7695;58;1;7;sea;false;ocean;0
7696;30;33;27;sea;false;ocean;0
7697;8;31;11;sea;false;ocean;0
7698;25;26;25;sea;true;ocean;0
7699;16;5;12;sea;true;ocean;0
7700;2;19;29;sea;false;ocean;0
7701;35;5;5;sea;true;ocean;0
7702;24;5;46;sea;true;ocean;0
7703;65;7;13;sea;true;ocean;0
7704;21;25;38;sea;true;ocean;0
7705;6;20;14;sea;false;ocean;0
7706;12;27;34;sea;false;ocean;0
7707;32;31;4;sea;false;ocean;0
7708;11;23;4;sea;true;ocean;0
7709;6;27;44;sea;true;ocean;0
7710;16;11;55;sea;false;ocean;0
7711;2;8;17;sea;false;ocean;0
7712;2;28;32;sea;true;ocean;0
7713;16;35;1;sea;false;ocean;0
7714;5;9;15;sea;false;ocean;0
7715;9;1;49;sea;false;ocean;0
7716;22;62;2;sea;false;ocean;0
7717;8;11;42;sea;false;ocean;0
7718;31;13;27;sea;false;ocean;0
7719;10;27;15;sea;false;ocean;0
7720;77;6;1;sea;true;ocean;0
7721;11;8;68;sea;false;ocean;0
7722;16;18;41;sea;true;ocean;0
7723;27;13;57;sea;false;ocean;0
7724;19;13;25;sea;false;ocean;0
7725;21;65;12;sea;true;ocean;0
7726;32;35;28;sea;false;ocean;0
7727;61;4;23;sea;true;ocean;0
7728;34;1;62;sea;true;ocean;0
7729;1;18;17;sea;true;ocean;0
7730;12;36;21;sea;false;ocean;0
7731;73;19;1;sea;false;ocean;0
7732;8;51;28;sea;true;ocean;0
7733;53;16;25;sea;false;ocean;0
7734;10;11;69;sea;false;ocean;0
7735;16;28;33;sea;false;ocean;0
7736;51;17;29;sea;true;ocean;0
7737;3;55;23;sea;false;ocean;0
7738;5;28;29;sea;false;ocean;0
7739;0;1;10;sea;true;ocean;0
7740;0;67;25;sea;true;ocean;0
7741;67;14;8;sea;false;ocean;0
7742;16;63;7;sea;false;ocean;0
7743;15;15;23;sea;false;ocean;0
7744;21;27;17;sea;false;ocean;0
7745;19;9;13;sea;true;ocean;0
7746;61;10;26;sea;false;ocean;0
7747;18;19;21;sea;true;ocean;0
7748;7;27;14;sea;false;ocean;0
7749;0;96;2;sea;true;ocean;0
7750;33;21;10;sea;false;ocean;0
7751;35;31;32;sea;false;ocean;0
7752;45;43;5;sea;true;ocean;0
7753;3;47;34;sea;false;ocean;0
7754;31;13;54;sea;true;ocean;0
7755;20;2;19;sea;false;ocean;0
7756;4;10;84;sea;true;ocean;0
7757;15;0;3;sea;false;ocean;0
7758;16;3;15;sea;false;ocean;0
7759;34;0;27;sea;false;ocean;0
7760;40;18;11;sea;false;ocean;0
7761;20;31;15;sea;false;ocean;0
7762;33;17;25;sea;true;ocean;0
7763;3;56;4;sea;false;ocean;0
7764;31;18;10;sea;true;ocean;0
7765;40;2;19;sea;false;ocean;0
7766;16;16;52;sea;true;ocean;0
7767;34;39;0;sea;true;ocean;0
7768;0;44;37;sea;false;ocean;0
7769;6;41;19;sea;true;ocean;0
7770;9;4;14;sea;true;ocean;0
7771;2;6;40;sea;false;ocean;0
7772;61;20;9;sea;false;ocean;0
7773;40;31;2;sea;true;ocean;0
7774;72;3;22;sea;false;ocean;0
7775;20;40;21;sea;true;ocean;0
7776;11;32;36;sea;true;ocean;0
7777;34;19;25;sea;false;ocean;0
7778;3;59;32;sea;true;ocean;0
7779;30;3;9;sea;false;ocean;0
7780;11;32;17;sea;false;ocean;0
7781;62;23;4;sea;false;ocean;0
7782;2;26;53;sea;true;ocean;0
7783;52;11;29;sea;true;ocean;0
7784;61;12;5;sea;true;ocean;0
7785;79;0;18;sea;false;ocean;0
7786;4;45;3;sea;false;ocean;0
7787;3;63;14;sea;true;ocean;0
7788;12;4;29;sea;false;ocean;0
7789;45;40;1;sea;true;ocean;0
7790;19;13;41;sea;true;ocean;0
7791;14;33;44;sea;true;ocean;0
7792;49;38;9;sea;true;ocean;0
7793;33;35;25;sea;true;ocean;0
7794;20;23;20;sea;true;ocean;0
7795;47;44;8;sea;true;ocean;0
7796;0;32;23;sea;false;ocean;0
7797;44;4;40;sea;true;ocean;0
7798;24;2;16;sea;true;ocean;0
7799;44;5;38;sea;false;ocean;0
7800;33;2;26;sea;true;ocean;0
7801;10;52;11;sea;false;ocean;0
7802;19;39;25;sea;false;ocean;0
7803;36;26;26;sea;true;ocean;0
7804;22;40;16;sea;false;ocean;0
7805;5;11;71;sea;false;ocean;0
7806;72;5;10;sea;false;ocean;0
7807;29;15;43;sea;false;ocean;0
7808;39;6;30;sea;false;ocean;0
7809;1;15;15;sea;true;ocean;0
7810;80;8;10;sea;false;ocean;0
7811;3;41;6;sea;true;ocean;0
7812;45;4;40;sea;false;ocean;0
7813;10;28;3;sea;true;ocean;0
7814;5;39;51;sea;false;ocean;0
7815;45;1;50;sea;true;ocean;0
7816;51;33;5;sea;true;ocean;0
7817;49;28;12;sea;false;ocean;0
7818;6;32;53;sea;false;ocean;0
7819;14;8;34;sea;false;ocean;0
7820;24;30;12;sea;true;ocean;0
7821;7;16;69;sea;false;ocean;0
7822;23;13;43;sea;true;ocean;0
7823;14;16;15;sea;true;ocean;0
7824;0;18;38;sea;false;ocean;0
7825;29;22;34;sea;false;ocean;0
7826;11;30;52;sea;false;ocean;0
7827;6;10;4;sea;false;ocean;0
7828;3;27;45;sea;false;ocean;0
7829;68;2;15;sea;false;ocean;0
7830;32;18;25;sea;false;ocean;0
7831;3;63;3;sea;false;ocean;0
7832;42;46;6;sea;true;ocean;0
7833;56;0;32;sea;false;ocean;0
7834;58;4;6;sea;true;ocean;0
7835;9;44;7;sea;false;ocean;0
7836;30;7;33;sea;true;ocean;0
7837;0;8;65;sea;false;ocean;0
7838;38;42;8;sea;false;ocean;0
7839;7;9;79;sea;false;ocean;0
7840;39;3;32;sea;false;ocean;0
7841;6;20;67;sea;false;ocean;0
7842;28;48;3;sea;true;ocean;0
7843;36;11;8;sea;true;ocean;0
7844;25;65;4;sea;true;ocean;0
7845;7;38;33;sea;false;ocean;0
7846;14;53;4;sea;false;ocean;0
7847;44;8;9;sea;false;ocean;0
7848;12;43;15;sea;false;ocean;0
7849;84;4;5;sea;false;ocean;0
7850;14;18;38;sea;false;ocean;0
7851;32;50;2;sea;true;ocean;0
7852;27;18;24;sea;false;ocean;0
7853;20;43;10;sea;false;ocean;0
7854;15;38;13;sea;false;ocean;0
7855;22;40;7;sea;false;ocean;0
7856;14;41;15;sea;false;ocean;0
7857;2;28;1;sea;false;ocean;0
7858;5;32;1;sea;false;ocean;0
7859;36;18;23;sea;true;ocean;0
7860;3;71;6;sea;false;ocean;0
7861;10;72;8;sea;true;ocean;0
7862;14;26;40;sea;false;ocean;0
7863;48;44;5;sea;true;ocean;0
7864;46;47;5;sea;true;ocean;0
7865;3;20;59;sea;true;ocean;0
7866;55;2;36;sea;true;ocean;0
7867;18;18;38;sea;true;ocean;0
7868;37;1;48;sea;false;ocean;0
7869;29;20;23;sea;false;ocean;0
7870;9;18;59;sea;false;ocean;0
7871;27;28;2;sea;false;ocean;0
7872;18;38;42;sea;true;ocean;0
7873;7;21;46;sea;false;ocean;0
7874;58;17;22;sea;false;ocean;0
7875;4;34;8;sea;false;ocean;0
7876;59;3;10;sea;true;ocean;0
7877;5;45;10;sea;true;ocean;0
7878;44;35;8;sea;false;ocean;0
7879;14;9;20;sea;false;ocean;0
7880;35;25;34;sea;false;ocean;0
7881;33;17;1;sea;false;ocean;0
7882;15;15;48;sea;false;ocean;0
7883;8;40;37;sea;true;ocean;0
7884;17;65;2;sea;false;ocean;0
7885;2;2;21;sea;true;ocean;0
7886;14;32;12;sea;false;ocean;0
7887;34;28;21;sea;false;ocean;0
7888;21;37;7;sea;false;ocean;0
7889;50;17;11;sea;true;ocean;0
7890;29;28;17;sea;false;ocean;0
7891;44;14;2;sea;false;ocean;0
7892;14;16;20;sea;false;ocean;0
7893;29;19;49;sea;false;ocean;0
7894;27;59;0;sea;true;ocean;0
7895;32;49;2;sea;true;ocean;0
7896;35;41;21;sea;false;ocean;0
7897;2;33;13;sea;true;ocean;0
7898;28;9;22;sea;true;ocean;0
7899;63;5;14;sea;true;ocean;0
7900;1;21;17;sea;false;ocean;0
7901;21;7;41;sea;false;ocean;0
7902;6;76;1;sea;false;ocean;0
7903;28;58;7;sea;false;ocean;0
7904;0;32;64;sea;true;ocean;0
7905;21;20;50;sea;true;ocean;0
7906;62;12;7;sea;true;ocean;0
7907;79;8;6;sea;false;ocean;0
7908;15;62;12;sea;true;ocean;0
7909;57;3;4;sea;false;ocean;0
7910;13;26;2;sea;false;ocean;0
7911;51;20;28;sea;false;ocean;0
7912;56;18;10;sea;true;ocean;0
7913;4;30;30;sea;true;ocean;0
7914;6;8;22;sea;true;ocean;0
7915;23;28;16;sea;true;ocean;0
7916;4;17;65;sea;false;ocean;0
7917;9;79;8;sea;false;ocean;0
7918;68;2;2;sea;true;ocean;0
7919;7;45;39;sea;false;ocean;0
7920;30;17;25;sea;true;ocean;0
7921;49;23;0;sea;false;ocean;0
7922;42;36;10;sea;false;ocean;0
7923;17;19;34;sea;false;ocean;0
7924;28;25;7;sea;false;ocean;0
7925;44;18;1;sea;false;ocean;0
7926;46;23;25;sea;false;ocean;0
7927;55;1;21;sea;false;ocean;0
7928;0;26;9;sea;false;ocean;0
7929;25;20;16;sea;true;ocean;0
7930;46;8;15;sea;false;ocean;0
7931;2;1;88;sea;true;ocean;0
7932;34;3;35;sea;false;ocean;0
7933;47;34;18;sea;false;ocean;0
7934;55;1;1;sea;false;ocean;0
7935;26;10;21;sea;false;ocean;0
7936;23;34;42;sea;true;ocean;0
7937;10;33;56;sea;true;ocean;0
7938;4;76;11;sea;false;ocean;0
7939;17;15;2;sea;false;ocean;0
7940;79;5;4;sea;false;ocean;0
7941;20;64;8;sea;false;ocean;0
7942;7;6;74;sea;false;ocean;0
7943;55;34;3;sea;false;ocean;0
7944;10;28;49;sea;false;ocean;0
7945;42;14;38;sea;true;ocean;0
7946;55;26;0;sea;false;ocean;0
7947;21;63;4;sea;true;ocean;0
7948;14;1;42;sea;true;ocean;0
7949;66;7;25;sea;false;ocean;0
7950;5;4;75;sea;true;ocean;0
7951;41;3;26;sea;true;ocean;0
7952;12;26;25;sea;false;ocean;0
7953;7;11;69;sea;false;ocean;0
7954;17;18;17;sea;false;ocean;0
7955;57;20;8;sea;false;ocean;0
7956;36;54;4;sea;false;ocean;0
7957;57;23;6;sea;true;ocean;0
7958;36;50;3;sea;true;ocean;0
7959;29;44;6;sea;false;ocean;0
7960;13;16;4;sea;true;ocean;0
7961;18;11;52;sea;true;ocean;0
7962;6;9;79;sea;false;ocean;0
7963;34;13;10;sea;true;ocean;0
7964;0;19;63;sea;false;ocean;0
7965;33;32;17;sea;false;ocean;0
7966;12;44;16;sea;true;ocean;0
7967;35;16;27;sea;false;ocean;0
7968;16;10;5;sea;true;ocean;0
7969;32;1;3;sea;false;ocean;0
7970;6;58;17;sea;true;ocean;0
7971;23;36;34;sea;false;ocean;0
7972;13;5;52;sea;false;ocean;0
7973;0;43;13;sea;false;ocean;0
7974;16;43;25;sea;false;ocean;0
7975;53;28;11;sea;false;ocean;0
7976;2;39;57;sea;true;ocean;0
7977;4;46;3;sea;false;ocean;0
7978;48;4;1;sea;true;ocean;0
7979;43;11;19;sea;false;ocean;0
7980;5;11;27;sea;true;ocean;0
7981;13;12;48;sea;true;ocean;0
7982;4;62;23;sea;false;ocean;0
7983;2;79;17;sea;false;ocean;0
7984;38;16;5;sea;false;ocean;0
7985;6;54;19;sea;false;ocean;0
7986;23;25;8;sea;false;ocean;0
7987;36;21;20;sea;true;ocean;0
7988;8;63;9;sea;true;ocean;0
7989;25;1;67;sea;false;ocean;0
7990;25;46;9;sea;false;ocean;0
7991;6;31;16;sea;false;ocean;0
7992;20;33;42;sea;false;ocean;0
7993;5;51;34;sea;false;ocean;0
7994;31;41;20;sea;true;ocean;0
7995;49;17;0;sea;true;ocean;0
7996;6;4;69;sea;true;ocean;0
7997;60;11;10;sea;false;ocean;0
7998;74;3;20;sea;false;ocean;0
7999;27;50;1;sea;false;ocean;0
8000;10;57;1;sea;false;ocean;0
8001;0;20;3;sea;false;ocean;0
8002;62;20;5;sea;true;ocean;0
8003;50;1;30;sea;false;ocean;0
8004;66;5;10;sea;true;ocean;0
8005;46;9;28;sea;true;ocean;0
8006;1;5;82;sea;true;ocean;0
8007;22;6;33;sea;false;ocean;0
8008;28;67;1;sea;false;ocean;0
8009;50;28;5;sea;true;ocean;0
8010;22;23;40;sea;false;ocean;0
8011;13;29;40;sea;true;ocean;0
8012;3;70;10;sea;false;ocean;0
8013;1;42;52;sea;false;ocean;0
8014;38;19;17;sea;false;ocean;0
8015;30;36;3;sea;true;ocean;0
8016;15;9;54;sea;false;ocean;0
8017;22;1;27;sea;false;ocean;0
8018;29;23;25;sea;true;ocean;0
8019;38;6;8;sea;false;ocean;0
8020;1;18;68;sea;true;ocean;0
8021;20;39;32;sea;false;ocean;0
8022;72;3;11;sea;true;ocean;0
8023;1;46;34;sea;false;ocean;0
8024;1;18;2;sea;false;ocean;0
8025;25;36;26;sea;false;ocean;0
8026;3;6;81;sea;false;ocean;0
8027;44;20;20;sea;false;ocean;0
8028;35;4;19;sea;false;ocean;0
8029;47;39;12;sea;false;ocean;0
8030;20;30;11;sea;false;ocean;0
8031;3;3;5;sea;false;ocean;0
8032;49;3;37;sea;true;ocean;0
8033;27;15;39;sea;false;ocean;0
8034;0;22;34;sea;false;ocean;0
8035;8;66;15;sea;false;ocean;0
8036;8;40;12;sea;false;ocean;0
8037;18;3;11;sea;false;ocean;0
8038;25;26;42;sea;true;ocean;0
8039;29;26;2;sea;true;ocean;0
8040;42;11;34;sea;false;ocean;0
8041;44;1;17;sea;true;ocean;0
8042;60;25;5;sea;false;ocean;0
8043;9;13;18;sea;false;ocean;0
8044;29;21;43;sea;true;ocean;0
8045;43;0;29;sea;true;ocean;0
8046;49;3;34;sea;true;ocean;0
8047;64;29;0;sea;true;ocean;0
8048;10;2;40;sea;false;ocean;0
8049;41;2;21;sea;false;ocean;0
8050;5;0;53;sea;true;ocean;0
8051;37;27;24;sea;false;ocean;0
8052;13;14;70;sea;false;ocean;0
8053;24;25;46;sea;false;ocean;0
8054;3;36;23;sea;true;ocean;0
8055;12;30;48;sea;false;ocean;0
8056;55;0;6;sea;true;ocean;0
8057;20;1;29;sea;true;ocean;0
8058;2;66;20;sea;false;ocean;0
8059;6;8;63;sea;false;ocean;0
8060;15;2;6;sea;true;ocean;0
8061;0;45;29;sea;true;ocean;0
8062;45;7;37;sea;true;ocean;0
8063;16;3;31;sea;false;ocean;0
8064;32;15;2;sea;true;ocean;0
8065;24;8;32;sea;false;ocean;0
8066;2;11;83;sea;true;ocean;0
8067;29;4;21;sea;false;ocean;0
8068;36;38;23;sea;true;ocean;0
8069;15;29;48;sea;false;ocean;0
8070;4;57;24;sea;true;ocean;0
8071;0;70;12;sea;false;ocean;0
8072;12;43;27;sea;true;ocean;0
8073;75;18;3;sea;false;ocean;0
8074;50;7;1;sea;false;ocean;0
8075;1;37;42;sea;true;ocean;0
8076;43;29;25;sea;true;ocean;0
8077;57;9;11;sea;false;ocean;0
8078;26;30;29;sea;false;ocean;0
8079;22;27;17;sea;false;ocean;0
8080;13;16;47;sea;false;ocean;0
8081;29;30;34;sea;true;ocean;0
8082;25;38;24;sea;false;ocean;0
8083;6;37;28;sea;false;ocean;0
8084;37;49;4;sea;true;ocean;0
8085;3;52;35;sea;false;ocean;0
8086;22;11;47;sea;false;ocean;0
8087;3;11;74;sea;true;ocean;0
8088;30;20;10;sea;false;ocean;0
8089;23;62;6;sea;false;ocean;0
8090;3;54;10;sea;false;ocean;0
8091;5;19;57;sea;true;ocean;0
8092;48;21;3;sea;true;ocean;0
8093;14;3;53;sea;true;ocean;0
8094;4;23;71;sea;false;ocean;0
8095;30;13;12;sea;false;ocean;0
8096;11;6;68;sea;false;ocean;0
8097;74;1;3;sea;true;ocean;0
8098;61;15;1;sea;false;ocean;0
8099;20;7;31;sea;true;ocean;0
8100;15;69;5;sea;true;ocean;0
8101;4;2;21;sea;true;ocean;0
8102;13;69;5;sea;true;ocean;0
8103;31;2;19;sea;false;ocean;0
8104;56;27;3;sea;true;ocean;0
8105;11;23;59;sea;true;ocean;0
8106;6;47;9;sea;true;ocean;0
8107;21;15;22;sea;false;ocean;0
8108;16;0;58;sea;true;ocean;0
8109;10;71;18;sea;false;ocean;0
8110;34;28;35;sea;true;ocean;0
8111;11;4;58;sea;true;ocean;0
8112;10;24;41;sea;false;ocean;0
8113;38;39;19;sea;false;ocean;0
8114;12;24;16;sea;false;ocean;0
8115;19;29;0;sea;false;ocean;0
8116;52;25;10;sea;false;ocean;0
8117;22;7;45;sea;false;ocean;0
8118;58;23;12;sea;false;ocean;0
8119;7;37;17;sea;false;ocean;0
8120;29;5;62;sea;true;ocean;0
8121;7;0;52;sea;false;ocean;0
8122;23;13;34;sea;true;ocean;0
8123;12;30;11;sea;false;ocean;0
8124;23;20;10;sea;false;ocean;0
8125;17;26;49;sea;false;ocean;0
8126;34;51;8;sea;false;ocean;0
8127;57;12;14;sea;true;ocean;0
8128;16;22;59;sea;true;ocean;0
8129;16;50;5;sea;false;ocean;0
8130;9;3;43;sea;false;ocean;0
8131;51;34;1;sea;true;ocean;0
8132;18;35;28;sea;false;ocean;0
8133;0;33;38;sea;false;ocean;0
8134;68;5;2;sea;false;ocean;0
8135;14;6;52;sea;false;ocean;0
8136;42;13;15;sea;false;ocean;0
8137;19;4;21;sea;true;ocean;0
8138;44;17;14;sea;false;ocean;0
8139;34;27;24;sea;false;ocean;0
8140;19;8;31;sea;false;ocean;0
8141;50;10;4;sea;false;ocean;0
8142;38;30;9;sea;false;ocean;0
8143;8;4;86;sea;true;ocean;0
8144;14;2;14;sea;true;ocean;0
8145;25;52;15;sea;false;ocean;0
8146;65;9;20;sea;false;ocean;0
8147;10;59;20;sea;false;ocean;0
8148;9;38;22;sea;true;ocean;0
8149;2;26;69;sea;true;ocean;0
8150;35;10;51;sea;false;ocean;0
8151;28;37;16;sea;false;ocean;0
8152;12;36;36;sea;true;ocean;0
8153;5;66;2;sea;false;ocean;0
8154;2;4;76;sea;false;ocean;0
8155;18;25;52;sea;true;ocean;0
8156;48;12;19;sea;false;ocean;0
8157;11;50;22;sea;true;ocean;0
8158;8;39;39;sea;false;ocean;0
8159;18;52;23;sea;false;ocean;0
8160;13;9;77;sea;true;ocean;0
8161;26;10;49;sea;false;ocean;0
8162;20;37;37;sea;false;ocean;0
8163;20;10;25;sea;false;ocean;0
8164;3;70;25;sea;false;ocean;0
8165;17;18;16;sea;false;ocean;0
8166;29;59;7;sea;true;ocean;0
8167;27;28;0;sea;false;ocean;0
8168;52;6;40;sea;true;ocean;0
8169;20;31;47;sea;false;ocean;0
8170;18;32;8;sea;false;ocean;0
8171;46;15;10;sea;true;ocean;0
8172;25;0;12;sea;false;ocean;0
8173;28;35;31;sea;true;ocean;0
8174;15;8;29;sea;false;ocean;0
8175;8;39;51;sea;false;ocean;0
8176;39;45;0;sea;false;ocean;0
8177;7;13;47;sea;false;ocean;0
8178;11;10;74;sea;false;ocean;0
8179;29;19;19;sea;true;ocean;0
8180;14;50;14;sea;false;ocean;0
8181;53;32;11;sea;true;ocean;0
8182;43;10;37;sea;false;ocean;0
8183;17;32;45;sea;false;ocean;0
8184;52;5;34;sea;true;ocean;0
8185;4;50;17;sea;true;ocean;0
8186;1;12;35;sea;false;ocean;0
8187;5;13;1;sea;true;ocean;0
8188;8;12;40;sea;true;ocean;0
8189;25;7;65;sea;false;ocean;0
8190;55;10;31;sea;true;ocean;0
8191;7;22;64;sea;true;ocean;0
8192;54;19;10;sea;false;ocean;0
8193;12;11;8;sea;true;ocean;0
8194;1;47;37;sea;false;ocean;0
8195;5;81;12;sea;true;ocean;0
8196;20;10;31;sea;false;ocean;0
8197;4;26;47;sea;false;ocean;0
8198;25;33;1;sea;true;ocean;0
8199;19;27;38;sea;false;ocean;0
8200;21;34;9;sea;true;ocean;0
8201;38;33;20;sea;true;ocean;0
8202;1;45;26;sea;true;ocean;0
8203;3;80;5;sea;false;ocean;0
8204;50;6;24;sea;false;ocean;0
8205;20;42;30;sea;true;ocean;0
8206;10;23;60;sea;false;ocean;0
8207;27;23;45;sea;false;ocean;0
8208;22;24;33;sea;false;ocean;0
8209;48;9;21;sea;false;ocean;0
8210;2;27;39;sea;false;ocean;0
8211;15;64;14;sea;false;ocean;0
8212;1;8;87;sea;true;ocean;0
8213;67;21;4;sea;true;ocean;0
8214;43;33;11;sea;true;ocean;0
8215;43;3;8;sea;true;ocean;0
8216;7;38;1;sea;false;ocean;0
8217;4;5;60;sea;false;ocean;0
8218;49;17;32;sea;true;ocean;0
8219;33;0;46;sea;true;ocean;0
8220;35;8;22;sea;false;ocean;0
8221;13;51;29;sea;false;ocean;0
8222;51;16;24;sea;true;ocean;0
8223;3;16;45;sea;true;ocean;0
8224;51;18;22;sea;false;ocean;0
8225;14;24;15;sea;true;ocean;0
8226;12;3;79;sea;true;ocean;0
8227;6;44;48;sea;true;ocean;0
8228;16;61;4;sea;false;ocean;0
8229;64;13;0;sea;true;ocean;0
8230;36;20;29;sea;false;ocean;0
8231;18;45;32;sea;false;ocean;0
8232;34;48;1;sea;false;ocean;0
8233;40;59;0;sea;true;ocean;0
8234;26;29;1;sea;true;ocean;0
8235;5;7;19;sea;false;ocean;0
8236;0;42;33;sea;false;ocean;0
8237;42;7;18;sea;false;ocean;0
8238;35;11;51;sea;true;ocean;0
8239;53;8;2;sea;true;ocean;0
8240;3;60;2;sea;false;ocean;0
8241;2;1;44;sea;false;ocean;0
8242;21;18;10;sea;true;ocean;0
8243;4;19;69;sea;false;ocean;0
8244;0;64;30;sea;false;ocean;0
8245;7;36;41;sea;false;ocean;0
8246;74;13;3;sea;false;ocean;0
8247;5;31;14;sea;true;ocean;0
8248;18;35;26;sea;false;ocean;0
8249;10;1;63;sea;true;ocean;0
8250;52;23;9;sea;true;ocean;0
8251;22;35;35;sea;false;ocean;0
8252;9;21;63;sea;true;ocean;0
8253;1;19;61;sea;false;ocean;0
8254;25;11;30;sea;false;ocean;0
8255;1;25;25;sea;false;ocean;0
8256;37;17;4;sea;false;ocean;0
8257;10;33;20;sea;false;ocean;0
8258;52;3;21;sea;false;ocean;0
8259;9;43;26;sea;true;ocean;0
8260;40;10;25;sea;false;ocean;0
8261;21;41;10;sea;true;ocean;0
8262;11;68;8;sea;true;ocean;0
8263;18;5;41;sea;false;ocean;0
8264;12;8;64;sea;false;ocean;0
8265;15;5;61;sea;false;ocean;0
8266;65;5;19;sea;true;ocean;0
8267;39;26;16;sea;false;ocean;0
8268;68;7;15;sea;false;ocean;0
8269;43;38;5;sea;false;ocean;0
8270;37;40;14;sea;true;ocean;0
8271;13;41;14;sea;false;ocean;0
8272;4;13;5;sea;false;ocean;0
8273;8;57;25;sea;true;ocean;0
8274;25;15;8;sea;false;ocean;0
8275;1;5;86;sea;false;ocean;0
8276;30;11;31;sea;false;ocean;0
8277;9;7;66;sea;false;ocean;0
8278;45;11;10;sea;false;ocean;0
8279;45;25;6;sea;false;ocean;0
8280;22;41;22;sea;false;ocean;0
8281;28;7;20;sea;false;ocean;0
8282;22;22;23;sea;false;ocean;0
8283;57;8;20;sea;false;ocean;0
8284;15;25;38;sea;false;ocean;0
8285;7;3;40;sea;false;ocean;0
8286;77;5;2;sea;false;ocean;0
8287;52;4;25;sea;false;ocean;0
8288;5;23;23;sea;false;ocean;0
8289;64;21;7;sea;false;ocean;0
8290;7;18;36;sea;false;ocean;0
8291;3;27;31;sea;false;ocean;0
8292;5;68;1;sea;false;ocean;0
8293;22;36;7;sea;false;ocean;0
8294;19;55;6;sea;false;ocean;0
8295;62;21;3;sea;false;ocean;0
8296;73;6;4;sea;false;ocean;0
8297;21;36;10;sea;false;ocean;0
8298;14;52;31;sea;false;ocean;0
8299;19;40;31;sea;true;ocean;0
8300;48;20;5;sea;true;ocean;0
8301;5;9;44;sea;true;ocean;0
8302;13;21;14;sea;false;ocean;0
8303;12;2;82;sea;false;ocean;0
8304;12;2;65;sea;false;ocean;0
8305;41;13;42;sea;false;ocean;0
8306;18;10;65;sea;false;ocean;0
8307;27;4;65;sea;true;ocean;0
8308;10;69;3;sea;false;ocean;0
8309;37;3;18;sea;false;ocean;0
8310;31;47;14;sea;false;ocean;0
8311;13;31;6;sea;false;ocean;0
8312;70;3;16;sea;true;ocean;0
8313;19;9;55;sea;true;ocean;0
8314;23;6;59;sea;true;ocean;0
8315;17;19;29;sea;false;ocean;0
8316;21;47;1;sea;false;ocean;0
8317;21;15;44;sea;false;ocean;0
8318;4;46;41;sea;false;ocean;0
8319;62;0;17;sea;false;ocean;0
8320;44;53;1;sea;false;ocean;0
8321;8;18;7;sea;true;ocean;0
8322;53;4;1;sea;true;ocean;0
8323;18;17;37;sea;false;ocean;0
8324;38;2;57;sea;true;ocean;0
8325;31;30;22;sea;true;ocean;0
8326;12;47;28;sea;true;ocean;0
8327;35;12;20;sea;true;ocean;0
8328;38;10;8;sea;false;ocean;0
8329;0;13;78;sea;true;ocean;0
8330;13;40;42;sea;false;ocean;0
8331;42;16;10;sea;false;ocean;0
8332;29;11;6;sea;true;ocean;0
8333;5;60;4;sea;false;ocean;0
8334;22;6;24;sea;true;ocean;0
8335;8;78;4;sea;false;ocean;0
8336;16;43;10;sea;true;ocean;0
8337;6;53;1;sea;true;ocean;0
8338;11;27;51;sea;true;ocean;0
8339;46;22;28;sea;false;ocean;0
8340;12;5;77;sea;false;ocean;0
8341;21;4;72;sea;false;ocean;0
8342;21;9;64;sea;false;ocean;0
8343;40;10;37;sea;false;ocean;0
8344;33;24;40;sea;true;ocean;0
8345;0;38;54;sea;false;ocean;0
8346;38;45;13;sea;true;ocean;0
8347;8;0;13;sea;true;ocean;0
8348;6;50;39;sea;true;ocean;0
8349;41;24;33;sea;false;ocean;0
8350;49;22;24;sea;true;ocean;0
8351;44;9;34;sea;false;ocean;0
8352;56;4;11;sea;true;ocean;0
8353;30;22;20;sea;true;ocean;0
8354;8;42;15;sea;false;ocean;0
8355;13;1;52;sea;false;ocean;0
8356;20;61;7;sea;false;ocean;0
8357;42;11;17;sea;false;ocean;0
8358;73;10;2;sea;false;ocean;0
8359;36;11;32;sea;false;ocean;0
8360;81;14;4;sea;false;ocean;0
8361;38;38;14;sea;false;ocean;0
8362;26;0;45;sea;true;ocean;0
8363;34;42;14;sea;false;ocean;0
8364;3;3;73;sea;false;ocean;0
8365;23;4;20;sea;false;ocean;0
8366;13;29;26;sea;false;ocean;0
8367;43;14;27;sea;true;ocean;0
8368;16;5;27;sea;false;ocean;0
8369;11;68;0;sea;true;ocean;0
8370;15;1;25;sea;true;ocean;0
8371;38;55;6;sea;true;ocean;0
8372;37;22;9;sea;false;ocean;0
8373;8;3;60;sea;false;ocean;0
8374;2;62;1;sea;true;ocean;0
8375;4;52;31;sea;true;ocean;0
8376;0;5;18;sea;false;ocean;0
8377;9;55;22;sea;false;ocean;0
8378;9;12;5;sea;false;ocean;0
8379;18;47;4;sea;true;ocean;0
8380;14;15;54;sea;true;ocean;0
8381;65;26;1;sea;true;ocean;0
8382;20;32;4;sea;false;ocean;0
8383;3;33;6;sea;true;ocean;0
8384;46;18;11;sea;true;ocean;0
8385;1;13;0;sea;true;ocean;0
8386;22;32;10;sea;true;ocean;0
8387;36;55;1;sea;true;ocean;0
8388;10;56;19;sea;true;ocean;0
8389;21;46;15;sea;true;ocean;0
8390;20;6;69;sea;false;ocean;0
8391;55;6;28;sea;false;ocean;0
8392;30;18;49;sea;true;ocean;0
8393;10;33;14;sea;false;ocean;0
8394;8;46;43;sea;false;ocean;0
8395;2;28;3;sea;true;ocean;0
8396;8;10;77;sea;false;ocean;0
8397;7;30;48;sea;false;ocean;0
8398;2;53;18;sea;true;ocean;0
8399;23;13;62;sea;true;ocean;0
8400;52;0;32;sea;false;ocean;0
8401;36;12;3;sea;true;ocean;0
8402;25;3;66;sea;true;ocean;0
8403;41;2;40;sea;false;ocean;0
8404;32;35;9;sea;false;ocean;0
8405;11;12;3;sea;true;ocean;0
8406;8;76;5;sea;true;ocean;0
8407;14;69;7;sea;false;ocean;0
8408;23;18;23;sea;true;ocean;0
8409;16;35;26;sea;false;ocean;0
8410;57;9;13;sea;false;ocean;0
8411;27;6;38;sea;true;ocean;0
8412;22;48;14;sea;false;ocean;0
8413;5;4;47;sea;true;ocean;0
8414;19;39;8;sea;true;ocean;0
8415;5;22;39;sea;false;ocean;0
8416;0;84;5;sea;true;ocean;0
8417;17;9;14;sea;false;ocean;0
8418;20;14;47;sea;false;ocean;0
8419;3;43;5;sea;true;ocean;0
8420;29;2;34;sea;true;ocean;0
8421;8;26;3;sea;false;ocean;0
8422;17;14;53;sea;true;ocean;0
8423;25;35;35;sea;false;ocean;0
8424;9;22;25;sea;true;ocean;0
8425;13;5;18;sea;false;ocean;0
8426;70;9;7;sea;true;ocean;0
8427;5;11;76;sea;false;ocean;0
8428;29;27;26;sea;true;ocean;0
8429;6;26;34;sea;false;ocean;0
8430;62;9;12;sea;true;ocean;0
8431;87;0;1;sea;false;ocean;0
8432;39;5;0;sea;true;ocean;0
8433;15;28;40;sea;false;ocean;0
8434;77;12;3;sea;true;ocean;0
8435;31;4;24;sea;false;ocean;0
8436;33;26;19;sea;true;ocean;0
8437;0;45;54;sea;false;ocean;0
8438;9;70;15;sea;true;ocean;0
8439;2;51;5;sea;false;ocean;0
8440;5;5;52;sea;false;ocean;0
8441;24;25;43;sea;true;ocean;0
8442;13;0;33;sea;false;ocean;0
8443;32;9;28;sea;true;ocean;0
8444;14;8;16;sea;true;ocean;0
8445;17;9;27;sea;true;ocean;0
8446;17;30;35;sea;true;ocean;0
8447;7;45;12;sea;false;ocean;0
8448;17;18;25;sea;true;ocean;0
8449;9;34;50;sea;true;ocean;0
8450;55;23;7;sea;true;ocean;0
8451;4;19;19;sea;true;ocean;0
8452;26;14;33;sea;true;ocean;0
8453;27;44;12;sea;false;ocean;0
8454;3;59;11;sea;true;ocean;0
8455;36;18;40;sea;true;ocean;0
8456;54;9;32;sea;true;ocean;0
8457;15;50;0;sea;false;ocean;0
8458;15;37;22;sea;true;ocean;0
8459;10;54;16;sea;true;ocean;0
8460;2;33;51;sea;false;ocean;0
8461;7;31;0;sea;true;ocean;0
8462;72;4;10;sea;false;ocean;0
8463;47;19;10;sea;false;ocean;0
8464;4;35;30;sea;true;ocean;0
8465;16;38;42;sea;true;ocean;0
8466;5;1;36;sea;true;ocean;0
8467;18;3;2;sea;true;ocean;0
8468;28;8;24;sea;false;ocean;0
8469;25;2;23;sea;true;ocean;0
8470;1;3;2;sea;true;ocean;0
8471;31;28;17;sea;false;ocean;0
8472;33;27;26;sea;true;ocean;0
8473;72;23;1;sea;true;ocean;0
8474;9;52;30;sea;true;ocean;0
8475;7;12;53;sea;true;ocean;0
8476;84;15;0;sea;true;ocean;0
8477;27;23;33;sea;true;ocean;0
8478;12;10;71;sea;false;ocean;0
8479;49;29;6;sea;true;ocean;0
8480;33;2;17;sea;true;ocean;0
8481;9;9;59;sea;false;ocean;0
8482;20;42;3;sea;true;ocean;0
8483;44;45;4;sea;false;ocean;0
8484;52;15;25;sea;true;ocean;0
8485;38;14;13;sea;true;ocean;0
8486;30;23;12;sea;true;ocean;0
8487;63;8;7;sea;false;ocean;0
8488;73;19;0;sea;true;ocean;0
8489;47;0;8;sea;false;ocean;0
8490;31;24;41;sea;true;ocean;0
8491;3;29;44;sea;true;ocean;0
8492;9;33;38;sea;true;ocean;0
8493;31;9;39;sea;true;ocean;0
8494;48;0;22;sea;true;ocean;0
8495;36;1;6;sea;false;ocean;0
8496;48;17;16;sea;true;ocean;0
8497;10;2;27;sea;false;ocean;0
8498;32;19;27;sea;false;ocean;0
8499;41;14;15;sea;true;ocean;0
8500;22;11;20;sea;false;ocean;0
8501;4;69;11;sea;false;ocean;0
8502;18;48;7;sea;true;ocean;0
8503;8;21;18;sea;false;ocean;0
8504;13;8;42;sea;false;ocean;0
8505;41;33;8;sea;false;ocean;0
8506;11;9;47;sea;false;ocean;0
8507;7;42;3;sea;false;ocean;0
8508;17;13;28;sea;false;ocean;0
8509;35;18;19;sea;false;ocean;0
8510;26;63;8;sea;false;ocean;0
8511;67;16;10;sea;true;ocean;0
8512;13;49;27;sea;false;ocean;0
8513;34;11;16;sea;true;ocean;0
8514;3;41;25;sea;false;ocean;0
8515;33;11;26;sea;true;ocean;0
8516;23;9;39;sea;true;ocean;0
8517;9;10;16;sea;false;ocean;0
8518;0;34;14;sea;true;ocean;0
8519;1;1;63;sea;false;ocean;0
8520;11;13;8;sea;true;ocean;0
8521;28;44;2;sea;true;ocean;0
8522;49;25;18;sea;true;ocean;0
8523;2;59;28;sea;true;ocean;0
8524;60;21;5;sea;false;ocean;0
8525;4;2;15;sea;false;ocean;0
8526;69;0;22;sea;true;ocean;0
8527;54;14;14;sea;false;ocean;0
8528;31;20;6;sea;true;ocean;0
8529;43;30;25;sea;true;ocean;0
8530;20;35;27;sea;true;ocean;0
8531;11;14;1;sea;true;ocean;0
8532;53;3;30;sea;false;ocean;0
8533;16;34;20;sea;true;ocean;0
8534;7;5;5;sea;true;ocean;0
8535;13;57;25;sea;true;ocean;0
8536;35;3;5;sea;false;ocean;0
8537;2;0;52;sea;true;ocean;0
8538;29;24;37;sea;false;ocean;0
8539;20;3;2;sea;true;ocean;0
8540;19;15;1;sea;false;ocean;0
8541;13;14;21;sea;true;ocean;0
8542;6;11;23;sea;true;ocean;0
8543;14;46;9;sea;false;ocean;0
8544;80;9;2;sea;true;ocean;0
8545;26;26;32;sea;true;ocean;0
8546;76;7;2;sea;true;ocean;0
8547;13;40;35;sea;false;ocean;0
8548;14;45;26;sea;false;ocean;0
8549;59;1;27;sea;false;ocean;0
8550;22;13;10;sea;false;ocean;0
8551;25;43;16;sea;true;ocean;0
8552;25;38;30;sea;true;ocean;0
8553;12;24;6;sea;false;ocean;0
8554;4;46;49;sea;true;ocean;0
8555;21;27;13;sea;false;ocean;0
8556;62;19;11;sea;false;ocean;0
8557;5;81;6;sea;true;ocean;0
8558;0;18;42;sea;false;ocean;0
8559;11;27;16;sea;true;ocean;0
8560;59;15;25;sea;true;ocean;0
8561;41;35;3;sea;true;ocean;0
8562;24;58;2;sea;true;ocean;0
8563;23;19;20;sea;true;ocean;0
8564;2;30;19;sea;true;ocean;0
8565;31;17;5;sea;true;ocean;0
8566;21;40;13;sea;true;ocean;0
8567;14;3;71;sea;false;ocean;0
8568;11;31;31;sea;true;ocean;0
8569;40;32;8;sea;true;ocean;0
8570;39;13;25;sea;false;ocean;0
8571;6;43;38;sea;false;ocean;0
8572;30;25;40;sea;true;ocean;0
8573;0;19;45;sea;false;ocean;0
8574;4;79;0;sea;true;ocean;0
8575;7;68;15;sea;false;ocean;0
8576;70;1;28;sea;true;ocean;0
8577;35;9;0;sea;true;ocean;0
8578;9;13;39;sea;false;ocean;0
8579;26;10;41;sea;true;ocean;0
8580;24;40;33;sea;true;ocean;0
8581;34;51;11;sea;true;ocean;0
8582;0;39;43;sea;true;ocean;0
8583;15;2;14;sea;false;ocean;0
8584;10;30;17;sea;true;ocean;0
8585;8;65;18;sea;false;ocean;0
8586;7;25;51;sea;false;ocean;0
8587;55;30;1;sea;false;ocean;0
8588;16;7;11;sea;false;ocean;0
8589;41;19;11;sea;false;ocean;0
8590;56;8;19;sea;false;ocean;0
8591;28;60;5;sea;true;ocean;0
8592;43;19;37;sea;true;ocean;0
8593;53;23;4;sea;true;ocean;0
8594;45;1;1;sea;true;ocean;0
8595;57;20;13;sea;true;ocean;0
8596;31;51;6;sea;true;ocean;0
8597;38;15;29;sea;false;ocean;0
8598;10;45;22;sea;true;ocean;0
8599;31;50;16;sea;false;ocean;0
8600;56;23;2;sea;true;ocean;0
8601;7;10;17;sea;true;ocean;0
8602;44;17;8;sea;true;ocean;0
8603;41;46;12;sea;true;ocean;0
8604;45;29;17;sea;false;ocean;0
8605;17;68;11;sea;true;ocean;0
8606;12;16;43;sea;false;ocean;0
8607;18;1;41;sea;true;ocean;0
8608;32;12;39;sea;true;ocean;0
8609;3;45;41;sea;false;ocean;0
8610;22;46;18;sea;false;ocean;0
8611;53;4;40;sea;true;ocean;0
8612;22;44;30;sea;false;ocean;0
8613;34;3;27;sea;false;ocean;0
8614;26;8;42;sea;true;ocean;0
8615;17;24;53;sea;false;ocean;0
8616;23;49;17;sea;true;ocean;0
8617;2;53;11;sea;true;ocean;0
8618;18;5;48;sea;false;ocean;0
8619;68;8;6;sea;false;ocean;0
8620;17;53;14;sea;true;ocean;0
8621;20;23;25;sea;true;ocean;0
8622;31;5;63;sea;false;ocean;0
8623;61;19;3;sea;false;ocean;0
8624;28;11;2;sea;false;ocean;0
8625;4;18;77;sea;false;ocean;0
8626;5;32;52;sea;false;ocean;0
8627;3;90;1;sea;false;ocean;0
8628;28;52;13;sea;true;ocean;0
8629;13;32;19;sea;true;ocean;0
8630;33;9;28;sea;false;ocean;0
8631;57;4;21;sea;false;ocean;0
8632;35;42;7;sea;false;ocean;0
8633;42;15;35;sea;false;ocean;0
8634;29;0;69;sea;false;ocean;0
8635;5;10;33;sea;false;ocean;0
8636;18;7;21;sea;true;ocean;0
8637;29;18;16;sea;false;ocean;0
8638;15;6;65;sea;false;ocean;0
8639;27;13;9;sea;false;ocean;0
8640;41;50;0;sea;false;ocean;0
8641;4;1;42;sea;false;ocean;0
8642;47;1;48;sea;false;ocean;0
8643;16;42;3;sea;false;ocean;0
8644;56;35;6;sea;false;ocean;0
8645;28;18;45;sea;false;ocean;0
8646;51;11;28;sea;false;ocean;0
8647;21;7;20;sea;false;ocean;0
8648;0;18;50;sea;false;ocean;0
8649;0;36;29;sea;false;ocean;0
8650;44;4;32;sea;true;ocean;0
8651;12;48;22;sea;false;ocean;0
8652;14;21;4;sea;false;ocean;0
8653;14;37;15;sea;false;ocean;0
8654;33;36;8;sea;false;ocean;0
8655;31;46;1;sea;true;ocean;0
8656;40;5;15;sea;false;ocean;0
8657;17;14;8;sea;false;ocean;0
8658;5;4;66;sea;true;ocean;0
8659;77;5;7;sea;false;ocean;0
8660;31;1;53;sea;false;ocean;0
8661;22;63;10;sea;false;ocean;0
8662;20;35;5;sea;false;ocean;0
8663;22;20;56;sea;false;ocean;0
8664;44;5;35;sea;false;ocean;0
8665;14;4;52;sea;false;ocean;0
8666;25;13;3;sea;false;ocean;0
8667;3;24;44;sea;false;ocean;0
8668;12;41;18;sea;false;ocean;0
8669;9;2;42;sea;false;ocean;0
8670;35;7;40;sea;false;ocean;0
8671;63;5;5;sea;false;ocean;0
